{"type":"FeatureCollection","features":[{"type":"Feature","id":0,"geometry":{"type":"Polygon","coordinates":[[[27.466974,47.19177],[27.471828,47.191397],[27.472744,47.19183],[27.472678,47.192567],[27.469766,47.196624],[27.4673,47.20216],[27.467259,47.202649],[27.468329,47.20403],[27.468298,47.205628],[27.46746,47.205294],[27.465932,47.203788],[27.463903,47.20295],[27.464364,47.201084],[27.466359,47.199287],[27.463536,47.198657],[27.464723,47.19774],[27.466974,47.19177]]]},"properties":{"FID":0,"localId":"RONPA0553","CharacterS":"Decretul nr. 389/1969","text":"Fânețele seculare Valea lui David","Arie":46.986,"Tip_anp":"Rezervațe științifică, monument al naturii și rezervație naturală"}},{"type":"Feature","id":1,"geometry":{"type":"Polygon","coordinates":[[[26.72596,47.502605],[26.719852,47.503572],[26.719405,47.501465],[26.718528,47.500256],[26.718656,47.499598],[26.716749,47.498732],[26.715639,47.49715],[26.717599,47.49637],[26.718916,47.496849],[26.720078,47.496007],[26.721361,47.496051],[26.721768,47.495173],[26.723048,47.494984],[26.723649,47.494559],[26.725393,47.495936],[26.728167,47.49625],[26.729557,47.496864],[26.731146,47.496907],[26.733662,47.497643],[26.733991,47.498729],[26.730477,47.499757],[26.730736,47.500832],[26.731516,47.501587],[26.731464,47.501898],[26.72596,47.502605]]]},"properties":{"FID":1,"localId":"RONPA0554","CharacterS":"Hotărârea Consiliului Județean Iași nr. 8/1994","text":"Fagetul Secular Humosu","Arie":78.953,"Tip_anp":"Rezervațe științifică, monument al naturii și rezervație naturală"}},{"type":"Feature","id":2,"geometry":{"type":"Polygon","coordinates":[[[27.490768,47.147002],[27.490122,47.14746],[27.489347,47.148744],[27.488773,47.148554],[27.488939,47.14785],[27.48434,47.147155],[27.480135,47.147151],[27.480552,47.147402],[27.480093,47.148048],[27.478894,47.14764],[27.479034,47.147418],[27.478419,47.147091],[27.477924,47.147097],[27.477929,47.145826],[27.477334,47.145355],[27.477761,47.144634],[27.477091,47.143975],[27.477607,47.143652],[27.477617,47.142685],[27.479902,47.140835],[27.488023,47.139337],[27.488598,47.138599],[27.489651,47.139035],[27.488878,47.139644],[27.490497,47.1404],[27.491201,47.141142],[27.495764,47.142349],[27.499369,47.142747],[27.498109,47.145415],[27.494949,47.148274],[27.492825,47.147613],[27.49349,47.146787],[27.49123,47.146066],[27.490768,47.147002]]]},"properties":{"FID":2,"localId":"RONPA0555","CharacterS":"Hotărârea Consiliului Județean Iași nr. 8/1994","text":"Pădurea Uricani","Arie":114.017,"Tip_anp":"Rezervație naturală"}},{"type":"Feature","id":3,"geometry":{"type":"Polygon","coordinates":[[[27.408095,47.442079],[27.408038,47.442349],[27.406152,47.442816],[27.404921,47.443861],[27.403801,47.444245],[27.404417,47.443194],[27.403967,47.443108],[27.403572,47.443549],[27.403179,47.442138],[27.401584,47.441895],[27.401907,47.439246],[27.402735,47.436929],[27.405366,47.435764],[27.40555,47.43633],[27.404528,47.437273],[27.405768,47.438979],[27.406279,47.439016],[27.40796,47.437944],[27.408505,47.438169],[27.409658,47.440481],[27.408095,47.442079]]]},"properties":{"FID":3,"localId":"RONPA0556","CharacterS":"Hotărârea Consiliului Județean Iași nr. 8/1994","text":"Pădurea Roșcani","Arie":30.889,"Tip_anp":"Rezervație naturală"}},{"type":"Feature","id":4,"geometry":{"type":"Polygon","coordinates":[[[26.908888,47.36743],[26.904684,47.367411],[26.904235,47.367103],[26.904624,47.366344],[26.90395,47.366203],[26.904046,47.365867],[26.905153,47.366223],[26.907666,47.366085],[26.909347,47.363831],[26.911642,47.362792],[26.909544,47.364641],[26.909688,47.364922],[26.908509,47.366514],[26.908888,47.36743]]]},"properties":{"FID":4,"localId":"RONPA0557","CharacterS":"Hotărârea Consiliului Județean Iași nr. 8/1994","text":"Pădurea Cătălina","Arie":7.489,"Tip_anp":"Rezervațe științifică, monument al naturii și rezervație naturală"}},{"type":"Feature","id":5,"geometry":{"type":"Polygon","coordinates":[[[27.644255,47.090868],[27.643222,47.090634],[27.641574,47.089431],[27.641748,47.088285],[27.642934,47.086683],[27.643509,47.085167],[27.643485,47.084154],[27.644342,47.082967],[27.644387,47.082306],[27.64574,47.081432],[27.646518,47.081587],[27.647805,47.080092],[27.649255,47.079421],[27.651509,47.078851],[27.652071,47.078994],[27.651324,47.079499],[27.649833,47.07964],[27.648479,47.080179],[27.644775,47.083884],[27.64477,47.084835],[27.647731,47.085279],[27.646736,47.08557],[27.646393,47.086376],[27.647035,47.086486],[27.647278,47.087729],[27.645641,47.087965],[27.643829,47.089189],[27.644847,47.08976],[27.644146,47.090332],[27.644255,47.090868]]]},"properties":{"FID":5,"localId":"RONPA0558","CharacterS":"Hotărârea Consiliului Județean Iași nr. 8/1994","text":"Locul fosilifer Dealul Repedea","Arie":22.145,"Tip_anp":"Rezervațe științifică, monument al naturii și rezervație naturală"}},{"type":"Feature","id":6,"geometry":{"type":"Polygon","coordinates":[[[27.987346,46.941619],[27.985475,46.941914],[27.986856,46.93972],[27.989005,46.938802],[27.990985,46.93991],[27.991456,46.93979],[27.992176,46.940687],[27.989037,46.941554],[27.987346,46.941619]]]},"properties":{"FID":6,"localId":"RONPA0559","CharacterS":"Hotărârea Consiliului Județean Iași nr. 8/1994","text":"Bohotin - Pietrosu","Arie":9.492,"Tip_anp":"Rezervațe științifică, monument al naturii și rezervație naturală"}},{"type":"Feature","id":7,"geometry":{"type":"Polygon","coordinates":[[[27.585798,46.987289],[27.583255,46.986903],[27.58341,46.985687],[27.585537,46.984658],[27.585745,46.9849],[27.585315,46.985311],[27.586225,46.985702],[27.585855,46.986027],[27.585954,46.986566],[27.585539,46.986678],[27.585798,46.987289]]]},"properties":{"FID":7,"localId":"RONPA0560","CharacterS":"Hotărârea Consiliului Județean Iași nr. 8/1994","text":"Poiana cu Schit","Arie":4.31,"Tip_anp":"Rezervațe științifică, monument al naturii și rezervație naturală"}},{"type":"Feature","id":8,"geometry":{"type":"Polygon","coordinates":[[[27.691461,47.05067],[27.690053,47.051197],[27.689666,47.05103],[27.68969,47.050467],[27.688763,47.05064],[27.688926,47.049401],[27.690508,47.047642],[27.693405,47.047504],[27.693423,47.047864],[27.693953,47.048038],[27.69284,47.049081],[27.692415,47.049998],[27.691461,47.05067]]]},"properties":{"FID":8,"localId":"RONPA0561","CharacterS":"Hotărârea Consiliului Județean Iași nr. 8/1994","text":"Poieni - Cărbunăriei","Arie":9.847,"Tip_anp":"Rezervațe științifică, monument al naturii și rezervație naturală"}},{"type":"Feature","id":9,"geometry":{"type":"Polygon","coordinates":[[[27.306797,47.053214],[27.305447,47.050793],[27.303977,47.049887],[27.302739,47.048269],[27.30279,47.045349],[27.302428,47.044205],[27.301821,47.043678],[27.314053,47.042969],[27.315802,47.046186],[27.315833,47.047974],[27.316657,47.048737],[27.316483,47.049297],[27.318072,47.050999],[27.318129,47.051574],[27.317426,47.051961],[27.317346,47.052537],[27.307942,47.054959],[27.307299,47.053564],[27.306797,47.053214]]]},"properties":{"FID":9,"localId":"RONPA0562","CharacterS":"Hotărârea Consiliului Județean Iași nr. 8/1994","text":"Pădurea Frumușica","Arie":109.449,"Tip_anp":"Rezervațe științifică, monument al naturii și rezervație naturală"}},{"type":"Feature","id":10,"geometry":{"type":"Polygon","coordinates":[[[26.618259,47.316837],[26.615674,47.318009],[26.612614,47.318556],[26.611482,47.318466],[26.612456,47.31472],[26.613569,47.312768],[26.619309,47.308272],[26.621504,47.306065],[26.623859,47.307103],[26.621467,47.309851],[26.62021,47.312288],[26.619653,47.315148],[26.61914,47.316144],[26.619475,47.316919],[26.618259,47.316837]]]},"properties":{"FID":10,"localId":"RONPA0563","CharacterS":"Hotărârea Consiliului Județean Iași nr. 8/1994","text":"Pădurea Tătăruși","Arie":53.154,"Tip_anp":"Rezervație naturală"}},{"type":"Feature","id":11,"geometry":{"type":"Polygon","coordinates":[[[27.670906,47.008787],[27.670009,47.008318],[27.672667,47.006146],[27.671874,47.005084],[27.671357,47.003574],[27.672486,47.001881],[27.672912,47.000597],[27.671078,46.999435],[27.671689,46.999122],[27.672598,46.997578],[27.674392,46.996521],[27.675131,46.995356],[27.676184,46.994685],[27.679798,46.997032],[27.679432,46.997465],[27.682423,46.99794],[27.683525,46.997713],[27.68358,46.998245],[27.68174,46.999651],[27.681604,47.000154],[27.680686,47.000225],[27.679007,47.001603],[27.678105,47.001927],[27.67836,47.002478],[27.67788,47.002827],[27.677844,47.004373],[27.672358,47.008174],[27.670906,47.008787]]]},"properties":{"FID":11,"localId":"RONPA0564","CharacterS":"Hotărârea Consiliului Județean Iași nr. 8/1994","text":"Pietrosu","Arie":66.516,"Tip_anp":"Rezervațe științifică, monument al naturii și rezervație naturală"}},{"type":"Feature","id":12,"geometry":{"type":"Polygon","coordinates":[[[27.674222,47.246614],[27.6739,47.247347],[27.67277,47.246587],[27.670362,47.24669],[27.669776,47.247018],[27.667987,47.246968],[27.667822,47.246593],[27.672426,47.243539],[27.67316,47.243693],[27.673604,47.244149],[27.673789,47.244621],[27.673206,47.245659],[27.674222,47.246614]]]},"properties":{"FID":12,"localId":"RONPA0565","CharacterS":"Hotărârea Consiliului Județean Iași nr. 8/1994","text":"Pădurea Icușeni","Arie":9.861,"Tip_anp":"Rezervațe științifică, monument al naturii și rezervație naturală"}},{"type":"Feature","id":13,"geometry":{"type":"Polygon","coordinates":[[[26.871887,47.088082],[26.871641,47.08834],[26.872024,47.088989],[26.871273,47.089859],[26.868256,47.088133],[26.868719,47.0876],[26.869812,47.087882],[26.870376,47.0874],[26.870067,47.086894],[26.870344,47.085522],[26.870704,47.085141],[26.870094,47.083086],[26.870385,47.082386],[26.871493,47.081464],[26.87253,47.081376],[26.873238,47.081696],[26.87323,47.082208],[26.87435,47.08217],[26.874353,47.082675],[26.875108,47.082615],[26.878348,47.084644],[26.878002,47.085322],[26.877143,47.085285],[26.874285,47.087125],[26.873218,47.087404],[26.872947,47.087978],[26.871887,47.088082]]]},"properties":{"FID":13,"localId":"RONPA0566","CharacterS":"Hotărârea Consiliului Județean Iași nr. 8/1994","text":"Lunca Mircești","Arie":32.782,"Tip_anp":"Rezervație naturală"}},{"type":"Feature","id":14,"geometry":{"type":"Polygon","coordinates":[[[26.913568,47.298302],[26.912012,47.298137],[26.911263,47.297649],[26.912944,47.296902],[26.912793,47.296582],[26.913186,47.296427],[26.913572,47.29564],[26.915613,47.296196],[26.915274,47.297855],[26.913568,47.298302]]]},"properties":{"FID":14,"localId":"RONPA0567","CharacterS":"Hotărârea Consiliului Județean Iași nr. 8/1994","text":"Punctul fosilifer Baiceni","Arie":5.688,"Tip_anp":"Rezervațe științifică, monument al naturii și rezervație naturală"}},{"type":"Feature","id":15,"geometry":{"type":"Polygon","coordinates":[[[27.37782,47.225677],[27.376935,47.22929],[27.375753,47.229183],[27.376528,47.225849],[27.375405,47.221056],[27.376475,47.214941],[27.376808,47.204509],[27.377271,47.204323],[27.377339,47.206662],[27.377614,47.206656],[27.377805,47.208055],[27.377611,47.215465],[27.376703,47.219424],[27.376621,47.221227],[27.377397,47.224397],[27.378003,47.225308],[27.37782,47.225677]]]},"properties":{"FID":15,"localId":"RONPA0568","CharacterS":"Hotărârea Consiliului Județean Iași nr. 8/1994","text":"Sărăturile din Valea Ilenei","Arie":21.958,"Tip_anp":"Rezervație naturală"}},{"type":"Feature","id":16,"geometry":{"type":"Polygon","coordinates":[[[27.556578,47.395995],[27.555822,47.396517],[27.554422,47.39674],[27.553014,47.396002],[27.552177,47.393473],[27.551082,47.391702],[27.550455,47.388927],[27.549726,47.387389],[27.550369,47.383355],[27.551458,47.382127],[27.552696,47.381644],[27.561621,47.381707],[27.562553,47.382112],[27.562834,47.383294],[27.562283,47.384338],[27.561204,47.385078],[27.560725,47.386479],[27.561797,47.387431],[27.563366,47.388219],[27.563617,47.388841],[27.560609,47.387793],[27.559898,47.387221],[27.559353,47.386176],[27.559575,47.384786],[27.561597,47.38382],[27.56192,47.383271],[27.56162,47.382861],[27.56012,47.382373],[27.556221,47.382709],[27.552996,47.382462],[27.551619,47.383781],[27.551101,47.385335],[27.551031,47.386781],[27.551782,47.38874],[27.552239,47.391172],[27.553517,47.393175],[27.553803,47.395169],[27.554687,47.395506],[27.554809,47.395838],[27.556578,47.395995]]]},"properties":{"FID":16,"localId":"RONPA0569","CharacterS":"Hotărârea Consiliului Județean Iași nr. 8/1994","text":"Prutețul Bălălău","Arie":33.066,"Tip_anp":"Rezervațe științifică, monument al naturii și rezervație naturală"}},{"type":"Feature","id":17,"geometry":{"type":"MultiPolygon","coordinates":[[[[27.551719,47.325442],[27.549953,47.325731],[27.550033,47.325255],[27.549332,47.3247],[27.550111,47.32493],[27.550478,47.325463],[27.552052,47.325042],[27.554657,47.322703],[27.554921,47.321828],[27.5503,47.320923],[27.549452,47.319751],[27.550528,47.318662],[27.550652,47.317583],[27.548336,47.316504],[27.549277,47.316417],[27.551175,47.317423],[27.551789,47.317319],[27.552624,47.31662],[27.552245,47.3172],[27.552716,47.317601],[27.552398,47.317751],[27.552142,47.317365],[27.551402,47.317893],[27.550957,47.318891],[27.550069,47.31971],[27.550106,47.320146],[27.550936,47.320872],[27.55322,47.321008],[27.555025,47.32152],[27.555376,47.321948],[27.55518,47.322555],[27.553634,47.324297],[27.551719,47.325442]]],[[[27.570401,47.327994],[27.569795,47.328316],[27.568852,47.328053],[27.566571,47.324921],[27.564858,47.323228],[27.563449,47.322681],[27.563054,47.32198],[27.563406,47.321582],[27.564897,47.321272],[27.568325,47.321208],[27.571379,47.321744],[27.57192,47.321551],[27.572003,47.321185],[27.570982,47.320057],[27.567211,47.318861],[27.565954,47.316274],[27.563941,47.314018],[27.564395,47.313991],[27.565864,47.315342],[27.567888,47.318637],[27.571625,47.319697],[27.572681,47.321124],[27.572506,47.321778],[27.571473,47.322226],[27.567304,47.321613],[27.563759,47.321994],[27.566376,47.32396],[27.56941,47.327725],[27.569961,47.327681],[27.570602,47.326139],[27.571674,47.325139],[27.576458,47.323531],[27.579337,47.323293],[27.580671,47.323825],[27.581718,47.324961],[27.581007,47.325384],[27.580577,47.324465],[27.579227,47.323771],[27.575978,47.324185],[27.571867,47.325556],[27.571063,47.326374],[27.570401,47.327994]]]]},"properties":{"FID":17,"localId":"RONPA0570","CharacterS":"Hotărârea Consiliului Județean Iași nr. 8/1994","text":"Teiva - Vișina","Arie":25.546,"Tip_anp":"Rezervațe științifică, monument al naturii și rezervație naturală"}},{"type":"Feature","id":18,"geometry":{"type":"MultiPolygon","coordinates":[[[[27.750629,47.249398],[27.74962,47.249744],[27.748232,47.249477],[27.747346,47.248303],[27.7447,47.246892],[27.744122,47.24483],[27.744818,47.244895],[27.745248,47.246051],[27.747179,47.247584],[27.748662,47.249288],[27.750141,47.249116],[27.750513,47.248146],[27.751403,47.248435],[27.750629,47.249398]]],[[[27.756901,47.250218],[27.755345,47.251559],[27.75546,47.250517],[27.75588,47.249887],[27.756901,47.250218]]],[[[27.748446,47.258214],[27.746895,47.258451],[27.743664,47.257943],[27.742583,47.257641],[27.74178,47.256984],[27.741377,47.256086],[27.741473,47.254332],[27.742247,47.252616],[27.743765,47.250863],[27.745531,47.250678],[27.746836,47.251028],[27.747329,47.251542],[27.747268,47.252767],[27.74857,47.253341],[27.751742,47.253585],[27.753436,47.253025],[27.7515,47.254512],[27.74707,47.253264],[27.746856,47.251695],[27.746424,47.251248],[27.745244,47.251127],[27.743876,47.251812],[27.743118,47.252813],[27.742177,47.255176],[27.742001,47.256386],[27.742211,47.256738],[27.743531,47.257526],[27.746749,47.25813],[27.749168,47.257548],[27.750299,47.257798],[27.748446,47.258214]]],[[[27.75708,47.259298],[27.747084,47.262778],[27.746691,47.262526],[27.749292,47.261398],[27.756397,47.259147],[27.75708,47.259298]]]]},"properties":{"FID":18,"localId":"RONPA0571","CharacterS":"Hotărârea Consiliului Județean Iași nr. 8/1994","text":"Cotul Bran pe Râul Prut","Arie":43.602,"Tip_anp":"Rezervațe științifică, monument al naturii și rezervație naturală"}},{"type":"Feature","id":19,"geometry":{"type":"Polygon","coordinates":[[[28.039945,47.023771],[28.034029,47.025698],[28.027062,47.026446],[28.02609,47.027379],[28.02461,47.026601],[28.024865,47.026055],[28.02545,47.025823],[28.029947,47.025781],[28.032919,47.025325],[28.03803,47.024018],[28.039895,47.022988],[28.039945,47.023771]]]},"properties":{"FID":19,"localId":"RONPA0572","CharacterS":"Hotărârea Consiliului Județean Iași nr. 8/1994","text":"Cotul Sălăgeni","Arie":9.331,"Tip_anp":"Rezervațe științifică, monument al naturii și rezervație naturală"}},{"type":"Feature","id":20,"geometry":{"type":"MultiPolygon","coordinates":[[[[28.110008,46.919048],[28.10716,46.917158],[28.104666,46.914452],[28.101754,46.914878],[28.096954,46.914244],[28.094171,46.911469],[28.092649,46.91058],[28.091482,46.910584],[28.089749,46.911101],[28.087738,46.910887],[28.081735,46.905361],[28.081324,46.904382],[28.08199,46.903474],[28.081785,46.902769],[28.082322,46.901899],[28.081228,46.900501],[28.080534,46.900173],[28.081163,46.899107],[28.080766,46.898544],[28.081532,46.897295],[28.084093,46.895066],[28.085053,46.89493],[28.084777,46.893621],[28.085568,46.892473],[28.08582,46.889826],[28.086106,46.889429],[28.087762,46.888033],[28.08989,46.88716],[28.091619,46.887061],[28.096277,46.887929],[28.097062,46.887698],[28.10159,46.884849],[28.104857,46.87885],[28.104856,46.878226],[28.104088,46.877654],[28.098974,46.875744],[28.095022,46.870591],[28.09713,46.869712],[28.097219,46.869129],[28.096762,46.868825],[28.096856,46.868347],[28.099148,46.868217],[28.099559,46.867727],[28.100724,46.867909],[28.10789,46.861452],[28.108909,46.860966],[28.111505,46.858803],[28.113343,46.856279],[28.114146,46.855668],[28.11501,46.852594],[28.116483,46.851517],[28.110347,46.847125],[28.109867,46.846307],[28.107382,46.846077],[28.107434,46.844431],[28.106151,46.842374],[28.107324,46.841796],[28.107601,46.842919],[28.109261,46.844351],[28.11012,46.844143],[28.110938,46.842522],[28.11382,46.842179],[28.114196,46.842752],[28.114945,46.846561],[28.116521,46.848416],[28.117935,46.849442],[28.119403,46.849984],[28.121056,46.848552],[28.123843,46.847862],[28.124744,46.849844],[28.125865,46.850892],[28.126181,46.852277],[28.123345,46.852952],[28.120872,46.852539],[28.119203,46.852599],[28.117213,46.853833],[28.117269,46.854914],[28.11949,46.85542],[28.121217,46.858079],[28.116126,46.859975],[28.113499,46.861369],[28.110565,46.863175],[28.107577,46.865746],[28.107746,46.866606],[28.109534,46.86752],[28.111022,46.869908],[28.102717,46.869537],[28.098733,46.869815],[28.098249,46.870384],[28.098291,46.871115],[28.09896,46.872233],[28.101571,46.873795],[28.103758,46.874031],[28.105463,46.873313],[28.112158,46.875901],[28.113005,46.876855],[28.113847,46.877242],[28.116436,46.877555],[28.117557,46.877988],[28.115784,46.88051],[28.112786,46.881579],[28.112304,46.882363],[28.112296,46.883728],[28.11311,46.885593],[28.113364,46.893128],[28.111498,46.895215],[28.110523,46.895593],[28.109512,46.895393],[28.109244,46.894566],[28.110063,46.890368],[28.109596,46.889455],[28.108488,46.889005],[28.107565,46.889524],[28.10606,46.892432],[28.10321,46.895758],[28.102321,46.895731],[28.097619,46.892148],[28.096808,46.891913],[28.095858,46.892302],[28.095329,46.894812],[28.094332,46.895966],[28.089312,46.896084],[28.087249,46.895023],[28.085989,46.894973],[28.085394,46.895477],[28.085504,46.896564],[28.086459,46.897963],[28.087303,46.89849],[28.087984,46.900108],[28.084826,46.900815],[28.083425,46.901709],[28.082954,46.902674],[28.083085,46.903205],[28.08506,46.905336],[28.085922,46.907015],[28.087034,46.907733],[28.088104,46.907391],[28.09048,46.905689],[28.091778,46.905258],[28.095136,46.90563],[28.095569,46.906021],[28.095332,46.9065],[28.093396,46.908851],[28.093816,46.909799],[28.095612,46.91052],[28.097813,46.910699],[28.09904,46.910512],[28.099926,46.909953],[28.110008,46.919048]]],[[[28.111914,46.920766],[28.11054,46.921181],[28.111324,46.920879],[28.109935,46.919176],[28.111914,46.920766]]],[[[28.105703,46.923973],[28.105941,46.92383],[28.106004,46.923817],[28.105703,46.923973]]],[[[28.087479,46.934791],[28.089172,46.935452],[28.086632,46.935964],[28.086606,46.935091],[28.087479,46.934791]]],[[[28.078814,46.984919],[28.078102,46.985096],[28.077577,46.985943],[28.078544,46.987154],[28.077092,46.98624],[28.077639,46.985079],[28.077408,46.98495],[28.077847,46.984435],[28.079791,46.98402],[28.080391,46.982977],[28.081479,46.982042],[28.086011,46.980497],[28.083275,46.979598],[28.082951,46.979958],[28.082348,46.979812],[28.082481,46.979478],[28.082977,46.979565],[28.083348,46.978731],[28.082595,46.978546],[28.083598,46.975015],[28.082278,46.971011],[28.077209,46.966653],[28.075255,46.964342],[28.075281,46.963824],[28.076896,46.961102],[28.081677,46.954625],[28.08298,46.953167],[28.085061,46.951808],[28.088837,46.94712],[28.091314,46.946659],[28.093001,46.947382],[28.094227,46.946637],[28.094947,46.945609],[28.094576,46.944471],[28.093229,46.944494],[28.090679,46.943866],[28.089783,46.943158],[28.087176,46.942056],[28.086912,46.94148],[28.08705,46.940583],[28.08783,46.939283],[28.086925,46.939161],[28.086999,46.938672],[28.086127,46.938626],[28.085386,46.939339],[28.082803,46.940732],[28.079962,46.939157],[28.079499,46.938566],[28.079528,46.93792],[28.081846,46.934603],[28.083333,46.933543],[28.090746,46.932493],[28.09163,46.932807],[28.093795,46.932367],[28.094708,46.932551],[28.095084,46.932273],[28.095062,46.933071],[28.09601,46.93319],[28.102133,46.931964],[28.103084,46.931034],[28.09882,46.930782],[28.095832,46.929345],[28.095733,46.928526],[28.096635,46.92759],[28.099064,46.926253],[28.101242,46.925781],[28.102201,46.92521],[28.101788,46.925018],[28.102003,46.924866],[28.102871,46.92498],[28.105645,46.924002],[28.101551,46.926116],[28.097829,46.927494],[28.096076,46.92869],[28.096504,46.929411],[28.099987,46.930755],[28.101481,46.930266],[28.101738,46.929764],[28.101348,46.92893],[28.104738,46.929274],[28.104719,46.931747],[28.103782,46.93229],[28.099067,46.933357],[28.084442,46.93397],[28.082894,46.935059],[28.081144,46.93713],[28.081371,46.938165],[28.083609,46.939207],[28.085004,46.939177],[28.086107,46.937938],[28.089098,46.938862],[28.088267,46.939541],[28.087455,46.941158],[28.087434,46.941722],[28.087953,46.942045],[28.088789,46.941732],[28.089831,46.940299],[28.091443,46.939586],[28.096422,46.941123],[28.098174,46.949133],[28.097435,46.949811],[28.09342,46.949144],[28.09181,46.947024],[28.090943,46.946848],[28.090188,46.947189],[28.089556,46.948666],[28.089708,46.9498],[28.090098,46.950833],[28.091425,46.952289],[28.093191,46.956648],[28.088462,46.955945],[28.086439,46.956145],[28.08451,46.956817],[28.081006,46.959071],[28.079045,46.96138],[28.078338,46.962784],[28.07909,46.964015],[28.080309,46.964697],[28.085072,46.969231],[28.084393,46.970915],[28.084597,46.971694],[28.085326,46.97255],[28.08727,46.9737],[28.090155,46.97407],[28.095592,46.979243],[28.089968,46.980859],[28.088605,46.981819],[28.087431,46.98343],[28.083236,46.98506],[28.078814,46.984919]]],[[[28.037447,47.028895],[28.035653,47.029711],[28.037585,47.028543],[28.038437,47.027615],[28.038992,47.02596],[28.039779,47.025044],[28.040012,47.023623],[28.039774,47.022018],[28.040612,47.020607],[28.04149,47.020069],[28.043389,47.01988],[28.04427,47.020274],[28.045227,47.021351],[28.045718,47.022956],[28.046689,47.02272],[28.047323,47.022988],[28.047692,47.022349],[28.048273,47.022417],[28.05008,47.020495],[28.051414,47.01812],[28.051683,47.01624],[28.050915,47.015865],[28.049815,47.016179],[28.048044,47.017864],[28.043803,47.019649],[28.041514,47.019612],[28.039205,47.019033],[28.036572,47.017722],[28.035552,47.016565],[28.032708,47.014593],[28.031195,47.012843],[28.031089,47.011484],[28.032461,47.009864],[28.038513,47.00709],[28.03889,47.007586],[28.039189,47.006842],[28.039974,47.006185],[28.043014,47.005246],[28.044982,47.003321],[28.048069,47.001841],[28.051837,47.000854],[28.054507,46.999262],[28.058413,46.998432],[28.063757,46.996712],[28.074475,46.991768],[28.079279,46.990706],[28.079344,46.991025],[28.077004,46.991331],[28.074405,46.992142],[28.063003,46.997269],[28.058635,46.998677],[28.054594,46.999534],[28.054303,47.000248],[28.055642,47.001359],[28.054358,47.005518],[28.053325,47.006002],[28.051052,47.00461],[28.053542,47.002624],[28.053381,47.001782],[28.05296,47.001463],[28.050348,47.001462],[28.045875,47.003194],[28.043919,47.005212],[28.040734,47.00615],[28.039462,47.007151],[28.039362,47.00766],[28.040251,47.007967],[28.042397,47.00699],[28.043344,47.007495],[28.043458,47.007975],[28.04254,47.009529],[28.039722,47.011945],[28.037081,47.012028],[28.036202,47.011316],[28.036285,47.010425],[28.035832,47.010012],[28.034044,47.010258],[28.032621,47.010924],[28.032133,47.012256],[28.033371,47.014127],[28.03784,47.018132],[28.041088,47.019159],[28.04325,47.01921],[28.045434,47.018606],[28.047667,47.017209],[28.049482,47.015591],[28.053336,47.01422],[28.051119,47.021276],[28.048944,47.024214],[28.045323,47.02361],[28.045178,47.022337],[28.044224,47.020739],[28.043275,47.020154],[28.041707,47.0203],[28.040487,47.021512],[28.040337,47.024036],[28.038745,47.027671],[28.037447,47.028895]]],[[[28.03353,47.030046],[28.034425,47.030109],[28.031063,47.029992],[28.03353,47.030046]]],[[[27.995889,47.028895],[27.995028,47.02908],[27.994422,47.02978],[27.99478,47.031476],[27.99408,47.032943],[27.993577,47.031083],[27.993966,47.029433],[27.993782,47.028955],[27.994673,47.028426],[27.99509,47.027651],[28.003773,47.026217],[28.009358,47.024335],[28.011567,47.023256],[28.01186,47.021878],[28.012471,47.021702],[28.012736,47.021079],[28.017679,47.019597],[28.020157,47.0196],[28.021976,47.022506],[28.02337,47.023081],[28.024752,47.024761],[28.02461,47.026601],[28.02422,47.026396],[28.024402,47.024555],[28.023411,47.023659],[28.021403,47.023117],[28.017507,47.023053],[28.014346,47.023838],[28.00874,47.026167],[28.005879,47.02702],[27.997185,47.028941],[27.995889,47.028895]]],[[[27.895821,47.079028],[27.89499,47.078433],[27.895775,47.077478],[27.895625,47.075615],[27.896619,47.073483],[27.898644,47.071972],[27.896688,47.07025],[27.895759,47.070295],[27.898053,47.066717],[27.896989,47.06587],[27.900075,47.06419],[27.904643,47.061073],[27.909202,47.059554],[27.918231,47.053603],[27.919816,47.053448],[27.91974,47.054038],[27.920369,47.054753],[27.920344,47.05559],[27.92168,47.056828],[27.920703,47.058304],[27.923339,47.058912],[27.923988,47.059383],[27.928265,47.057288],[27.930622,47.056943],[27.932559,47.05763],[27.933463,47.059271],[27.934665,47.060042],[27.941709,47.059817],[27.94427,47.058845],[27.945038,47.057595],[27.944975,47.056338],[27.942298,47.051633],[27.942238,47.050477],[27.942647,47.049591],[27.957635,47.040603],[27.960619,47.039995],[27.971424,47.040832],[27.973736,47.039602],[27.976501,47.036677],[27.979214,47.03457],[27.985266,47.033144],[27.986081,47.033104],[27.98747,47.033776],[27.987715,47.035342],[27.988434,47.036157],[27.992412,47.036438],[27.991691,47.037931],[27.988298,47.037328],[27.987249,47.036107],[27.986997,47.034751],[27.986409,47.034408],[27.984075,47.034518],[27.981007,47.035428],[27.978283,47.037091],[27.976836,47.038764],[27.976222,47.040648],[27.971213,47.044795],[27.968463,47.044668],[27.963237,47.043559],[27.961218,47.04271],[27.960747,47.041224],[27.959705,47.041168],[27.958515,47.042425],[27.958057,47.045896],[27.958876,47.0467],[27.960239,47.046645],[27.961635,47.049452],[27.958998,47.04886],[27.955345,47.047487],[27.951648,47.046864],[27.948646,47.047785],[27.946239,47.049604],[27.944477,47.049782],[27.944053,47.050609],[27.944591,47.051925],[27.946782,47.053087],[27.947279,47.053955],[27.95006,47.054168],[27.952056,47.054828],[27.95387,47.054459],[27.958651,47.054825],[27.957419,47.058132],[27.950098,47.059891],[27.94692,47.05989],[27.945313,47.060261],[27.943866,47.061461],[27.941857,47.06482],[27.939542,47.065789],[27.939407,47.063884],[27.938246,47.062763],[27.936117,47.062085],[27.933026,47.061919],[27.93079,47.062403],[27.928646,47.063626],[27.918041,47.067073],[27.916403,47.066966],[27.915391,47.067934],[27.913965,47.068397],[27.904383,47.076745],[27.903498,47.076177],[27.90239,47.074732],[27.900622,47.073635],[27.897938,47.073083],[27.897165,47.073803],[27.89698,47.074907],[27.896404,47.074706],[27.895821,47.079028]]],[[[27.895023,47.084939],[27.89434,47.085952],[27.892805,47.086674],[27.894431,47.084554],[27.895313,47.082794],[27.895023,47.084939]]],[[[27.884196,47.089913],[27.882829,47.090065],[27.880624,47.09095],[27.87978,47.091704],[27.879596,47.092881],[27.879004,47.093158],[27.878807,47.092555],[27.879373,47.091279],[27.881606,47.089837],[27.884054,47.089285],[27.886257,47.089751],[27.885639,47.090041],[27.884196,47.089913]]],[[[27.830446,47.117057],[27.829117,47.118177],[27.827745,47.120173],[27.82559,47.121981],[27.825767,47.122689],[27.827237,47.123638],[27.827153,47.12397],[27.828568,47.12453],[27.826025,47.123901],[27.824152,47.122925],[27.823957,47.122669],[27.824236,47.121778],[27.826432,47.119248],[27.827451,47.11744],[27.827395,47.116843],[27.826143,47.116886],[27.826089,47.116208],[27.828405,47.115849],[27.832934,47.113831],[27.836486,47.11346],[27.841966,47.110489],[27.845632,47.109373],[27.846419,47.10756],[27.847668,47.106688],[27.849012,47.106382],[27.853293,47.106873],[27.854098,47.106239],[27.854637,47.104766],[27.857214,47.104008],[27.859242,47.102632],[27.864394,47.102831],[27.865761,47.103813],[27.86701,47.102095],[27.868796,47.101771],[27.869381,47.101914],[27.870297,47.102783],[27.871241,47.102877],[27.873607,47.101836],[27.877412,47.100755],[27.880342,47.099084],[27.882161,47.098855],[27.881918,47.098673],[27.882444,47.098665],[27.882873,47.098184],[27.880551,47.095696],[27.879102,47.093419],[27.883199,47.098511],[27.879466,47.100061],[27.873285,47.103339],[27.870549,47.103267],[27.868715,47.102115],[27.867674,47.102188],[27.866919,47.102663],[27.866786,47.103649],[27.867959,47.104512],[27.872145,47.104564],[27.874036,47.10815],[27.872186,47.108206],[27.863514,47.106515],[27.864473,47.104686],[27.864194,47.104129],[27.862845,47.103542],[27.860128,47.103439],[27.856959,47.10497],[27.854284,47.107673],[27.854311,47.10898],[27.855912,47.110449],[27.855074,47.11301],[27.84872,47.113212],[27.840509,47.114737],[27.836123,47.114868],[27.832293,47.115974],[27.830446,47.117057]]],[[[27.846972,47.132739],[27.846541,47.132998],[27.842538,47.133323],[27.842109,47.132981],[27.84311,47.131981],[27.844747,47.132684],[27.845601,47.132398],[27.847467,47.13095],[27.848495,47.129713],[27.848322,47.128912],[27.847421,47.127707],[27.845349,47.12627],[27.845029,47.126235],[27.844279,47.126983],[27.843434,47.128419],[27.842108,47.129636],[27.840097,47.130453],[27.838682,47.130562],[27.837605,47.130099],[27.836865,47.127816],[27.837549,47.128087],[27.837594,47.128912],[27.838147,47.129824],[27.838987,47.130126],[27.840241,47.12994],[27.841978,47.129078],[27.843594,47.127091],[27.843986,47.125637],[27.843898,47.124167],[27.848574,47.123905],[27.851686,47.126992],[27.851705,47.127668],[27.850017,47.130679],[27.846972,47.132739]]],[[[27.799346,47.1832],[27.798274,47.181518],[27.797647,47.181425],[27.797106,47.180186],[27.789881,47.181196],[27.789757,47.181932],[27.789367,47.182035],[27.786075,47.181773],[27.786635,47.177699],[27.79032,47.171418],[27.793144,47.170187],[27.798938,47.166121],[27.799766,47.165359],[27.799967,47.164487],[27.79949,47.162901],[27.797508,47.161468],[27.7968,47.160527],[27.796424,47.15775],[27.792782,47.155693],[27.789605,47.155067],[27.787023,47.153527],[27.787048,47.153162],[27.786616,47.153195],[27.786067,47.152734],[27.786079,47.152353],[27.784345,47.151893],[27.783733,47.152194],[27.783506,47.152012],[27.783997,47.15157],[27.783881,47.151193],[27.780022,47.143709],[27.779955,47.142944],[27.780359,47.142164],[27.783082,47.14028],[27.788011,47.139493],[27.796929,47.137479],[27.797586,47.137593],[27.79756,47.137383],[27.798357,47.137281],[27.798613,47.137718],[27.801339,47.137228],[27.804924,47.137359],[27.808635,47.137055],[27.813037,47.137524],[27.818546,47.135727],[27.822879,47.134722],[27.825103,47.135144],[27.827378,47.136777],[27.828539,47.135774],[27.828904,47.134343],[27.830767,47.132913],[27.833813,47.13261],[27.83653,47.132949],[27.838793,47.133628],[27.837711,47.133716],[27.833419,47.132976],[27.83096,47.13333],[27.829193,47.134738],[27.829196,47.135719],[27.829599,47.136173],[27.828718,47.138373],[27.824955,47.135562],[27.822476,47.13517],[27.82023,47.135847],[27.817473,47.137754],[27.814085,47.138296],[27.807054,47.137658],[27.801326,47.137818],[27.792156,47.140027],[27.784222,47.140696],[27.782682,47.141326],[27.780998,47.142665],[27.780731,47.143524],[27.781153,47.144302],[27.783688,47.144822],[27.789137,47.143668],[27.799151,47.143997],[27.795384,47.148881],[27.792193,47.149188],[27.789708,47.147442],[27.787321,47.146798],[27.784804,47.147669],[27.784207,47.148851],[27.784327,47.149947],[27.784004,47.149978],[27.784373,47.150041],[27.785276,47.151272],[27.787269,47.153049],[27.789103,47.153852],[27.79636,47.153451],[27.797492,47.153097],[27.798242,47.1524],[27.800764,47.152829],[27.801418,47.15353],[27.801196,47.155194],[27.802444,47.157216],[27.809157,47.161836],[27.811099,47.163918],[27.807123,47.165841],[27.803488,47.166716],[27.800049,47.168491],[27.797461,47.169282],[27.796414,47.170295],[27.795947,47.172202],[27.796722,47.174596],[27.796656,47.176598],[27.799346,47.1832]]],[[[27.793657,47.18774],[27.788298,47.189035],[27.7869,47.190053],[27.786254,47.19131],[27.786592,47.194206],[27.786191,47.195503],[27.786256,47.197403],[27.787721,47.20243],[27.789016,47.204363],[27.789077,47.204931],[27.787601,47.20332],[27.786856,47.201863],[27.786477,47.200481],[27.786616,47.199876],[27.785516,47.198037],[27.784486,47.194074],[27.785446,47.19114],[27.786145,47.190045],[27.789356,47.188173],[27.791532,47.187474],[27.793968,47.187252],[27.797421,47.187855],[27.801203,47.190032],[27.802041,47.189813],[27.802414,47.190727],[27.800998,47.190597],[27.797042,47.188243],[27.793657,47.18774]]],[[[27.781886,47.212647],[27.777917,47.208868],[27.776385,47.205375],[27.776224,47.20415],[27.776809,47.203561],[27.777981,47.203197],[27.77911,47.203246],[27.781291,47.204076],[27.787266,47.207559],[27.788482,47.207792],[27.789355,47.207487],[27.789417,47.208059],[27.788595,47.208254],[27.785789,47.207612],[27.780119,47.20409],[27.778533,47.203629],[27.777499,47.203906],[27.776895,47.204764],[27.77697,47.20541],[27.778517,47.208373],[27.780291,47.210078],[27.781886,47.212647]]],[[[27.705535,47.300144],[27.703995,47.299795],[27.703973,47.294172],[27.706637,47.290691],[27.706665,47.290135],[27.70617,47.289594],[27.703673,47.289352],[27.699739,47.290529],[27.692698,47.291955],[27.691108,47.291958],[27.690647,47.291495],[27.693538,47.291608],[27.699194,47.290385],[27.703693,47.288953],[27.706145,47.289128],[27.706887,47.289781],[27.707028,47.290381],[27.704705,47.294368],[27.704143,47.297588],[27.70428,47.298659],[27.704977,47.299393],[27.706747,47.298555],[27.707061,47.298984],[27.709898,47.297335],[27.711655,47.296821],[27.717391,47.293278],[27.71719,47.292933],[27.719226,47.292505],[27.725017,47.294373],[27.728908,47.293413],[27.731825,47.29214],[27.734293,47.289517],[27.734041,47.289238],[27.735174,47.287733],[27.734983,47.286735],[27.731562,47.284597],[27.732995,47.279759],[27.733112,47.278718],[27.732855,47.278492],[27.734554,47.27394],[27.73446,47.273394],[27.739276,47.271338],[27.741024,47.270133],[27.744678,47.271122],[27.744361,47.270219],[27.744921,47.270206],[27.743658,47.266845],[27.743868,47.264141],[27.740211,47.259826],[27.739539,47.259941],[27.739353,47.258199],[27.739549,47.256409],[27.739982,47.256562],[27.740294,47.257283],[27.740824,47.25746],[27.741185,47.257144],[27.741473,47.254332],[27.742216,47.25267],[27.744232,47.250513],[27.745791,47.24749],[27.744647,47.246824],[27.744089,47.244642],[27.744357,47.24279],[27.745469,47.240961],[27.747009,47.238965],[27.749972,47.237216],[27.753481,47.236824],[27.754661,47.237018],[27.754214,47.234263],[27.753178,47.233043],[27.752986,47.232373],[27.754024,47.230664],[27.755373,47.22981],[27.757054,47.229287],[27.76061,47.229365],[27.765658,47.230503],[27.772607,47.230762],[27.773337,47.229953],[27.770491,47.226118],[27.769577,47.225529],[27.768329,47.223782],[27.769056,47.221299],[27.769685,47.220721],[27.771041,47.220436],[27.775172,47.220305],[27.780347,47.219462],[27.781095,47.218867],[27.783488,47.215228],[27.785715,47.218816],[27.778485,47.220866],[27.775789,47.220698],[27.771338,47.220956],[27.770093,47.221187],[27.769516,47.221627],[27.769311,47.222355],[27.770639,47.223091],[27.77438,47.23103],[27.76614,47.231391],[27.759661,47.229876],[27.755848,47.230127],[27.754467,47.23089],[27.753963,47.232225],[27.755507,47.235078],[27.757402,47.23645],[27.758323,47.239594],[27.757088,47.239941],[27.75557,47.238374],[27.754324,47.237628],[27.752103,47.237743],[27.749825,47.238412],[27.74654,47.240957],[27.745621,47.242029],[27.744742,47.244306],[27.745157,47.24591],[27.748662,47.249288],[27.750141,47.249116],[27.750513,47.248146],[27.756876,47.250382],[27.7515,47.254512],[27.74707,47.253264],[27.746856,47.251695],[27.746424,47.251248],[27.745543,47.251084],[27.744333,47.251412],[27.74275,47.253545],[27.742051,47.255629],[27.742102,47.256582],[27.743531,47.257526],[27.74557,47.257975],[27.747837,47.258069],[27.749168,47.257548],[27.75708,47.259298],[27.748975,47.261941],[27.745915,47.263377],[27.744785,47.264403],[27.744383,47.265262],[27.744362,47.266736],[27.747314,47.276021],[27.741932,47.276382],[27.738982,47.275235],[27.737712,47.275723],[27.737502,47.276474],[27.737898,47.277802],[27.737759,47.285483],[27.735721,47.288757],[27.732998,47.291988],[27.728402,47.29513],[27.726799,47.295517],[27.724548,47.295037],[27.72101,47.293548],[27.719163,47.293481],[27.717571,47.294319],[27.713447,47.298423],[27.705535,47.300144]]],[[[27.663499,47.308157],[27.66221,47.308034],[27.661636,47.304989],[27.660306,47.304205],[27.658271,47.30478],[27.656199,47.307133],[27.654998,47.307722],[27.653223,47.308014],[27.650363,47.307883],[27.648644,47.307668],[27.648423,47.307381],[27.652187,47.307671],[27.654722,47.307399],[27.656001,47.306728],[27.65819,47.304355],[27.660591,47.303836],[27.662139,47.30497],[27.662161,47.306454],[27.662609,47.307878],[27.663402,47.307993],[27.664237,47.307544],[27.663499,47.308157]]],[[[27.679589,47.299706],[27.680593,47.305281],[27.679611,47.309246],[27.675942,47.310164],[27.674704,47.309782],[27.674604,47.308407],[27.676481,47.305907],[27.676739,47.304267],[27.676432,47.301891],[27.675991,47.300939],[27.674829,47.299829],[27.673534,47.299316],[27.671267,47.299568],[27.669828,47.300329],[27.668089,47.302546],[27.666473,47.305686],[27.665195,47.306748],[27.668175,47.301468],[27.669155,47.300371],[27.670576,47.299425],[27.67343,47.298868],[27.674702,47.299367],[27.675842,47.298886],[27.678782,47.299549],[27.679278,47.297858],[27.67982,47.29718],[27.681412,47.296455],[27.681836,47.294684],[27.682545,47.294264],[27.682175,47.292405],[27.681991,47.287481],[27.682813,47.286002],[27.683502,47.28509],[27.685178,47.284111],[27.686182,47.283966],[27.687648,47.284289],[27.689171,47.285748],[27.689363,47.286436],[27.688963,47.288546],[27.689511,47.290035],[27.690372,47.291219],[27.688612,47.289454],[27.688691,47.286464],[27.687607,47.284772],[27.6861,47.284322],[27.684669,47.285138],[27.683283,47.286694],[27.682828,47.288444],[27.682764,47.292347],[27.683652,47.294715],[27.683054,47.296949],[27.681516,47.297049],[27.680627,47.297474],[27.679875,47.298432],[27.679589,47.299706]]],[[[27.595186,47.332791],[27.582883,47.332665],[27.580784,47.331827],[27.579181,47.329675],[27.579798,47.329414],[27.580499,47.327637],[27.581768,47.326884],[27.583907,47.326499],[27.587603,47.326735],[27.589186,47.325877],[27.592102,47.322392],[27.590948,47.320738],[27.596105,47.31648],[27.598767,47.316131],[27.601604,47.316692],[27.608403,47.316608],[27.610758,47.317387],[27.612803,47.317162],[27.613023,47.316247],[27.616711,47.315874],[27.620824,47.314302],[27.616554,47.310495],[27.623842,47.306884],[27.625633,47.305682],[27.626544,47.304477],[27.627636,47.304385],[27.628345,47.304722],[27.630805,47.303491],[27.632029,47.303031],[27.632302,47.303182],[27.633923,47.302167],[27.641712,47.300954],[27.645901,47.299374],[27.647828,47.299127],[27.649047,47.299673],[27.649311,47.302513],[27.649049,47.303577],[27.647039,47.305582],[27.646832,47.305313],[27.648196,47.303861],[27.648732,47.302602],[27.648887,47.300257],[27.64867,47.29976],[27.648115,47.299519],[27.646519,47.29956],[27.641697,47.301278],[27.63478,47.302221],[27.633116,47.302919],[27.632783,47.303554],[27.632936,47.304452],[27.634829,47.306374],[27.637894,47.312134],[27.633434,47.312106],[27.631795,47.309833],[27.630781,47.309293],[27.629703,47.309304],[27.628017,47.310047],[27.627166,47.310954],[27.6272,47.312971],[27.621545,47.326049],[27.620459,47.325242],[27.618424,47.321114],[27.617461,47.319905],[27.609561,47.317286],[27.60606,47.316982],[27.605184,47.317535],[27.605217,47.318474],[27.606464,47.319741],[27.608088,47.320757],[27.610472,47.326345],[27.603816,47.328362],[27.601214,47.325395],[27.599947,47.321807],[27.60165,47.320155],[27.601893,47.318526],[27.601159,47.317505],[27.59955,47.31711],[27.595985,47.31802],[27.593544,47.31969],[27.592532,47.320861],[27.592362,47.321675],[27.592693,47.322235],[27.594652,47.323269],[27.595202,47.327145],[27.594436,47.327501],[27.590775,47.327846],[27.583722,47.32687],[27.581825,47.327263],[27.580463,47.328436],[27.580628,47.329319],[27.581574,47.330338],[27.583402,47.33121],[27.585644,47.331753],[27.594224,47.332274],[27.595203,47.332106],[27.595823,47.331367],[27.59691,47.331247],[27.596341,47.332056],[27.595186,47.332791]]],[[[27.57775,47.372124],[27.581764,47.373656],[27.581514,47.378066],[27.579507,47.377337],[27.57762,47.374875],[27.574495,47.372677],[27.573184,47.372202],[27.5708,47.372134],[27.569064,47.372846],[27.568734,47.374167],[27.56971,47.375516],[27.569165,47.376451],[27.56858,47.374869],[27.566756,47.375198],[27.565169,47.374618],[27.566024,47.372899],[27.567863,47.370674],[27.574201,47.365947],[27.577434,47.364685],[27.587877,47.362741],[27.58971,47.361986],[27.591494,47.360662],[27.592292,47.359531],[27.593226,47.357131],[27.594093,47.353492],[27.593721,47.351547],[27.592277,47.347518],[27.593476,47.347932],[27.594024,47.347049],[27.596777,47.344903],[27.597694,47.345617],[27.600605,47.345917],[27.601828,47.346387],[27.602399,47.346788],[27.601932,47.347785],[27.602523,47.348215],[27.604759,47.344498],[27.603881,47.342052],[27.603952,47.341256],[27.603129,47.340657],[27.605195,47.338437],[27.607288,47.337327],[27.607369,47.335738],[27.603369,47.332288],[27.602012,47.330684],[27.602564,47.330623],[27.614677,47.340399],[27.611883,47.340193],[27.610585,47.339124],[27.608311,47.338321],[27.606732,47.338375],[27.605291,47.339096],[27.604597,47.340006],[27.604446,47.341071],[27.604771,47.341876],[27.605916,47.343102],[27.60544,47.349509],[27.602374,47.348957],[27.6011,47.348269],[27.599982,47.34692],[27.598314,47.346045],[27.59619,47.346235],[27.594812,47.347686],[27.594803,47.349483],[27.597151,47.353484],[27.59993,47.367541],[27.597721,47.368049],[27.597004,47.368798],[27.593974,47.368771],[27.593757,47.367274],[27.592763,47.366279],[27.589022,47.364781],[27.58803,47.365033],[27.585621,47.367161],[27.58328,47.368086],[27.579374,47.368409],[27.575728,47.367337],[27.57447,47.367617],[27.573317,47.368327],[27.573056,47.369715],[27.57366,47.370778],[27.57775,47.372124]]],[[[27.568506,47.377582],[27.568549,47.377917],[27.5671,47.379563],[27.567801,47.380498],[27.568955,47.381083],[27.569041,47.381754],[27.56739,47.380687],[27.566713,47.379509],[27.567439,47.378128],[27.568611,47.377402],[27.568506,47.377582]]],[[[27.578853,47.398802],[27.577171,47.399147],[27.575225,47.398964],[27.570608,47.396183],[27.568752,47.39448],[27.568433,47.392807],[27.568849,47.390157],[27.567591,47.386095],[27.567842,47.385096],[27.569252,47.383397],[27.569317,47.383902],[27.568554,47.384629],[27.568116,47.385925],[27.569333,47.390261],[27.568914,47.392523],[27.569204,47.394108],[27.570419,47.395578],[27.5753,47.398643],[27.577184,47.398801],[27.579256,47.398063],[27.580165,47.398119],[27.581402,47.398612],[27.581455,47.398884],[27.580359,47.3984],[27.578853,47.398802]]],[[[27.578128,47.407624],[27.57702,47.407879],[27.575427,47.408817],[27.574254,47.410378],[27.573891,47.411811],[27.574163,47.414407],[27.573916,47.415583],[27.573537,47.411379],[27.574614,47.40893],[27.576892,47.40752],[27.578287,47.407265],[27.580348,47.407804],[27.581663,47.408968],[27.581166,47.409057],[27.57961,47.407856],[27.578128,47.407624]]],[[[27.456008,47.513351],[27.45576,47.513002],[27.453767,47.512613],[27.452735,47.511579],[27.452186,47.509534],[27.452418,47.507813],[27.452895,47.506925],[27.453851,47.505649],[27.456501,47.503219],[27.457999,47.501247],[27.458007,47.50054],[27.459327,47.499755],[27.461569,47.49679],[27.462495,47.494215],[27.463874,47.49294],[27.463855,47.490825],[27.464978,47.489661],[27.466988,47.488341],[27.468537,47.488234],[27.469963,47.487057],[27.470899,47.487004],[27.472607,47.485928],[27.471452,47.485465],[27.472842,47.485133],[27.473279,47.485315],[27.473556,47.484793],[27.474762,47.484551],[27.475095,47.484145],[27.477988,47.484385],[27.479806,47.484921],[27.481153,47.484021],[27.484611,47.484046],[27.485937,47.48256],[27.487115,47.482057],[27.490688,47.481745],[27.490572,47.480995],[27.493146,47.479272],[27.496339,47.478459],[27.497361,47.477842],[27.499242,47.478024],[27.502619,47.47774],[27.503098,47.476941],[27.502255,47.476873],[27.502766,47.476386],[27.502062,47.476061],[27.502262,47.475771],[27.501838,47.474519],[27.508611,47.476095],[27.512599,47.472861],[27.514085,47.472559],[27.519976,47.472787],[27.532049,47.474275],[27.535292,47.474243],[27.541644,47.473089],[27.544491,47.472173],[27.549087,47.47022],[27.551032,47.468968],[27.552753,47.467377],[27.55578,47.462918],[27.562931,47.455689],[27.563884,47.453349],[27.563631,47.452101],[27.562639,47.450757],[27.560541,47.449591],[27.557437,47.448625],[27.556295,47.447602],[27.556171,47.445982],[27.55718,47.443168],[27.557201,47.441954],[27.556694,47.440029],[27.555896,47.438744],[27.552436,47.435738],[27.551049,47.43354],[27.550828,47.431744],[27.55166,47.428343],[27.552781,47.42657],[27.554275,47.42516],[27.557687,47.422885],[27.559741,47.421934],[27.562005,47.421297],[27.568026,47.420938],[27.570137,47.420046],[27.573109,47.419421],[27.573036,47.419768],[27.570488,47.42048],[27.569944,47.421358],[27.570117,47.422196],[27.567571,47.424107],[27.56698,47.423139],[27.565923,47.422442],[27.563635,47.422308],[27.561604,47.423562],[27.560384,47.423366],[27.559328,47.424615],[27.5565,47.425579],[27.554218,47.427892],[27.552511,47.433226],[27.552853,47.434165],[27.553667,47.434643],[27.55763,47.435376],[27.558652,47.435839],[27.560163,47.437003],[27.561014,47.438329],[27.561174,47.439204],[27.560845,47.440101],[27.557358,47.445181],[27.557121,47.446502],[27.557648,47.447294],[27.558727,47.447706],[27.560957,47.447638],[27.572082,47.453219],[27.573065,47.454962],[27.573381,47.462472],[27.573062,47.463157],[27.567185,47.463818],[27.56462,47.462874],[27.562513,47.462581],[27.560638,47.462842],[27.559502,47.463412],[27.557986,47.464748],[27.557527,47.465764],[27.548561,47.472871],[27.545743,47.474481],[27.54385,47.476301],[27.541919,47.478876],[27.540611,47.483987],[27.540638,47.485271],[27.539325,47.488143],[27.532377,47.486643],[27.531887,47.485604],[27.533148,47.48308],[27.535776,47.482517],[27.537238,47.481343],[27.537464,47.479639],[27.536538,47.478377],[27.535116,47.477867],[27.532922,47.47803],[27.52781,47.480808],[27.522691,47.482423],[27.520231,47.479618],[27.519714,47.47752],[27.518615,47.476344],[27.517621,47.474462],[27.516673,47.473887],[27.515102,47.473676],[27.513926,47.474056],[27.513017,47.474786],[27.512159,47.477065],[27.512803,47.483576],[27.51322,47.484472],[27.514914,47.486376],[27.514586,47.489745],[27.512426,47.488548],[27.51089,47.487082],[27.508327,47.486148],[27.50726,47.485292],[27.507016,47.483954],[27.508952,47.481896],[27.509139,47.480443],[27.507852,47.478907],[27.505867,47.478302],[27.503243,47.478189],[27.496755,47.479119],[27.494205,47.479756],[27.492753,47.480575],[27.491191,47.483159],[27.49179,47.484166],[27.493477,47.484926],[27.493248,47.488885],[27.490893,47.488684],[27.483993,47.486892],[27.48135,47.486685],[27.477193,47.485007],[27.475482,47.485029],[27.473717,47.48633],[27.473072,47.488828],[27.472197,47.490137],[27.468785,47.492444],[27.467494,47.493869],[27.467397,47.495562],[27.468192,47.497902],[27.467961,47.49903],[27.467283,47.499892],[27.465546,47.500972],[27.461704,47.502232],[27.458181,47.503812],[27.454578,47.507021],[27.454216,47.50785],[27.454367,47.508967],[27.455927,47.511296],[27.456008,47.513351]]],[[[27.422972,47.562664],[27.421082,47.563038],[27.418844,47.564722],[27.41835,47.565677],[27.417866,47.568015],[27.416756,47.569967],[27.416474,47.571215],[27.417444,47.572597],[27.420472,47.574638],[27.424088,47.578512],[27.42228,47.577354],[27.421594,47.576307],[27.420373,47.575408],[27.418311,47.574693],[27.416165,47.571927],[27.415865,47.570789],[27.416209,47.569184],[27.417082,47.568093],[27.417452,47.565473],[27.419918,47.562632],[27.422721,47.562149],[27.4305,47.562621],[27.429357,47.560944],[27.423491,47.555816],[27.42302,47.554479],[27.423288,47.552986],[27.427633,47.5517],[27.430834,47.548994],[27.430922,47.548153],[27.429722,47.547565],[27.429062,47.546281],[27.428201,47.545891],[27.429924,47.544164],[27.433947,47.540698],[27.437319,47.538686],[27.441526,47.536721],[27.442135,47.536204],[27.442197,47.53565],[27.442864,47.535597],[27.443675,47.535037],[27.442328,47.53387],[27.442504,47.530746],[27.443618,47.529187],[27.445345,47.528271],[27.446425,47.528077],[27.44853,47.526565],[27.449154,47.525734],[27.449827,47.52359],[27.449267,47.52339],[27.450772,47.52167],[27.451692,47.521194],[27.451949,47.520331],[27.451729,47.518722],[27.452592,47.515951],[27.45452,47.515387],[27.456039,47.514165],[27.456071,47.514979],[27.455386,47.515672],[27.455242,47.516644],[27.456414,47.519011],[27.460405,47.521823],[27.465746,47.527481],[27.4626,47.526452],[27.459831,47.524274],[27.456318,47.522857],[27.454543,47.521259],[27.452541,47.521327],[27.451253,47.522001],[27.449556,47.526615],[27.444399,47.529806],[27.44402,47.530803],[27.444536,47.531426],[27.445779,47.531982],[27.450628,47.532349],[27.453549,47.533014],[27.456597,47.536637],[27.452224,47.53677],[27.448557,47.534797],[27.445628,47.534984],[27.443151,47.536454],[27.441725,47.538317],[27.435419,47.541933],[27.430928,47.544099],[27.429695,47.545872],[27.429772,47.546607],[27.430421,47.547218],[27.432272,47.547714],[27.434128,47.547131],[27.439484,47.548538],[27.433314,47.55115],[27.430126,47.55149],[27.425019,47.553245],[27.424065,47.553892],[27.423935,47.554643],[27.424252,47.555395],[27.42701,47.557662],[27.428249,47.559194],[27.429778,47.559826],[27.432082,47.563157],[27.430285,47.563408],[27.426053,47.562755],[27.422972,47.562664]]],[[[27.428045,47.582751],[27.426662,47.582958],[27.427454,47.582118],[27.428045,47.582751]]],[[[27.404971,47.582771],[27.40066,47.584805],[27.397473,47.5872],[27.392397,47.588872],[27.391488,47.588253],[27.397762,47.585848],[27.398777,47.584493],[27.400727,47.58376],[27.401848,47.582765],[27.402846,47.582352],[27.402777,47.582036],[27.403365,47.582063],[27.403621,47.581365],[27.404926,47.580291],[27.407001,47.579722],[27.410505,47.580493],[27.410957,47.580298],[27.411127,47.580626],[27.412997,47.581296],[27.413337,47.581118],[27.413767,47.581505],[27.415918,47.581349],[27.414979,47.582008],[27.414989,47.582375],[27.421068,47.58321],[27.417277,47.58338],[27.411269,47.582591],[27.404971,47.582771]]]]},"properties":{"FID":20,"localId":"RONPA0573","CharacterS":"Hotărârea Consiliului Județean Iași nr. 8/1994","text":"Râul Prut","Arie":4362.567,"Tip_anp":"Rezervațe științifică, monument al naturii și rezervație naturală"}},{"type":"Feature","id":21,"geometry":{"type":"Polygon","coordinates":[[[27.650527,47.183482],[27.649575,47.183563],[27.648965,47.183165],[27.648872,47.181782],[27.649619,47.18095],[27.648616,47.179836],[27.648661,47.178869],[27.649399,47.177793],[27.649913,47.175777],[27.650103,47.173886],[27.649852,47.172594],[27.648621,47.171745],[27.647368,47.171379],[27.646377,47.170265],[27.645921,47.170386],[27.644014,47.172631],[27.644455,47.171731],[27.644295,47.171241],[27.644748,47.168711],[27.644592,47.167138],[27.643883,47.166777],[27.642772,47.16679],[27.643241,47.166645],[27.644255,47.165441],[27.644617,47.163662],[27.645813,47.160817],[27.649112,47.161878],[27.649427,47.162778],[27.650267,47.163559],[27.652407,47.164362],[27.653265,47.165249],[27.653365,47.166208],[27.654388,47.166952],[27.655459,47.169407],[27.655444,47.170075],[27.654844,47.171011],[27.652429,47.173213],[27.652034,47.173912],[27.651839,47.180966],[27.651118,47.182355],[27.650316,47.182912],[27.650807,47.183307],[27.650527,47.183482]]]},"properties":{"FID":21,"localId":"RONPA0574","CharacterS":"Hotărârea Consiliului Județean Iași nr. 8/1994","text":"Acumularea Chirița","Arie":98.463,"Tip_anp":"Rezervațe științifică, monument al naturii și rezervație naturală"}},{"type":"Feature","id":22,"geometry":{"type":"Polygon","coordinates":[[[26.822678,47.451886],[26.82116,47.453269],[26.818301,47.454885],[26.814886,47.456217],[26.810932,47.456806],[26.807319,47.459843],[26.80711,47.460212],[26.807467,47.460281],[26.80444,47.462162],[26.803795,47.463093],[26.804042,47.46335],[26.803848,47.464263],[26.802961,47.465797],[26.799635,47.4668],[26.799187,47.468091],[26.798754,47.467921],[26.798715,47.466768],[26.79921,47.465813],[26.800602,47.464411],[26.801713,47.46418],[26.801592,47.462203],[26.802619,47.461942],[26.802752,47.460993],[26.803606,47.460105],[26.802607,47.459473],[26.803385,47.458204],[26.802548,47.457577],[26.805117,47.455645],[26.807662,47.454592],[26.810556,47.454041],[26.811853,47.453366],[26.814418,47.453182],[26.816953,47.451902],[26.816593,47.451635],[26.814072,47.45198],[26.81137,47.451468],[26.809349,47.452095],[26.80845,47.451678],[26.809864,47.45157],[26.810727,47.45034],[26.814002,47.450782],[26.816866,47.450203],[26.817693,47.450483],[26.81982,47.450481],[26.822678,47.451886]]]},"properties":{"FID":22,"localId":"RONPA0575","CharacterS":"Hotărârea Consiliului Județean Iași nr. 8/1994","text":"Acumularea Pârcovaci","Arie":83.102,"Tip_anp":"Rezervațe științifică, monument al naturii și rezervație naturală"}},{"type":"Feature","id":23,"geometry":{"type":"Polygon","coordinates":[[[27.645004,47.153504],[27.646209,47.153728],[27.646841,47.154717],[27.644512,47.15711],[27.642005,47.15627],[27.643793,47.153338],[27.645004,47.153504]]]},"properties":{"FID":23,"localId":"RONPA0576","CharacterS":"Hotărârea Consiliului Județean Iași nr. 8/1994","text":"Pădurea Dancu","Arie":9.119,"Tip_anp":"Rezervațe științifică, monument al naturii și rezervație naturală"}},{"type":"Feature","id":24,"geometry":{"type":"Polygon","coordinates":[[[27.494059,46.945727],[27.491135,46.944982],[27.488715,46.943002],[27.489345,46.943078],[27.490383,46.944139],[27.491849,46.944975],[27.49474,46.94547],[27.494059,46.945727]]]},"properties":{"FID":24,"localId":"RONPA0886","CharacterS":"Hotărârea de guvern nr. 2151/2004","text":"Șcheia","Arie":1.665,"Tip_anp":"Rezervație naturală"}},{"type":"Feature","id":25,"geometry":{"type":"Polygon","coordinates":[[[27.905898,46.958979],[27.905389,46.958893],[27.905244,46.95786],[27.905563,46.957728],[27.90602,46.958448],[27.905898,46.958979]]]},"properties":{"FID":25,"localId":"RONPA0887","CharacterS":"Hotărârea de guvern nr. 2151/2004","text":"Pârâul Pietrei - Bazga Răducăneni","Arie":0.506,"Tip_anp":"Rezervație naturală"}},{"type":"Feature","id":26,"geometry":{"type":"Polygon","coordinates":[[[27.402239,47.284854],[27.401003,47.28504],[27.397222,47.282753],[27.395692,47.282677],[27.393817,47.281366],[27.398813,47.28108],[27.40046,47.2802],[27.400959,47.279565],[27.401743,47.279374],[27.401499,47.279232],[27.403416,47.277124],[27.403578,47.276412],[27.405217,47.275405],[27.406031,47.274085],[27.40577,47.273435],[27.405102,47.273203],[27.405718,47.270635],[27.405343,47.269681],[27.404352,47.268735],[27.403164,47.268679],[27.402103,47.268201],[27.401763,47.268834],[27.401213,47.268529],[27.40097,47.267116],[27.40012,47.266445],[27.39658,47.268804],[27.398338,47.269865],[27.39779,47.270819],[27.398403,47.273192],[27.398368,47.274167],[27.397902,47.274994],[27.396973,47.275698],[27.396033,47.275825],[27.394343,47.275168],[27.392378,47.274975],[27.390856,47.274141],[27.390088,47.27292],[27.391559,47.271163],[27.391544,47.26903],[27.393654,47.269274],[27.396272,47.268586],[27.397913,47.267406],[27.399021,47.265347],[27.397344,47.263636],[27.397545,47.261955],[27.396934,47.260891],[27.396878,47.25927],[27.396037,47.259015],[27.394331,47.260361],[27.392746,47.263012],[27.393745,47.263594],[27.391268,47.264717],[27.390421,47.266026],[27.3883,47.26802],[27.388122,47.267805],[27.390397,47.264614],[27.389968,47.26435],[27.390185,47.263647],[27.386783,47.262154],[27.387327,47.261773],[27.387738,47.260731],[27.388927,47.259256],[27.389267,47.258197],[27.390331,47.257546],[27.391386,47.255423],[27.393675,47.252487],[27.393892,47.250637],[27.395448,47.249377],[27.396554,47.247147],[27.397465,47.247319],[27.396867,47.248129],[27.402119,47.249539],[27.403474,47.247705],[27.404623,47.247496],[27.406019,47.245747],[27.402264,47.24466],[27.402113,47.243909],[27.403752,47.24292],[27.404059,47.242083],[27.405093,47.241077],[27.406501,47.24141],[27.406634,47.241131],[27.405208,47.24077],[27.405304,47.239313],[27.402133,47.239225],[27.402289,47.238167],[27.40131,47.237753],[27.401668,47.23696],[27.398066,47.235704],[27.397832,47.237835],[27.399625,47.241063],[27.399659,47.242661],[27.399167,47.243185],[27.395402,47.242909],[27.394189,47.241953],[27.393914,47.240844],[27.392388,47.240538],[27.391925,47.239798],[27.392136,47.239404],[27.393283,47.240264],[27.394254,47.239328],[27.395452,47.239001],[27.39523,47.238377],[27.397185,47.238053],[27.396824,47.237649],[27.39591,47.237583],[27.395585,47.237274],[27.395709,47.236479],[27.392826,47.236342],[27.393312,47.235526],[27.393112,47.235048],[27.393578,47.234512],[27.388512,47.234219],[27.388513,47.233457],[27.38746,47.231829],[27.389995,47.232012],[27.389973,47.230996],[27.391447,47.231927],[27.393156,47.231959],[27.395739,47.231331],[27.395005,47.23207],[27.394278,47.233656],[27.394536,47.235885],[27.395699,47.235962],[27.396032,47.234302],[27.398161,47.234665],[27.398115,47.235043],[27.398541,47.235183],[27.399549,47.234968],[27.400322,47.234324],[27.404082,47.234105],[27.404404,47.234286],[27.404223,47.235253],[27.405736,47.23415],[27.406334,47.233004],[27.40509,47.232712],[27.40408,47.231764],[27.403335,47.232304],[27.403087,47.232141],[27.40492,47.230868],[27.40628,47.230496],[27.407102,47.229875],[27.409018,47.229825],[27.412468,47.228327],[27.413617,47.227029],[27.414754,47.224235],[27.415642,47.22392],[27.415053,47.223778],[27.41555,47.222791],[27.416009,47.223167],[27.417012,47.223305],[27.417289,47.222567],[27.417998,47.222592],[27.418063,47.223423],[27.418532,47.223484],[27.418752,47.223026],[27.419427,47.2231],[27.415929,47.228917],[27.415705,47.229703],[27.416017,47.230481],[27.41536,47.230927],[27.415404,47.231245],[27.415039,47.231215],[27.415012,47.230216],[27.413899,47.230053],[27.411963,47.231345],[27.412789,47.231486],[27.410804,47.233284],[27.41314,47.233888],[27.41283,47.234543],[27.412069,47.234863],[27.411193,47.234746],[27.410705,47.234],[27.409898,47.233843],[27.408714,47.234171],[27.408294,47.235246],[27.410391,47.235765],[27.411053,47.236559],[27.411124,47.237505],[27.411522,47.238086],[27.413002,47.238451],[27.414633,47.235579],[27.413901,47.237717],[27.415742,47.237378],[27.420628,47.237695],[27.419235,47.244519],[27.418062,47.246096],[27.417186,47.246489],[27.415916,47.246365],[27.415285,47.246809],[27.413464,47.249608],[27.413019,47.251233],[27.4118,47.251973],[27.411312,47.252709],[27.408452,47.257728],[27.410197,47.258934],[27.410258,47.259732],[27.409842,47.260846],[27.408744,47.261302],[27.406718,47.261321],[27.404665,47.260509],[27.403806,47.262343],[27.405048,47.262927],[27.406441,47.262825],[27.408131,47.263501],[27.410268,47.26094],[27.411323,47.261318],[27.409438,47.26324],[27.41075,47.264054],[27.409985,47.265152],[27.412395,47.266239],[27.412161,47.26675],[27.412739,47.267048],[27.412266,47.267542],[27.414414,47.268636],[27.413587,47.269838],[27.412943,47.272717],[27.411288,47.274014],[27.412507,47.27605],[27.413032,47.277776],[27.412529,47.281243],[27.41164,47.282821],[27.410568,47.282874],[27.408735,47.282215],[27.40807,47.282865],[27.404683,47.283357],[27.404547,47.284321],[27.403947,47.284687],[27.402239,47.284854]]]},"properties":{"FID":26,"localId":"ROSAC0058","CharacterS":"Hotărârea nr. 47/2024","text":"Dealul lui Dumnezeu","Arie":707.649,"Tip_anp":"Arie de protectie speciala"}},{"type":"Feature","id":27,"geometry":{"type":"MultiPolygon","coordinates":[[[[26.703701,47.41553],[26.703816,47.41559],[26.703811,47.415662],[26.703629,47.415903],[26.703589,47.415957],[26.70367,47.415529],[26.703701,47.41553]]],[[[26.718139,47.515571],[26.716024,47.513884],[26.716235,47.513191],[26.714152,47.51239],[26.711318,47.510128],[26.705278,47.509811],[26.705271,47.508954],[26.70446,47.509021],[26.704091,47.509748],[26.700273,47.509548],[26.705909,47.499576],[26.699197,47.493061],[26.717183,47.486385],[26.728484,47.473105],[26.723975,47.472645],[26.725096,47.470902],[26.725735,47.469064],[26.726874,47.468708],[26.727068,47.468094],[26.728098,47.467473],[26.728039,47.466966],[26.729499,47.466604],[26.734145,47.467451],[26.739165,47.464374],[26.74022,47.463347],[26.739967,47.463053],[26.737854,47.462623],[26.736953,47.463085],[26.737093,47.462748],[26.736728,47.462236],[26.735809,47.462062],[26.735728,47.460684],[26.73603,47.459691],[26.737235,47.459404],[26.73657,47.458438],[26.7366,47.457988],[26.734309,47.457948],[26.734976,47.458541],[26.734599,47.458903],[26.733719,47.458214],[26.733917,47.457565],[26.735178,47.456263],[26.735911,47.454547],[26.735945,47.453281],[26.735444,47.452199],[26.737275,47.450602],[26.738942,47.448323],[26.739902,47.446918],[26.740154,47.445529],[26.739644,47.444424],[26.739761,47.443315],[26.738206,47.441899],[26.736972,47.440134],[26.735666,47.439321],[26.733505,47.439151],[26.733005,47.438892],[26.733006,47.438378],[26.733674,47.43782],[26.73399,47.437904],[26.73379,47.438171],[26.734873,47.438445],[26.736048,47.438245],[26.737371,47.436808],[26.737567,47.436093],[26.738097,47.436595],[26.73835,47.436439],[26.738802,47.434288],[26.735917,47.433045],[26.734896,47.431736],[26.73409,47.431405],[26.734129,47.430869],[26.734567,47.430866],[26.734515,47.430435],[26.734938,47.430081],[26.733701,47.429516],[26.733177,47.428802],[26.732151,47.428613],[26.731164,47.429323],[26.731031,47.430357],[26.73127,47.430926],[26.730578,47.43188],[26.731012,47.43227],[26.73045,47.43244],[26.730815,47.432798],[26.730586,47.43316],[26.731894,47.433746],[26.732365,47.433239],[26.732712,47.433718],[26.731082,47.434321],[26.730751,47.435289],[26.732288,47.435965],[26.733074,47.435446],[26.733182,47.435831],[26.732717,47.436487],[26.731181,47.43655],[26.730472,47.437227],[26.732161,47.43848],[26.73142,47.438342],[26.731048,47.438639],[26.731512,47.439461],[26.7305,47.439867],[26.730109,47.440658],[26.728854,47.441],[26.728519,47.441597],[26.728762,47.442046],[26.728201,47.442074],[26.728148,47.4427],[26.727677,47.442947],[26.727978,47.443519],[26.727519,47.444309],[26.727525,47.445348],[26.728221,47.445518],[26.728461,47.44599],[26.729054,47.448657],[26.727599,47.449231],[26.726395,47.4492],[26.725883,47.450614],[26.725644,47.452501],[26.720614,47.47257],[26.711619,47.472258],[26.702582,47.471759],[26.697087,47.459903],[26.68315,47.461749],[26.682038,47.440009],[26.690291,47.432102],[26.693995,47.43281],[26.699035,47.432871],[26.700335,47.431681],[26.703384,47.431215],[26.704079,47.431548],[26.703817,47.432695],[26.704131,47.432715],[26.705629,47.432093],[26.708363,47.43225],[26.710271,47.431864],[26.712257,47.431937],[26.71568,47.431011],[26.716206,47.43122],[26.715677,47.431977],[26.718147,47.432141],[26.720273,47.43332],[26.721383,47.432474],[26.72038,47.431631],[26.719455,47.429812],[26.718643,47.427133],[26.719057,47.425827],[26.718652,47.425243],[26.71926,47.421663],[26.719672,47.421619],[26.719911,47.420316],[26.720734,47.420166],[26.721324,47.419343],[26.721249,47.418744],[26.722062,47.418713],[26.721379,47.418437],[26.72155,47.417845],[26.722219,47.417506],[26.722241,47.417839],[26.732312,47.418468],[26.732547,47.418813],[26.731901,47.422282],[26.736663,47.423797],[26.735879,47.424881],[26.737933,47.42558],[26.738804,47.426193],[26.739653,47.427458],[26.738122,47.429702],[26.741871,47.432645],[26.744516,47.432269],[26.745921,47.43131],[26.746083,47.430582],[26.747824,47.429637],[26.747341,47.430691],[26.747305,47.43261],[26.748127,47.433138],[26.748674,47.435091],[26.747682,47.436838],[26.747828,47.438324],[26.748491,47.439144],[26.749151,47.438956],[26.748468,47.440498],[26.747276,47.442037],[26.747961,47.442366],[26.748731,47.443364],[26.750787,47.444424],[26.751416,47.445144],[26.751167,47.446046],[26.751984,47.446184],[26.752877,47.444497],[26.753559,47.444076],[26.754018,47.442298],[26.75475,47.441484],[26.755588,47.441881],[26.758022,47.441902],[26.759378,47.439917],[26.760368,47.439623],[26.760571,47.439111],[26.762405,47.438895],[26.765068,47.437693],[26.765528,47.43688],[26.76499,47.435637],[26.76618,47.43465],[26.767044,47.434361],[26.767768,47.432705],[26.77068,47.431314],[26.771738,47.429902],[26.772653,47.4293],[26.772511,47.42777],[26.771733,47.426435],[26.77384,47.424811],[26.776287,47.42456],[26.775907,47.424113],[26.776975,47.423302],[26.776773,47.422624],[26.775891,47.421916],[26.777724,47.421987],[26.781474,47.420119],[26.784812,47.419156],[26.789758,47.418885],[26.79165,47.418193],[26.791254,47.418731],[26.791864,47.418853],[26.792098,47.419482],[26.792739,47.419915],[26.79264,47.42148],[26.791942,47.422687],[26.792219,47.422819],[26.791825,47.424723],[26.794423,47.425483],[26.79562,47.426344],[26.79913,47.42768],[26.798325,47.428756],[26.799213,47.430228],[26.80381,47.432253],[26.804811,47.431659],[26.805959,47.430351],[26.805477,47.429773],[26.805489,47.428899],[26.806099,47.42754],[26.806002,47.427195],[26.803317,47.425977],[26.803511,47.424732],[26.804254,47.424128],[26.80609,47.423492],[26.806934,47.42238],[26.806784,47.422013],[26.810104,47.420062],[26.812928,47.417176],[26.819199,47.419877],[26.820998,47.419035],[26.824975,47.419631],[26.831135,47.422141],[26.833242,47.423624],[26.830589,47.425234],[26.829617,47.426505],[26.831711,47.428277],[26.833881,47.429493],[26.833261,47.430417],[26.833329,47.430865],[26.841701,47.437341],[26.842052,47.438029],[26.839872,47.439735],[26.839194,47.439813],[26.839288,47.440097],[26.838483,47.440545],[26.838412,47.441416],[26.836861,47.442252],[26.834064,47.445604],[26.821259,47.440352],[26.820454,47.440999],[26.818346,47.44034],[26.816343,47.440701],[26.813353,47.443621],[26.820359,47.44689],[26.822107,47.448276],[26.82408,47.448652],[26.824281,47.44903],[26.823181,47.449291],[26.818038,47.449784],[26.822678,47.451886],[26.82419,47.450672],[26.827647,47.449641],[26.831693,47.457603],[26.832488,47.457882],[26.832884,47.459471],[26.851219,47.45657],[26.850835,47.457519],[26.853063,47.459388],[26.853198,47.459975],[26.854359,47.461144],[26.854962,47.462405],[26.854639,47.463079],[26.855151,47.464181],[26.855437,47.464694],[26.856266,47.465065],[26.856019,47.466541],[26.853806,47.468142],[26.852617,47.472565],[26.849996,47.475692],[26.847532,47.476949],[26.846404,47.478185],[26.84295,47.480784],[26.842533,47.480464],[26.84157,47.480512],[26.839698,47.482018],[26.837637,47.483034],[26.835715,47.48551],[26.835302,47.488421],[26.836113,47.490516],[26.836537,47.490262],[26.837059,47.490721],[26.838,47.490263],[26.837306,47.489728],[26.837755,47.489441],[26.8422,47.487735],[26.845422,47.487126],[26.848824,47.486992],[26.848545,47.48988],[26.845479,47.490868],[26.837008,47.495139],[26.841051,47.497384],[26.843946,47.495886],[26.84703,47.495294],[26.849831,47.495937],[26.852691,47.495731],[26.852949,47.497078],[26.839398,47.497455],[26.837548,47.501591],[26.819329,47.508224],[26.789402,47.500213],[26.775865,47.504161],[26.752525,47.503269],[26.718139,47.515571]],[[26.825204,47.45656],[26.826391,47.456376],[26.826388,47.456035],[26.82619,47.455758],[26.825021,47.455883],[26.825204,47.45656]]]]},"properties":{"FID":27,"localId":"ROSCI0076","CharacterS":"Ordinul ministrului nr. 1964/2007","text":"Dealul Mare - Hârlău","Arie":25062.641,"Tip_anp":"Sit de importanță comunitară"}},{"type":"Feature","id":28,"geometry":{"type":"Polygon","coordinates":[[[27.50124,47.078589],[27.498773,47.079735],[27.497682,47.080981],[27.492813,47.084187],[27.491559,47.084738],[27.48975,47.083954],[27.487172,47.085244],[27.485721,47.087126],[27.486388,47.087535],[27.484735,47.088637],[27.484666,47.088957],[27.482475,47.088497],[27.482783,47.088226],[27.482666,47.087684],[27.483118,47.08763],[27.48388,47.086738],[27.485572,47.084261],[27.485156,47.084095],[27.485699,47.083539],[27.485654,47.083179],[27.485128,47.082992],[27.488335,47.08162],[27.489483,47.080587],[27.490952,47.080948],[27.491899,47.07966],[27.489436,47.079035],[27.485796,47.079389],[27.483642,47.078034],[27.481375,47.078896],[27.479717,47.080274],[27.478077,47.08101],[27.476811,47.083273],[27.47606,47.083006],[27.477265,47.080214],[27.475328,47.079411],[27.474119,47.079702],[27.473031,47.080384],[27.472702,47.08012],[27.476075,47.079074],[27.47868,47.079537],[27.480991,47.077296],[27.483345,47.075661],[27.483668,47.074224],[27.484705,47.073773],[27.486217,47.073893],[27.48725,47.075442],[27.486223,47.076266],[27.486302,47.07694],[27.489012,47.075885],[27.490536,47.074693],[27.49166,47.074767],[27.492663,47.073558],[27.495482,47.073085],[27.498753,47.073368],[27.501801,47.07451],[27.504274,47.074122],[27.504092,47.07471],[27.505016,47.074139],[27.50724,47.075049],[27.505441,47.076225],[27.506301,47.076673],[27.505815,47.077463],[27.505212,47.077546],[27.503239,47.078861],[27.50124,47.078589]]]},"properties":{"FID":28,"localId":"ROSCI0077","CharacterS":"Ordinul ministrului nr. 1964/2007","text":"Fânațele Bârca","Arie":147.962,"Tip_anp":"Sit de importanță comunitară"}},{"type":"Feature","id":29,"geometry":{"type":"Polygon","coordinates":[[[26.871887,47.088082],[26.871641,47.08834],[26.872024,47.088989],[26.871273,47.089859],[26.868256,47.088133],[26.868719,47.0876],[26.869812,47.087882],[26.870376,47.0874],[26.870067,47.086894],[26.870344,47.085522],[26.870704,47.085141],[26.870094,47.083086],[26.870385,47.082386],[26.871493,47.081464],[26.87253,47.081376],[26.873238,47.081696],[26.87323,47.082208],[26.87435,47.08217],[26.874353,47.082675],[26.875108,47.082615],[26.878348,47.084644],[26.878002,47.085322],[26.877143,47.085285],[26.874285,47.087125],[26.873218,47.087404],[26.872947,47.087978],[26.871887,47.088082]]]},"properties":{"FID":29,"localId":"ROSAC0107","CharacterS":"Hotărârea nr. 47/2024","text":"Lunca Mircești","Arie":32.782,"Tip_anp":"Arie de protectie speciala"}},{"type":"Feature","id":30,"geometry":{"type":"Polygon","coordinates":[[[27.680236,47.094701],[27.679984,47.095014],[27.677706,47.093651],[27.678057,47.092756],[27.677227,47.093181],[27.676577,47.092807],[27.676496,47.093114],[27.676093,47.093082],[27.676144,47.092431],[27.674589,47.091398],[27.674362,47.091548],[27.674668,47.092155],[27.67348,47.092214],[27.670319,47.091038],[27.669356,47.091577],[27.672094,47.093404],[27.672763,47.094229],[27.671447,47.094809],[27.670691,47.094689],[27.669663,47.093717],[27.669808,47.092377],[27.668892,47.092122],[27.66873,47.091799],[27.667096,47.092511],[27.667789,47.091963],[27.666965,47.091839],[27.668238,47.090334],[27.666759,47.089691],[27.666887,47.089261],[27.66783,47.089174],[27.668275,47.088381],[27.667864,47.087923],[27.665807,47.088],[27.665526,47.089626],[27.664299,47.090067],[27.66416,47.090639],[27.663679,47.090728],[27.663517,47.091163],[27.662686,47.091181],[27.662086,47.090745],[27.661153,47.091008],[27.661106,47.090572],[27.659817,47.090993],[27.659846,47.089873],[27.6581,47.088271],[27.656046,47.088229],[27.655969,47.087469],[27.654656,47.087515],[27.654509,47.086725],[27.654023,47.086324],[27.652028,47.086511],[27.650517,47.083542],[27.650676,47.082884],[27.651423,47.082043],[27.650976,47.081822],[27.649979,47.081845],[27.649359,47.082468],[27.650402,47.083558],[27.651452,47.085689],[27.64477,47.084835],[27.644781,47.085398],[27.644032,47.085912],[27.643751,47.086542],[27.643915,47.0873],[27.64339,47.088086],[27.643052,47.088131],[27.642897,47.089368],[27.641748,47.08964],[27.641748,47.088285],[27.642934,47.086683],[27.643453,47.085242],[27.642836,47.084451],[27.641956,47.084655],[27.641207,47.084406],[27.642263,47.084034],[27.643615,47.081859],[27.644264,47.081713],[27.646092,47.08032],[27.646149,47.079681],[27.647178,47.079012],[27.6469,47.078451],[27.647663,47.078392],[27.647573,47.077633],[27.647159,47.077658],[27.647435,47.077305],[27.648157,47.076973],[27.649274,47.077452],[27.649711,47.077307],[27.649955,47.076816],[27.648741,47.076328],[27.648771,47.075506],[27.650067,47.074525],[27.650576,47.074552],[27.652549,47.07298],[27.651429,47.071917],[27.650707,47.071794],[27.650706,47.071142],[27.651296,47.07061],[27.651407,47.069679],[27.651031,47.06958],[27.650369,47.070031],[27.650598,47.070451],[27.64999,47.071109],[27.648485,47.070746],[27.648188,47.072058],[27.647494,47.073168],[27.645823,47.07373],[27.645517,47.07416],[27.644986,47.074055],[27.644348,47.074848],[27.643799,47.074948],[27.643805,47.075509],[27.643235,47.075956],[27.642778,47.075798],[27.642771,47.075495],[27.641787,47.075295],[27.639792,47.075617],[27.638711,47.073537],[27.638254,47.073443],[27.637152,47.073432],[27.635272,47.074874],[27.634298,47.075013],[27.633619,47.07453],[27.634468,47.072816],[27.635453,47.072128],[27.637638,47.072047],[27.637116,47.071512],[27.634332,47.070247],[27.634123,47.067998],[27.634596,47.068091],[27.634885,47.068688],[27.6358,47.068814],[27.635793,47.069145],[27.636944,47.069251],[27.637185,47.07017],[27.636779,47.070369],[27.636906,47.070786],[27.637639,47.07103],[27.638298,47.072684],[27.638719,47.072597],[27.639242,47.071834],[27.639294,47.070886],[27.638989,47.070798],[27.636466,47.066398],[27.636918,47.065473],[27.636244,47.064831],[27.636256,47.063902],[27.635685,47.063815],[27.636026,47.06333],[27.635531,47.062921],[27.635197,47.063113],[27.633799,47.062828],[27.633222,47.063401],[27.631755,47.063032],[27.630551,47.063621],[27.628759,47.062896],[27.627496,47.063098],[27.622506,47.060221],[27.622299,47.059901],[27.622609,47.059599],[27.621635,47.059141],[27.622201,47.057893],[27.613493,47.055715],[27.612519,47.055228],[27.612029,47.055709],[27.602271,47.052653],[27.601572,47.052838],[27.600898,47.053526],[27.600695,47.05541],[27.593476,47.053809],[27.586319,47.052884],[27.587159,47.050208],[27.587833,47.049251],[27.589185,47.045835],[27.588925,47.045357],[27.58927,47.043292],[27.588883,47.042943],[27.589347,47.042371],[27.587804,47.041909],[27.587578,47.040001],[27.586966,47.039931],[27.585846,47.039017],[27.58795,47.034463],[27.584082,47.032576],[27.583443,47.032669],[27.582504,47.031651],[27.582009,47.031526],[27.581977,47.03082],[27.578216,47.029893],[27.577902,47.029294],[27.577109,47.028964],[27.575621,47.030649],[27.570045,47.031438],[27.568411,47.03059],[27.567459,47.031571],[27.566722,47.031565],[27.568247,47.028739],[27.5682,47.027358],[27.568613,47.025983],[27.569444,47.02523],[27.569294,47.024787],[27.570513,47.023125],[27.569971,47.022963],[27.569904,47.022598],[27.567428,47.022117],[27.568222,47.021815],[27.567855,47.021336],[27.566443,47.021082],[27.564964,47.019966],[27.559055,47.018328],[27.55748,47.01957],[27.558144,47.019687],[27.558878,47.019089],[27.558547,47.019961],[27.559306,47.019197],[27.559603,47.019772],[27.559199,47.020378],[27.55925,47.020981],[27.557612,47.020397],[27.556819,47.020536],[27.554423,47.022222],[27.554159,47.023557],[27.553227,47.024647],[27.551153,47.024508],[27.550765,47.025703],[27.550144,47.025785],[27.550706,47.020925],[27.55151,47.018404],[27.551295,47.016701],[27.551807,47.015288],[27.551392,47.013749],[27.548557,47.011351],[27.547311,47.010968],[27.546766,47.010167],[27.547441,47.009712],[27.550035,47.0098],[27.552648,47.008852],[27.548606,47.005815],[27.54667,47.003475],[27.544902,46.999623],[27.544859,46.999259],[27.545572,46.998651],[27.546364,46.998572],[27.546521,46.997534],[27.546343,46.996206],[27.545185,46.994802],[27.547032,46.992767],[27.549134,46.993906],[27.55146,46.994623],[27.552792,46.994377],[27.554688,46.994639],[27.55609,46.995327],[27.556806,46.994998],[27.557716,46.995267],[27.560765,46.995096],[27.559706,46.99428],[27.557113,46.994188],[27.556104,46.993233],[27.55829,46.993303],[27.55829,46.992623],[27.559004,46.991965],[27.561797,46.991605],[27.562321,46.990845],[27.561354,46.990572],[27.561318,46.990127],[27.560788,46.989819],[27.562154,46.990285],[27.563208,46.990187],[27.564759,46.984955],[27.564962,46.982938],[27.559518,46.982671],[27.560657,46.983512],[27.560376,46.984044],[27.560945,46.984578],[27.56081,46.985295],[27.559506,46.985623],[27.55927,46.984313],[27.558808,46.983876],[27.558995,46.983423],[27.55784,46.983983],[27.557846,46.982526],[27.553232,46.982343],[27.552583,46.982508],[27.552235,46.983146],[27.552114,46.981114],[27.552615,46.97866],[27.554539,46.978865],[27.555308,46.977892],[27.554408,46.977151],[27.55417,46.976216],[27.553575,46.975864],[27.555575,46.974537],[27.557907,46.975695],[27.560547,46.97607],[27.564852,46.974832],[27.567595,46.973672],[27.573685,46.968884],[27.575394,46.968983],[27.575922,46.97024],[27.5801,46.972059],[27.581629,46.973345],[27.583257,46.973786],[27.584486,46.97337],[27.58833,46.972994],[27.590696,46.970302],[27.593151,46.969309],[27.593776,46.970053],[27.593921,46.971697],[27.594559,46.972829],[27.595519,46.973052],[27.595629,46.974871],[27.595281,46.97703],[27.595593,46.97719],[27.597652,46.97665],[27.599823,46.975569],[27.600728,46.974864],[27.6018,46.972441],[27.603887,46.970925],[27.608133,46.970832],[27.612704,46.970041],[27.613077,46.970863],[27.612221,46.971801],[27.611879,46.971796],[27.61184,46.971423],[27.611087,46.972092],[27.61196,46.972396],[27.612057,46.972761],[27.612826,46.972552],[27.612692,46.973009],[27.612972,46.973261],[27.612611,46.973683],[27.614378,46.97379],[27.614586,46.974716],[27.615291,46.975747],[27.612378,46.976899],[27.614629,46.980955],[27.613746,46.98175],[27.612128,46.982381],[27.6112,46.982125],[27.610022,46.983405],[27.608503,46.984442],[27.606821,46.98389],[27.606246,46.983137],[27.602614,46.981328],[27.600271,46.984679],[27.59958,46.98968],[27.598617,46.992369],[27.595793,46.993578],[27.59552,46.995954],[27.594624,46.996746],[27.593792,46.998673],[27.591706,46.998259],[27.591031,46.999476],[27.591524,47.001354],[27.592591,47.001434],[27.591302,47.003239],[27.592045,47.003206],[27.593922,47.001988],[27.594878,47.00244],[27.594847,47.002894],[27.595258,47.003096],[27.595574,47.002421],[27.596563,47.002135],[27.596516,47.00081],[27.595946,47.000355],[27.602261,46.991566],[27.603542,46.991731],[27.60896,46.987559],[27.609195,46.987967],[27.610587,46.987745],[27.612164,46.988843],[27.612927,46.98823],[27.612552,46.988009],[27.61264,46.987723],[27.613472,46.987865],[27.613675,46.987253],[27.61328,46.986834],[27.613414,46.986567],[27.614338,46.986422],[27.614371,46.987299],[27.615217,46.988025],[27.61549,46.987846],[27.615275,46.987417],[27.615795,46.987247],[27.616397,46.986431],[27.617354,46.986414],[27.615989,46.984952],[27.616146,46.984479],[27.615214,46.983581],[27.616935,46.983417],[27.61682,46.983937],[27.617203,46.983992],[27.616847,46.984311],[27.617243,46.984716],[27.617032,46.984983],[27.617692,46.985963],[27.617971,46.986093],[27.618265,46.985633],[27.618774,46.986325],[27.619388,46.985391],[27.618806,46.985459],[27.618751,46.985728],[27.618153,46.985246],[27.618531,46.984904],[27.617817,46.983814],[27.618003,46.983518],[27.618816,46.983523],[27.622622,46.991915],[27.631156,46.989008],[27.639396,46.977442],[27.651835,46.975663],[27.652676,46.976151],[27.654753,46.976451],[27.656081,46.97609],[27.658554,46.974701],[27.660836,46.974375],[27.684924,46.955489],[27.686638,46.952478],[27.700809,46.968579],[27.700168,46.969543],[27.694531,46.97458],[27.688159,46.97933],[27.686059,46.981325],[27.686171,46.98464],[27.66924,46.98708],[27.670093,46.990029],[27.671466,46.991504],[27.674778,46.993751],[27.677761,46.992447],[27.679975,46.992052],[27.681683,46.993245],[27.684523,46.991306],[27.68306,46.990113],[27.694748,46.987588],[27.69928,46.985707],[27.700433,46.986617],[27.701532,46.986163],[27.702355,46.985392],[27.703023,46.985291],[27.702175,46.984542],[27.706133,46.98274],[27.707198,46.981226],[27.708962,46.981778],[27.711813,46.980193],[27.712397,46.980252],[27.720174,46.987175],[27.718757,46.988899],[27.718469,46.990512],[27.719105,46.992899],[27.718541,46.993287],[27.717876,46.995464],[27.718814,46.99612],[27.719312,46.999029],[27.718166,47.000616],[27.715614,47.001743],[27.713493,47.00338],[27.713058,47.006088],[27.711793,47.007461],[27.711912,47.00782],[27.711429,47.008424],[27.710359,47.008992],[27.70729,47.009352],[27.708046,47.010089],[27.707675,47.010974],[27.706367,47.01228],[27.707206,47.012805],[27.70662,47.01317],[27.715693,47.019832],[27.723641,47.026144],[27.726328,47.024129],[27.727096,47.024552],[27.728936,47.024764],[27.728733,47.025618],[27.72973,47.027202],[27.732594,47.027143],[27.733659,47.028104],[27.732183,47.029336],[27.731956,47.03063],[27.731233,47.031249],[27.7315,47.031905],[27.734582,47.034147],[27.734053,47.034538],[27.735279,47.035246],[27.735276,47.036325],[27.735963,47.036186],[27.736294,47.03647],[27.736789,47.036127],[27.736783,47.035697],[27.737961,47.035323],[27.7393,47.037035],[27.740936,47.0376],[27.740927,47.038375],[27.742803,47.038052],[27.743595,47.038339],[27.747213,47.0408],[27.748748,47.042493],[27.747499,47.043591],[27.74845,47.044864],[27.746595,47.045383],[27.746059,47.045115],[27.745109,47.045862],[27.743707,47.045868],[27.742626,47.045471],[27.742,47.045742],[27.740132,47.044869],[27.738648,47.044844],[27.736562,47.045788],[27.735048,47.045441],[27.733764,47.045947],[27.733281,47.04554],[27.732695,47.04584],[27.729929,47.044741],[27.729719,47.044997],[27.728682,47.04481],[27.7285,47.044489],[27.727753,47.044485],[27.727902,47.044039],[27.727488,47.043647],[27.726892,47.043761],[27.725277,47.042734],[27.722743,47.042347],[27.720324,47.041548],[27.719815,47.041975],[27.716956,47.042062],[27.71643,47.04108],[27.715262,47.04071],[27.714957,47.039877],[27.714551,47.039697],[27.710982,47.039458],[27.701043,47.040708],[27.6994,47.039936],[27.695577,47.040556],[27.695613,47.04157],[27.695198,47.042104],[27.695553,47.04265],[27.693567,47.042703],[27.693145,47.043204],[27.694798,47.044498],[27.694389,47.045284],[27.694795,47.04633],[27.696146,47.047142],[27.695672,47.047663],[27.69445,47.047545],[27.693712,47.048874],[27.694061,47.049527],[27.693797,47.051568],[27.696027,47.052378],[27.696544,47.052276],[27.697251,47.050178],[27.697092,47.048717],[27.69765,47.048459],[27.697473,47.048954],[27.697756,47.049516],[27.699758,47.050832],[27.699223,47.051627],[27.699543,47.051923],[27.699294,47.053616],[27.704272,47.053211],[27.703765,47.05476],[27.700746,47.055145],[27.701207,47.056214],[27.701824,47.056511],[27.703642,47.05609],[27.710711,47.060065],[27.709996,47.060799],[27.708132,47.060946],[27.707511,47.061725],[27.706082,47.061559],[27.705708,47.062803],[27.704055,47.063478],[27.706369,47.06445],[27.716224,47.063467],[27.717542,47.063092],[27.718945,47.062118],[27.719088,47.059136],[27.720725,47.059103],[27.722417,47.058128],[27.723292,47.058244],[27.723365,47.057683],[27.7244,47.057752],[27.724116,47.057168],[27.724317,47.056789],[27.723978,47.056433],[27.724519,47.056284],[27.724546,47.055812],[27.72542,47.055577],[27.725044,47.054838],[27.725891,47.053628],[27.726981,47.053568],[27.728213,47.051851],[27.72912,47.051907],[27.728888,47.051271],[27.731221,47.050844],[27.733907,47.051074],[27.735006,47.04982],[27.735379,47.048682],[27.740082,47.048478],[27.74033,47.048995],[27.740677,47.049],[27.742241,47.048771],[27.742435,47.047595],[27.743533,47.04774],[27.744519,47.047372],[27.745063,47.047864],[27.745961,47.047762],[27.747566,47.050562],[27.748117,47.05243],[27.744695,47.056647],[27.743643,47.057179],[27.740541,47.058104],[27.738297,47.05755],[27.735479,47.057329],[27.732695,47.058774],[27.731287,47.060624],[27.730618,47.062223],[27.726507,47.066972],[27.724614,47.071434],[27.722538,47.072375],[27.718129,47.07775],[27.715244,47.079613],[27.713236,47.081626],[27.711451,47.082515],[27.708207,47.08561],[27.706336,47.085865],[27.703892,47.085234],[27.70058,47.085887],[27.696619,47.088494],[27.692864,47.091671],[27.685327,47.093883],[27.680236,47.094701]],[[27.602908,47.024607],[27.604515,47.025973],[27.61138,47.027246],[27.61201,47.026731],[27.612235,47.025932],[27.611678,47.025785],[27.611676,47.025425],[27.612798,47.025258],[27.612453,47.023928],[27.613214,47.023924],[27.61327,47.02354],[27.614467,47.02335],[27.614992,47.022432],[27.615863,47.022435],[27.616844,47.024129],[27.617695,47.024532],[27.618671,47.023972],[27.620477,47.023551],[27.620996,47.023028],[27.623398,47.022583],[27.624258,47.022033],[27.6266,47.021494],[27.627737,47.020747],[27.628088,47.020769],[27.628255,47.021523],[27.630887,47.021964],[27.636505,47.020386],[27.639226,47.018038],[27.641906,47.018372],[27.64406,47.019061],[27.645289,47.017925],[27.647715,47.01642],[27.648283,47.014271],[27.649355,47.012888],[27.647612,47.011815],[27.645631,47.012787],[27.644494,47.012583],[27.644622,47.011097],[27.645615,47.011123],[27.645363,47.010329],[27.646091,47.010133],[27.645848,47.009681],[27.646209,47.009469],[27.645727,47.008847],[27.644995,47.008718],[27.644762,47.009594],[27.64386,47.009877],[27.644088,47.00877],[27.642365,47.008766],[27.640811,47.009516],[27.641075,47.008842],[27.64002,47.008794],[27.639386,47.008406],[27.640866,47.008594],[27.641052,47.008422],[27.640677,47.008239],[27.640942,47.00803],[27.64258,47.008043],[27.642969,47.00767],[27.645286,47.008127],[27.646159,47.007341],[27.647142,47.007709],[27.648401,47.006107],[27.645652,47.004519],[27.643768,47.004105],[27.641939,47.004446],[27.639136,47.004365],[27.637592,47.004978],[27.637542,47.005852],[27.638235,47.006249],[27.638328,47.006628],[27.639479,47.006915],[27.637238,47.008672],[27.635986,47.008672],[27.635624,47.009418],[27.634849,47.009651],[27.63485,47.008873],[27.636352,47.006981],[27.635787,47.006638],[27.636469,47.005329],[27.635802,47.005178],[27.628142,47.010509],[27.616961,47.015137],[27.612671,47.013108],[27.611649,47.013655],[27.610645,47.013022],[27.609405,47.013689],[27.608153,47.013128],[27.607977,47.013372],[27.609491,47.014317],[27.606674,47.014268],[27.606414,47.01382],[27.606121,47.014355],[27.605321,47.013483],[27.605585,47.013065],[27.605901,47.013182],[27.606752,47.012022],[27.606102,47.01151],[27.605566,47.012152],[27.605135,47.012073],[27.604151,47.012788],[27.605327,47.013308],[27.605774,47.014168],[27.606712,47.014633],[27.605218,47.01427],[27.605032,47.014585],[27.604732,47.014495],[27.603357,47.016291],[27.603973,47.016514],[27.603323,47.016776],[27.603475,47.018533],[27.604776,47.02032],[27.604829,47.021588],[27.604393,47.022025],[27.605399,47.022755],[27.605406,47.023096],[27.604574,47.023432],[27.604747,47.023106],[27.604219,47.022995],[27.603829,47.02346],[27.604057,47.023571],[27.603439,47.023907],[27.601538,47.024011],[27.602908,47.024607]]]},"properties":{"FID":30,"localId":"ROSAC0135","CharacterS":"Hotărârea nr. 47/2024","text":"Pădurea Bârnova - Repedea","Arie":12236.222,"Tip_anp":"Arie de protectie speciala"}},{"type":"Feature","id":31,"geometry":{"type":"MultiPolygon","coordinates":[[[[27.223851,46.975292],[27.226658,46.976025],[27.208941,46.977584],[27.212948,46.975601],[27.214429,46.975379],[27.21687,46.973959],[27.223851,46.975292]]],[[[27.19282,46.985884],[27.189588,46.985203],[27.190016,46.9841],[27.188541,46.982519],[27.186806,46.983231],[27.184585,46.983574],[27.186204,46.98223],[27.184275,46.981428],[27.185248,46.98068],[27.184769,46.98037],[27.187496,46.981074],[27.187891,46.980757],[27.187364,46.979265],[27.188208,46.979391],[27.18844,46.979118],[27.187643,46.978492],[27.188759,46.978138],[27.189375,46.976984],[27.188821,46.976423],[27.185503,46.974919],[27.185542,46.973983],[27.186051,46.973459],[27.186758,46.973457],[27.187196,46.972941],[27.188754,46.973447],[27.188816,46.973241],[27.187846,46.972601],[27.185928,46.972083],[27.181703,46.969476],[27.181435,46.969257],[27.181845,46.96894],[27.181092,46.968556],[27.181009,46.967358],[27.177488,46.965564],[27.177855,46.96479],[27.17906,46.965147],[27.179417,46.965046],[27.17945,46.964585],[27.180215,46.964792],[27.18035,46.964509],[27.179799,46.963879],[27.18141,46.96409],[27.182301,46.963757],[27.182697,46.964599],[27.183733,46.965466],[27.183642,46.964625],[27.183999,46.963823],[27.183708,46.962948],[27.183964,46.962498],[27.1854,46.961317],[27.18648,46.959871],[27.187042,46.960005],[27.187111,46.960484],[27.188065,46.960623],[27.189009,46.958985],[27.188945,46.957956],[27.19043,46.958879],[27.190925,46.957799],[27.198442,46.958016],[27.198603,46.963755],[27.19773,46.96887],[27.199665,46.971904],[27.199975,46.974605],[27.199643,46.976131],[27.198737,46.976712],[27.198121,46.978056],[27.199826,46.978519],[27.19282,46.985884]]],[[[27.242915,46.994196],[27.242749,46.994251],[27.243037,46.99403],[27.242915,46.994196]]],[[[27.275453,46.995211],[27.274809,46.995619],[27.273777,46.994911],[27.273344,46.99523],[27.269753,46.994881],[27.269835,46.995505],[27.269557,46.995687],[27.26595,46.99516],[27.264644,46.995783],[27.262746,46.994583],[27.262994,46.994021],[27.260917,46.994217],[27.260558,46.994772],[27.257177,46.994329],[27.255979,46.994732],[27.254897,46.994633],[27.254023,46.993741],[27.252527,46.993394],[27.252395,46.992962],[27.251003,46.992686],[27.24931,46.993148],[27.248282,46.992655],[27.247571,46.99297],[27.245818,46.992395],[27.244789,46.993498],[27.243162,46.993934],[27.245,46.992518],[27.233758,46.987639],[27.228429,46.977064],[27.229864,46.977452],[27.230311,46.978179],[27.230216,46.978738],[27.230955,46.97986],[27.231867,46.979299],[27.231831,46.978764],[27.232304,46.978409],[27.234116,46.977827],[27.236488,46.976226],[27.236493,46.975113],[27.234969,46.974775],[27.234567,46.975052],[27.234579,46.975504],[27.233336,46.976147],[27.231056,46.97644],[27.2298,46.976135],[27.228735,46.976526],[27.22799,46.975961],[27.226457,46.975719],[27.225747,46.974966],[27.226517,46.975012],[27.226977,46.97436],[27.228807,46.973656],[27.228675,46.971777],[27.226666,46.971333],[27.226211,46.970834],[27.225408,46.971098],[27.225639,46.970729],[27.225321,46.970599],[27.223677,46.970632],[27.223189,46.971711],[27.222675,46.971849],[27.223031,46.971404],[27.222661,46.969581],[27.223107,46.968623],[27.221485,46.969859],[27.222442,46.968689],[27.222337,46.96816],[27.221692,46.968213],[27.223195,46.967073],[27.226116,46.96594],[27.224389,46.961375],[27.224578,46.961175],[27.235987,46.961007],[27.234855,46.960463],[27.234631,46.960068],[27.234844,46.959566],[27.237285,46.957149],[27.238847,46.956477],[27.238641,46.955026],[27.239087,46.952803],[27.239925,46.951866],[27.240217,46.950674],[27.239957,46.949346],[27.24082,46.947376],[27.24207,46.945548],[27.242255,46.944159],[27.241609,46.941017],[27.239862,46.938058],[27.239263,46.934706],[27.241654,46.934434],[27.241895,46.933874],[27.240405,46.933894],[27.239341,46.933351],[27.239379,46.933087],[27.240007,46.931761],[27.243552,46.927594],[27.249875,46.922928],[27.250525,46.921921],[27.250434,46.92082],[27.2516,46.918621],[27.254867,46.916431],[27.259468,46.914848],[27.259768,46.915218],[27.261014,46.915608],[27.261576,46.914974],[27.260636,46.914324],[27.26765,46.911709],[27.272666,46.908572],[27.275706,46.905822],[27.280043,46.903049],[27.28243,46.902057],[27.283146,46.902641],[27.282954,46.902997],[27.283626,46.903078],[27.285093,46.904867],[27.285217,46.905945],[27.28473,46.90633],[27.284747,46.906941],[27.286471,46.908009],[27.285694,46.908564],[27.286109,46.909051],[27.283754,46.910932],[27.283533,46.911626],[27.287397,46.912233],[27.28582,46.913339],[27.286117,46.914034],[27.287204,46.914909],[27.286966,46.915526],[27.287152,46.916048],[27.291815,46.92067],[27.292619,46.920877],[27.292226,46.92178],[27.291058,46.922683],[27.29064,46.922509],[27.289749,46.924073],[27.29698,46.92711],[27.300155,46.925045],[27.304241,46.924421],[27.30505,46.925601],[27.305049,46.926196],[27.305964,46.927033],[27.307485,46.927692],[27.308389,46.927135],[27.310191,46.927868],[27.310896,46.92778],[27.310673,46.928165],[27.311379,46.928665],[27.309683,46.92898],[27.308626,46.928325],[27.307301,46.928876],[27.307597,46.929386],[27.307369,46.929486],[27.306842,46.929525],[27.306438,46.92909],[27.304361,46.929671],[27.305145,46.930221],[27.304924,46.930541],[27.304273,46.929947],[27.303697,46.930292],[27.302626,46.929913],[27.305008,46.933617],[27.302688,46.934227],[27.301031,46.934122],[27.299578,46.934751],[27.297499,46.934401],[27.295771,46.936287],[27.294737,46.93616],[27.293691,46.936588],[27.295109,46.937383],[27.294594,46.938047],[27.293318,46.938587],[27.293326,46.938966],[27.292388,46.93903],[27.291399,46.939627],[27.291424,46.939968],[27.290713,46.940643],[27.290101,46.940766],[27.290231,46.941151],[27.289956,46.941456],[27.287934,46.942019],[27.287399,46.94303],[27.285493,46.9438],[27.284346,46.945655],[27.283371,46.945852],[27.282732,46.946512],[27.281933,46.94639],[27.282119,46.947083],[27.281473,46.947015],[27.281253,46.94768],[27.28204,46.948074],[27.282006,46.948362],[27.281481,46.949126],[27.280852,46.949204],[27.280714,46.948813],[27.280253,46.94873],[27.279369,46.949336],[27.279513,46.950524],[27.278809,46.951382],[27.278125,46.951651],[27.278084,46.952361],[27.277368,46.952651],[27.277506,46.953278],[27.276748,46.953717],[27.277264,46.954091],[27.276645,46.954256],[27.276396,46.955139],[27.275557,46.955767],[27.275633,46.956047],[27.274799,46.955934],[27.274243,46.956659],[27.273801,46.956537],[27.273922,46.956835],[27.273298,46.957215],[27.273402,46.957514],[27.272329,46.95792],[27.271898,46.958578],[27.270636,46.959345],[27.269343,46.959336],[27.269403,46.959907],[27.268259,46.960906],[27.267987,46.960459],[27.268563,46.959693],[27.267008,46.960791],[27.264918,46.961455],[27.263873,46.962325],[27.264172,46.962655],[27.263117,46.963797],[27.263057,46.964346],[27.262542,46.964587],[27.262916,46.964948],[27.26288,46.965525],[27.261955,46.966416],[27.262622,46.966823],[27.262437,46.968772],[27.263165,46.969827],[27.263789,46.969488],[27.263306,46.970789],[27.26207,46.970973],[27.261799,46.971333],[27.262094,46.97299],[27.263368,46.973308],[27.262935,46.974723],[27.262434,46.974828],[27.262795,46.975141],[27.262502,46.975522],[27.263799,46.975803],[27.26985,46.975823],[27.270799,46.976211],[27.27171,46.977291],[27.273749,46.977636],[27.274108,46.978046],[27.276308,46.977026],[27.278158,46.979295],[27.279318,46.978767],[27.279702,46.978959],[27.278956,46.979349],[27.278965,46.979917],[27.279545,46.979934],[27.279372,46.980225],[27.280281,46.980476],[27.280632,46.98099],[27.281341,46.980891],[27.280901,46.98116],[27.282857,46.982097],[27.282993,46.982473],[27.283766,46.982438],[27.284445,46.982845],[27.284282,46.983441],[27.282834,46.985201],[27.282651,46.988854],[27.281824,46.98978],[27.281337,46.990028],[27.280992,46.98977],[27.280395,46.990347],[27.279105,46.990702],[27.278407,46.990066],[27.277958,46.990123],[27.277391,46.990936],[27.278133,46.991567],[27.276286,46.991845],[27.276077,46.992307],[27.273953,46.992107],[27.273078,46.99269],[27.27305,46.99294],[27.273563,46.992823],[27.273152,46.993054],[27.270443,46.99317],[27.266395,46.992503],[27.266451,46.994365],[27.268171,46.9941],[27.268647,46.99485],[27.271138,46.994721],[27.270698,46.994026],[27.270889,46.993813],[27.270117,46.993325],[27.271134,46.993444],[27.271938,46.99429],[27.272021,46.993786],[27.273137,46.993845],[27.274137,46.994718],[27.275084,46.994691],[27.275251,46.994019],[27.276097,46.993637],[27.276422,46.993741],[27.276532,46.994321],[27.279741,46.994081],[27.280382,46.994424],[27.278758,46.994775],[27.277621,46.99464],[27.276389,46.995209],[27.275453,46.995211]]],[[[27.343694,47.115987],[27.337616,47.121999],[27.336897,47.123591],[27.335233,47.124561],[27.33438,47.126407],[27.332518,47.127694],[27.332677,47.12792],[27.327616,47.126967],[27.32553,47.126161],[27.323876,47.123545],[27.320735,47.121907],[27.319689,47.120711],[27.319418,47.119367],[27.318549,47.118291],[27.318713,47.116562],[27.316565,47.108432],[27.314735,47.107509],[27.314436,47.106882],[27.312506,47.105533],[27.313953,47.104887],[27.31172,47.10099],[27.308508,47.10071],[27.307214,47.101077],[27.307731,47.101855],[27.311013,47.103771],[27.312045,47.104873],[27.308452,47.102655],[27.306961,47.102525],[27.305047,47.101377],[27.304624,47.101436],[27.304146,47.102643],[27.303638,47.103008],[27.302932,47.102874],[27.301905,47.102035],[27.300914,47.102],[27.299454,47.103267],[27.298911,47.104349],[27.298247,47.104551],[27.297104,47.104231],[27.296829,47.102136],[27.295922,47.101288],[27.292743,47.101979],[27.291257,47.101524],[27.288686,47.105142],[27.287696,47.108561],[27.286551,47.10978],[27.286684,47.110618],[27.286275,47.111074],[27.286619,47.111388],[27.286397,47.112304],[27.285951,47.112617],[27.270714,47.112924],[27.270148,47.111845],[27.26931,47.112154],[27.261658,47.112728],[27.260841,47.114243],[27.256591,47.114225],[27.256183,47.113257],[27.256522,47.112546],[27.255431,47.112615],[27.255141,47.112938],[27.252142,47.112431],[27.250874,47.111911],[27.250696,47.111718],[27.251045,47.111105],[27.250584,47.110931],[27.249717,47.111305],[27.247579,47.110871],[27.247782,47.110319],[27.247427,47.109755],[27.246659,47.109633],[27.245503,47.110079],[27.243194,47.10921],[27.237699,47.107995],[27.237355,47.10915],[27.238166,47.110742],[27.23802,47.111],[27.234375,47.113202],[27.231629,47.112466],[27.230294,47.113605],[27.228654,47.116947],[27.226926,47.119173],[27.227349,47.119722],[27.224812,47.124566],[27.224035,47.127178],[27.221367,47.126422],[27.207304,47.117916],[27.209767,47.106599],[27.209825,47.097731],[27.2111,47.096594],[27.20361,47.085485],[27.190375,47.085904],[27.180466,47.086582],[27.181191,47.085963],[27.181285,47.085443],[27.180844,47.084992],[27.180622,47.085434],[27.18018,47.085461],[27.179939,47.086311],[27.178482,47.086293],[27.179128,47.086598],[27.179091,47.08696],[27.176356,47.087385],[27.1724,47.077759],[27.170932,47.073566],[27.171106,47.073394],[27.170549,47.07281],[27.172021,47.072583],[27.173205,47.072016],[27.17356,47.070447],[27.184637,47.061756],[27.18727,47.049929],[27.183773,47.045965],[27.183541,47.045267],[27.178665,47.040171],[27.187563,47.030623],[27.207693,47.027811],[27.221024,47.017138],[27.242125,47.011714],[27.241878,47.010091],[27.242744,47.009029],[27.244687,47.008289],[27.246529,47.005301],[27.246763,47.003982],[27.247297,47.003122],[27.247207,47.002012],[27.246891,47.001942],[27.246737,47.001161],[27.247447,46.999171],[27.248632,46.999458],[27.249216,47.000611],[27.250002,47.000686],[27.250299,46.999718],[27.250127,46.999235],[27.250704,46.998996],[27.251081,46.997919],[27.252083,46.997583],[27.252745,46.996697],[27.253446,46.997061],[27.252623,46.99832],[27.253839,46.999667],[27.255702,46.999507],[27.258275,46.999888],[27.260241,46.997649],[27.260776,46.996193],[27.26133,46.99577],[27.263061,46.995506],[27.262586,46.995797],[27.263491,46.996121],[27.261988,46.99674],[27.264287,46.999966],[27.26456,47.001247],[27.264382,47.0019],[27.265058,47.004452],[27.263357,47.005326],[27.260605,47.007843],[27.259634,47.007924],[27.259116,47.007473],[27.256005,47.008942],[27.255846,47.010375],[27.254096,47.01065],[27.252545,47.010091],[27.252047,47.010464],[27.255506,47.011387],[27.256656,47.012261],[27.256968,47.012222],[27.257999,47.010648],[27.261782,47.011578],[27.259281,47.013226],[27.257148,47.012625],[27.257088,47.014437],[27.256607,47.016164],[27.257628,47.016623],[27.256104,47.017886],[27.252936,47.017494],[27.253541,47.0181],[27.256674,47.018589],[27.257041,47.019199],[27.256273,47.019489],[27.257441,47.019944],[27.257407,47.020809],[27.256808,47.021783],[27.25715,47.022072],[27.257095,47.022742],[27.256525,47.023519],[27.254916,47.024341],[27.25405,47.023738],[27.253237,47.024074],[27.256859,47.028189],[27.259629,47.031966],[27.26058,47.032638],[27.261825,47.034336],[27.262371,47.034749],[27.263099,47.034749],[27.262841,47.035323],[27.264822,47.037539],[27.265486,47.037673],[27.265913,47.038151],[27.26614,47.03885],[27.265793,47.038989],[27.26614,47.039327],[27.265806,47.039878],[27.2652,47.04009],[27.265354,47.040569],[27.264316,47.040924],[27.264747,47.041778],[27.263378,47.042396],[27.263613,47.042807],[27.262965,47.043041],[27.262994,47.043696],[27.262131,47.043403],[27.261806,47.043656],[27.262005,47.043871],[27.26167,47.044284],[27.262294,47.044778],[27.260112,47.045204],[27.259303,47.044978],[27.257112,47.045478],[27.256097,47.046029],[27.255638,47.045636],[27.254619,47.046003],[27.253692,47.045909],[27.253571,47.045588],[27.251589,47.045755],[27.250315,47.046104],[27.248696,47.047757],[27.247286,47.04857],[27.246095,47.048233],[27.245673,47.047799],[27.244172,47.047721],[27.243341,47.047356],[27.242338,47.047727],[27.24049,47.047383],[27.240495,47.048085],[27.239181,47.048582],[27.238893,47.048264],[27.239512,47.047742],[27.239256,47.047538],[27.238835,47.048043],[27.238309,47.048042],[27.238275,47.047028],[27.237992,47.046957],[27.236801,47.047707],[27.235736,47.047487],[27.235756,47.048118],[27.235441,47.04828],[27.234808,47.047893],[27.234599,47.048114],[27.233166,47.047915],[27.233161,47.048727],[27.233601,47.049158],[27.233406,47.050701],[27.232452,47.050766],[27.231974,47.051953],[27.233395,47.05224],[27.235283,47.051376],[27.234828,47.052769],[27.234962,47.053736],[27.236307,47.054216],[27.2368,47.054015],[27.237349,47.054184],[27.237595,47.054661],[27.238828,47.054875],[27.241301,47.053603],[27.242149,47.053771],[27.243196,47.054835],[27.245069,47.055391],[27.248208,47.056977],[27.252231,47.054576],[27.252739,47.054768],[27.253294,47.055238],[27.253014,47.055666],[27.253583,47.056645],[27.252471,47.060018],[27.253853,47.061329],[27.253246,47.062405],[27.253991,47.062586],[27.253881,47.063034],[27.254363,47.063109],[27.255466,47.061554],[27.258287,47.05936],[27.260737,47.058666],[27.262685,47.05766],[27.264586,47.052362],[27.265248,47.052379],[27.265459,47.051429],[27.266587,47.051075],[27.266768,47.050424],[27.268887,47.049273],[27.272093,47.048475],[27.274178,47.050515],[27.274263,47.052476],[27.275966,47.061614],[27.284799,47.06377],[27.293006,47.063696],[27.293009,47.064928],[27.294475,47.065304],[27.294847,47.065238],[27.295133,47.063854],[27.296108,47.063698],[27.307368,47.063703],[27.307367,47.062308],[27.307954,47.061024],[27.308125,47.059065],[27.307907,47.058171],[27.308552,47.056782],[27.308546,47.056215],[27.307299,47.053564],[27.306797,47.053214],[27.303392,47.053655],[27.303328,47.053265],[27.302639,47.053308],[27.301632,47.05209],[27.301343,47.051014],[27.300132,47.050238],[27.299526,47.048981],[27.297404,47.04913],[27.296986,47.047882],[27.297304,47.047631],[27.29663,47.046988],[27.29727,47.046105],[27.29746,47.043897],[27.294627,47.042628],[27.293288,47.040847],[27.292144,47.040048],[27.291204,47.038624],[27.285688,47.037631],[27.285529,47.038006],[27.284195,47.038249],[27.282731,47.036858],[27.27888,47.037739],[27.278921,47.037226],[27.278436,47.037038],[27.277976,47.037255],[27.276796,47.036139],[27.276637,47.034788],[27.276902,47.034487],[27.277792,47.033791],[27.279604,47.033894],[27.278758,47.03296],[27.279069,47.032616],[27.280431,47.033206],[27.28053,47.033568],[27.280727,47.033088],[27.281117,47.033141],[27.281501,47.033739],[27.281705,47.033303],[27.281299,47.032926],[27.282596,47.033093],[27.282422,47.032406],[27.28311,47.031822],[27.282135,47.031097],[27.283638,47.030793],[27.283743,47.030145],[27.287363,47.029965],[27.288022,47.030599],[27.288454,47.030188],[27.288309,47.02979],[27.28695,47.028569],[27.288113,47.02799],[27.287618,47.027489],[27.288625,47.027551],[27.289003,47.027186],[27.287596,47.026504],[27.288375,47.025896],[27.289652,47.025721],[27.28919,47.024687],[27.289434,47.02426],[27.289968,47.02464],[27.290513,47.024506],[27.290695,47.024859],[27.291164,47.024809],[27.29131,47.023917],[27.291658,47.023607],[27.291024,47.023255],[27.29198,47.022876],[27.29165,47.0225],[27.291773,47.022174],[27.292936,47.021874],[27.293511,47.020082],[27.295478,47.019785],[27.294004,47.019487],[27.293344,47.019738],[27.292256,47.019006],[27.279359,47.015938],[27.281489,47.013277],[27.280701,47.012951],[27.28091,47.012155],[27.280627,47.011543],[27.280855,47.011418],[27.281619,47.012162],[27.28193,47.013036],[27.284179,47.013793],[27.286349,47.011952],[27.288453,47.012368],[27.28905,47.012939],[27.290115,47.011805],[27.291387,47.01244],[27.291818,47.010965],[27.291298,47.010994],[27.290784,47.011559],[27.289323,47.011391],[27.288927,47.011886],[27.288553,47.011822],[27.28881,47.011147],[27.290474,47.010407],[27.29213,47.009917],[27.294268,47.010375],[27.295644,47.011197],[27.295178,47.012219],[27.29393,47.012496],[27.295063,47.012544],[27.296236,47.013289],[27.2972,47.012802],[27.297055,47.012269],[27.297792,47.012189],[27.298026,47.013785],[27.296813,47.019944],[27.300971,47.021084],[27.305946,47.02198],[27.306736,47.02295],[27.307888,47.022782],[27.307851,47.02216],[27.308843,47.022264],[27.309163,47.02182],[27.312916,47.021492],[27.315651,47.021794],[27.317093,47.021479],[27.316008,47.021196],[27.31578,47.020568],[27.315195,47.020538],[27.315674,47.020251],[27.314054,47.019601],[27.312694,47.018349],[27.311425,47.018427],[27.311943,47.017788],[27.318608,47.019466],[27.31887,47.018258],[27.320069,47.017496],[27.321115,47.018207],[27.322085,47.019703],[27.323442,47.020414],[27.323979,47.021861],[27.325584,47.022069],[27.326689,47.020184],[27.327036,47.020091],[27.326963,47.019567],[27.327506,47.01829],[27.328017,47.018199],[27.328473,47.017424],[27.328416,47.016092],[27.328105,47.015689],[27.326568,47.015661],[27.328953,47.014554],[27.330903,47.014089],[27.331506,47.013623],[27.331582,47.012945],[27.332638,47.012578],[27.33229,47.013778],[27.332531,47.015459],[27.331915,47.015944],[27.331265,47.015984],[27.330658,47.017993],[27.33084,47.018669],[27.330365,47.019344],[27.330967,47.019767],[27.330682,47.020157],[27.330969,47.02073],[27.331422,47.020982],[27.332103,47.020787],[27.33251,47.021519],[27.329109,47.023149],[27.328682,47.023891],[27.327206,47.023543],[27.3255,47.024178],[27.324911,47.024826],[27.328217,47.027042],[27.329231,47.027379],[27.331216,47.030099],[27.332513,47.031013],[27.333932,47.031303],[27.334368,47.031726],[27.334329,47.032296],[27.333897,47.032327],[27.333841,47.032861],[27.332799,47.033998],[27.334046,47.03414],[27.335092,47.035888],[27.335733,47.038231],[27.338138,47.039583],[27.338751,47.040459],[27.338777,47.041458],[27.342723,47.040891],[27.342773,47.040516],[27.344294,47.040245],[27.344511,47.042999],[27.347805,47.042925],[27.348588,47.041976],[27.347596,47.041321],[27.348156,47.040919],[27.34833,47.040047],[27.349312,47.038917],[27.349251,47.038429],[27.351543,47.03913],[27.354413,47.039438],[27.355936,47.039316],[27.356452,47.038999],[27.358881,47.039268],[27.360804,47.0388],[27.363474,47.039736],[27.365123,47.039924],[27.367059,47.039437],[27.367869,47.039583],[27.368981,47.03888],[27.371079,47.041523],[27.373898,47.040417],[27.374944,47.040886],[27.376027,47.04004],[27.380384,47.04036],[27.383158,47.041419],[27.383933,47.042315],[27.384553,47.042248],[27.387481,47.043251],[27.387727,47.044435],[27.387128,47.044887],[27.387722,47.047059],[27.387098,47.049243],[27.386994,47.055765],[27.386388,47.056818],[27.38474,47.058383],[27.387206,47.06231],[27.384544,47.06341],[27.383158,47.063353],[27.382988,47.062733],[27.381441,47.062886],[27.381016,47.063212],[27.38013,47.06413],[27.380112,47.064983],[27.381745,47.06656],[27.382523,47.066723],[27.383038,47.068534],[27.377338,47.071275],[27.378562,47.073645],[27.380882,47.075909],[27.382046,47.078435],[27.382476,47.080186],[27.383227,47.081251],[27.383852,47.081283],[27.385119,47.082255],[27.387375,47.084699],[27.387163,47.085172],[27.38499,47.085893],[27.38069,47.086556],[27.380454,47.086882],[27.381304,47.087819],[27.381113,47.089502],[27.38363,47.091167],[27.384209,47.0921],[27.369102,47.092016],[27.369149,47.094414],[27.368033,47.095448],[27.36723,47.095663],[27.365925,47.094569],[27.364693,47.094265],[27.364091,47.094663],[27.362901,47.094822],[27.36334,47.095912],[27.363236,47.096837],[27.364029,47.098323],[27.363788,47.098865],[27.364514,47.099066],[27.36491,47.099882],[27.364846,47.101021],[27.365446,47.101659],[27.36443,47.101708],[27.364183,47.102542],[27.363322,47.103086],[27.361913,47.102356],[27.361142,47.102381],[27.362107,47.103016],[27.360499,47.102924],[27.362373,47.10426],[27.362387,47.107061],[27.364266,47.105672],[27.366029,47.105554],[27.366423,47.105038],[27.367637,47.105206],[27.36909,47.106291],[27.366324,47.107485],[27.365941,47.108889],[27.366243,47.110362],[27.363785,47.110607],[27.361016,47.111802],[27.351096,47.11376],[27.34918,47.114363],[27.347643,47.115511],[27.345537,47.11409],[27.343694,47.115987]]]]},"properties":{"FID":31,"localId":"ROSCI0152","CharacterS":"Ordinul ministrului nr. 1964/2007","text":"Pădurea Floreanu - Frumușica - Ciurea","Arie":18917.223,"Tip_anp":"Sit de importanță comunitară"}},{"type":"Feature","id":32,"geometry":{"type":"Polygon","coordinates":[[[26.61632,47.273987],[26.614512,47.274816],[26.614446,47.275122],[26.61077,47.276556],[26.6118,47.27548],[26.612171,47.27442],[26.611638,47.274044],[26.611155,47.274217],[26.6098,47.273735],[26.609929,47.272476],[26.609109,47.271544],[26.611932,47.27031],[26.612818,47.268713],[26.615244,47.268357],[26.618658,47.266613],[26.622025,47.268143],[26.621638,47.270766],[26.623418,47.272077],[26.620483,47.273484],[26.617152,47.273665],[26.61632,47.273987]]]},"properties":{"FID":32,"localId":"ROSAC0159","CharacterS":"Hotărârea nr. 47/2024","text":"Pădurea Homița","Arie":61.177,"Tip_anp":"Arie de protectie speciala"}},{"type":"Feature","id":33,"geometry":{"type":"Polygon","coordinates":[[[27.674222,47.246614],[27.6739,47.247347],[27.67277,47.246587],[27.670362,47.24669],[27.669776,47.247018],[27.667987,47.246968],[27.667822,47.246593],[27.672426,47.243539],[27.67316,47.243693],[27.673604,47.244149],[27.673789,47.244621],[27.673206,47.245659],[27.674222,47.246614]]]},"properties":{"FID":33,"localId":"ROSCI0160","CharacterS":"Ordinul ministrului nr. 1964/2007","text":"Pădurea Icușeni","Arie":9.861,"Tip_anp":"Sit de importanță comunitară"}},{"type":"Feature","id":34,"geometry":{"type":"Polygon","coordinates":[[[27.648113,47.299161],[27.645901,47.299374],[27.641712,47.300954],[27.634157,47.302104],[27.632759,47.30282],[27.631496,47.302615],[27.629742,47.301523],[27.630969,47.300808],[27.634688,47.299875],[27.641716,47.294924],[27.648153,47.291434],[27.653342,47.289776],[27.653731,47.290007],[27.654867,47.289693],[27.65721,47.288567],[27.654914,47.288658],[27.654418,47.288301],[27.655832,47.287682],[27.657667,47.287892],[27.658231,47.288449],[27.657658,47.289322],[27.655373,47.290785],[27.65679,47.290018],[27.657522,47.290163],[27.65928,47.288837],[27.659628,47.288195],[27.662772,47.292018],[27.655726,47.294781],[27.650966,47.296185],[27.652082,47.297793],[27.649587,47.296779],[27.64839,47.297116],[27.648036,47.297601],[27.648113,47.299161]]]},"properties":{"FID":34,"localId":"ROSAC0161","CharacterS":"Hotărârea nr. 47/2024","text":"Pădurea Medeleni","Arie":129.787,"Tip_anp":"Arie de protectie speciala"}},{"type":"Feature","id":35,"geometry":{"type":"Polygon","coordinates":[[[27.408529,47.445866],[27.408342,47.446092],[27.408721,47.446336],[27.407498,47.446621],[27.405488,47.446315],[27.403178,47.445144],[27.402185,47.443979],[27.401594,47.442796],[27.401512,47.44107],[27.402398,47.437484],[27.403075,47.436684],[27.405856,47.435778],[27.410668,47.437095],[27.412495,47.438389],[27.412562,47.438975],[27.411066,47.439636],[27.410493,47.440417],[27.409483,47.440558],[27.40817,47.441783],[27.408128,47.442127],[27.408709,47.442425],[27.408629,47.443752],[27.408357,47.443763],[27.40871,47.445472],[27.408529,47.445866]]]},"properties":{"FID":35,"localId":"ROSAC0167","CharacterS":"Hotărârea nr. 47/2024","text":"Pădurea Roșcani","Arie":63.506,"Tip_anp":"Arie de protectie speciala"}},{"type":"Feature","id":36,"geometry":{"type":"Polygon","coordinates":[[[27.494515,47.245356],[27.493817,47.246082],[27.494177,47.246593],[27.492799,47.247225],[27.488816,47.245243],[27.486724,47.246141],[27.483845,47.246462],[27.482655,47.246223],[27.481055,47.246898],[27.480456,47.246674],[27.481806,47.245434],[27.483858,47.24453],[27.484743,47.241178],[27.487794,47.238175],[27.49327,47.234569],[27.497751,47.232499],[27.499204,47.234645],[27.500859,47.235873],[27.503694,47.234288],[27.503869,47.233937],[27.50431,47.234052],[27.505131,47.233461],[27.507275,47.236036],[27.506952,47.237032],[27.506126,47.237949],[27.51039,47.236677],[27.510123,47.240669],[27.510353,47.241936],[27.509953,47.24261],[27.510658,47.243118],[27.50943,47.243934],[27.509078,47.244703],[27.509307,47.245326],[27.509986,47.245619],[27.509939,47.246405],[27.507694,47.246579],[27.5076,47.245361],[27.506865,47.244451],[27.50732,47.244135],[27.507209,47.243243],[27.506234,47.243316],[27.505247,47.244374],[27.504998,47.245483],[27.504171,47.245583],[27.503508,47.244469],[27.503759,47.244377],[27.502855,47.242132],[27.503081,47.241627],[27.500568,47.24229],[27.501146,47.244089],[27.497283,47.243584],[27.496614,47.244663],[27.495406,47.244873],[27.494589,47.24476],[27.49374,47.2439],[27.493536,47.244191],[27.494515,47.245356]]]},"properties":{"FID":36,"localId":"ROSAC0171","CharacterS":"Hotărârea nr. 47/2024","text":"Pădurea și Pajiștile de la Mârzești","Arie":202.111,"Tip_anp":"Arie de protectie speciala"}},{"type":"Feature","id":37,"geometry":{"type":"Polygon","coordinates":[[[26.618259,47.316837],[26.615674,47.318009],[26.612614,47.318556],[26.611482,47.318466],[26.612456,47.31472],[26.613569,47.312768],[26.619309,47.308272],[26.621504,47.306065],[26.623859,47.307103],[26.621467,47.309851],[26.62021,47.312288],[26.619653,47.315148],[26.61914,47.316144],[26.619475,47.316919],[26.618259,47.316837]]]},"properties":{"FID":37,"localId":"ROSAC0176","CharacterS":"Hotărârea nr. 47/2024","text":"Pădurea Tătăruși","Arie":53.154,"Tip_anp":"Arie de protectie speciala"}},{"type":"Feature","id":38,"geometry":{"type":"Polygon","coordinates":[[[27.490768,47.147002],[27.490122,47.14746],[27.489347,47.148744],[27.488773,47.148554],[27.488939,47.14785],[27.48434,47.147155],[27.480135,47.147151],[27.480552,47.147402],[27.480093,47.148048],[27.478894,47.14764],[27.479034,47.147418],[27.478419,47.147091],[27.477924,47.147097],[27.477929,47.145826],[27.477334,47.145355],[27.477761,47.144634],[27.477091,47.143975],[27.477607,47.143652],[27.477617,47.142685],[27.479902,47.140835],[27.488023,47.139337],[27.488598,47.138599],[27.489651,47.139035],[27.488878,47.139644],[27.490497,47.1404],[27.491201,47.141142],[27.495764,47.142349],[27.499369,47.142747],[27.498109,47.145415],[27.494949,47.148274],[27.492825,47.147613],[27.49349,47.146787],[27.49123,47.146066],[27.490768,47.147002]]]},"properties":{"FID":38,"localId":"ROSAC0181","CharacterS":"Hotărârea nr. 47/2024","text":"Pădurea Uricani","Arie":114.017,"Tip_anp":"Arie de protectie speciala"}},{"type":"Feature","id":39,"geometry":{"type":"MultiPolygon","coordinates":[[[[28.113473,46.838794],[28.108148,46.841389],[28.113708,46.838648],[28.113473,46.838794]]],[[[28.110008,46.919048],[28.10716,46.917158],[28.104666,46.914452],[28.101754,46.914878],[28.096954,46.914244],[28.094171,46.911469],[28.092649,46.91058],[28.091482,46.910584],[28.089749,46.911101],[28.087738,46.910887],[28.081735,46.905361],[28.081324,46.904382],[28.08199,46.903474],[28.081785,46.902769],[28.082322,46.901899],[28.081228,46.900501],[28.080534,46.900173],[28.081163,46.899107],[28.080766,46.898544],[28.081532,46.897295],[28.084093,46.895066],[28.085053,46.89493],[28.084777,46.893621],[28.085568,46.892473],[28.08582,46.889826],[28.086106,46.889429],[28.087762,46.888033],[28.08989,46.88716],[28.091619,46.887061],[28.096277,46.887929],[28.097062,46.887698],[28.10159,46.884849],[28.104857,46.87885],[28.104856,46.878226],[28.104088,46.877654],[28.098974,46.875744],[28.095022,46.870591],[28.09713,46.869712],[28.097219,46.869129],[28.096762,46.868825],[28.096856,46.868347],[28.099148,46.868217],[28.099559,46.867727],[28.100724,46.867909],[28.10789,46.861452],[28.108909,46.860966],[28.111505,46.858803],[28.113343,46.856279],[28.114146,46.855668],[28.11501,46.852594],[28.116483,46.851517],[28.110347,46.847125],[28.109867,46.846307],[28.107382,46.846077],[28.107434,46.844431],[28.106151,46.842374],[28.10778,46.841571],[28.107431,46.841956],[28.107601,46.842919],[28.109261,46.844351],[28.11012,46.844143],[28.110938,46.842522],[28.11382,46.842179],[28.114196,46.842752],[28.114701,46.845773],[28.115269,46.847205],[28.11755,46.849213],[28.11909,46.84992],[28.119821,46.849833],[28.121056,46.848552],[28.123843,46.847862],[28.124744,46.849844],[28.125865,46.850892],[28.126181,46.852277],[28.123345,46.852952],[28.120872,46.852539],[28.119203,46.852599],[28.117213,46.853833],[28.117269,46.854914],[28.11949,46.85542],[28.121217,46.858079],[28.116126,46.859975],[28.113499,46.861369],[28.110565,46.863175],[28.107577,46.865746],[28.107746,46.866606],[28.109534,46.86752],[28.111022,46.869908],[28.102717,46.869537],[28.098733,46.869815],[28.098249,46.870384],[28.098291,46.871115],[28.09896,46.872233],[28.101571,46.873795],[28.103758,46.874031],[28.105463,46.873313],[28.112158,46.875901],[28.113005,46.876855],[28.113847,46.877242],[28.116436,46.877555],[28.117557,46.877988],[28.115784,46.88051],[28.112786,46.881579],[28.112304,46.882363],[28.112296,46.883728],[28.11311,46.885593],[28.113364,46.893128],[28.111498,46.895215],[28.110523,46.895593],[28.109512,46.895393],[28.109244,46.894566],[28.110063,46.890368],[28.109596,46.889455],[28.108488,46.889005],[28.107565,46.889524],[28.10606,46.892432],[28.10321,46.895758],[28.102321,46.895731],[28.097619,46.892148],[28.096808,46.891913],[28.095858,46.892302],[28.095329,46.894812],[28.094332,46.895966],[28.089312,46.896084],[28.087249,46.895023],[28.085989,46.894973],[28.085394,46.895477],[28.085504,46.896564],[28.086459,46.897963],[28.087303,46.89849],[28.087984,46.900108],[28.084826,46.900815],[28.083425,46.901709],[28.082954,46.902674],[28.083085,46.903205],[28.08506,46.905336],[28.085922,46.907015],[28.087034,46.907733],[28.088104,46.907391],[28.09048,46.905689],[28.091778,46.905258],[28.095136,46.90563],[28.095569,46.906021],[28.095332,46.9065],[28.093396,46.908851],[28.093816,46.909799],[28.095612,46.91052],[28.097813,46.910699],[28.09904,46.910512],[28.099926,46.909953],[28.110008,46.919048]]],[[[28.111914,46.920766],[28.11054,46.921181],[28.111324,46.920879],[28.109935,46.919176],[28.111914,46.920766]]],[[[28.105703,46.923973],[28.105941,46.92383],[28.106004,46.923817],[28.105703,46.923973]]],[[[28.087479,46.934791],[28.089172,46.935452],[28.086632,46.935964],[28.086606,46.935091],[28.087479,46.934791]]],[[[28.078814,46.984919],[28.078102,46.985096],[28.077577,46.985943],[28.078544,46.987154],[28.077092,46.98624],[28.077639,46.985079],[28.077408,46.98495],[28.077847,46.984435],[28.079791,46.98402],[28.080391,46.982977],[28.081479,46.982042],[28.086011,46.980497],[28.083275,46.979598],[28.082951,46.979958],[28.082348,46.979812],[28.082481,46.979478],[28.082977,46.979565],[28.083348,46.978731],[28.082595,46.978546],[28.083598,46.975015],[28.082278,46.971011],[28.077209,46.966653],[28.075255,46.964342],[28.075281,46.963824],[28.076896,46.961102],[28.081677,46.954625],[28.08298,46.953167],[28.085061,46.951808],[28.088837,46.94712],[28.091314,46.946659],[28.093001,46.947382],[28.094227,46.946637],[28.094947,46.945609],[28.094576,46.944471],[28.093229,46.944494],[28.090679,46.943866],[28.089783,46.943158],[28.087176,46.942056],[28.086912,46.94148],[28.08705,46.940583],[28.08783,46.939283],[28.086925,46.939161],[28.086999,46.938672],[28.086127,46.938626],[28.085386,46.939339],[28.082803,46.940732],[28.079962,46.939157],[28.079499,46.938566],[28.079528,46.93792],[28.081846,46.934603],[28.083333,46.933543],[28.090746,46.932493],[28.09163,46.932807],[28.093795,46.932367],[28.094708,46.932551],[28.095084,46.932273],[28.095062,46.933071],[28.09601,46.93319],[28.102133,46.931964],[28.103084,46.931034],[28.09882,46.930782],[28.095832,46.929345],[28.095733,46.928526],[28.096635,46.92759],[28.099064,46.926253],[28.101242,46.925781],[28.102201,46.92521],[28.101788,46.925018],[28.102003,46.924866],[28.102871,46.92498],[28.105645,46.924002],[28.101551,46.926116],[28.097829,46.927494],[28.096076,46.92869],[28.096504,46.929411],[28.099987,46.930755],[28.101481,46.930266],[28.101738,46.929764],[28.101348,46.92893],[28.104738,46.929274],[28.104719,46.931747],[28.103782,46.93229],[28.099067,46.933357],[28.084442,46.93397],[28.082894,46.935059],[28.081144,46.93713],[28.081371,46.938165],[28.083609,46.939207],[28.085004,46.939177],[28.086107,46.937938],[28.089098,46.938862],[28.088267,46.939541],[28.087455,46.941158],[28.087434,46.941722],[28.087953,46.942045],[28.088789,46.941732],[28.089831,46.940299],[28.091443,46.939586],[28.096422,46.941123],[28.098174,46.949133],[28.097435,46.949811],[28.09342,46.949144],[28.09181,46.947024],[28.090943,46.946848],[28.090188,46.947189],[28.089556,46.948666],[28.089708,46.9498],[28.090098,46.950833],[28.091425,46.952289],[28.093191,46.956648],[28.088462,46.955945],[28.086439,46.956145],[28.08451,46.956817],[28.081006,46.959071],[28.079045,46.96138],[28.078338,46.962784],[28.07909,46.964015],[28.080309,46.964697],[28.085072,46.969231],[28.084393,46.970915],[28.084597,46.971694],[28.085326,46.97255],[28.08727,46.9737],[28.090155,46.97407],[28.095592,46.979243],[28.089968,46.980859],[28.088605,46.981819],[28.087431,46.98343],[28.083236,46.98506],[28.078814,46.984919]]],[[[28.037447,47.028895],[28.035653,47.029711],[28.037585,47.028543],[28.038437,47.027615],[28.038992,47.02596],[28.039779,47.025044],[28.040012,47.023623],[28.039774,47.022018],[28.040612,47.020607],[28.04149,47.020069],[28.043389,47.01988],[28.04427,47.020274],[28.045227,47.021351],[28.045718,47.022956],[28.046689,47.02272],[28.047323,47.022988],[28.047692,47.022349],[28.048273,47.022417],[28.05008,47.020495],[28.051414,47.01812],[28.051683,47.01624],[28.050915,47.015865],[28.049815,47.016179],[28.048044,47.017864],[28.043803,47.019649],[28.041514,47.019612],[28.039205,47.019033],[28.036572,47.017722],[28.035552,47.016565],[28.032708,47.014593],[28.031195,47.012843],[28.031089,47.011484],[28.032461,47.009864],[28.038513,47.00709],[28.03889,47.007586],[28.039189,47.006842],[28.039974,47.006185],[28.043014,47.005246],[28.044982,47.003321],[28.048069,47.001841],[28.051837,47.000854],[28.054507,46.999262],[28.058413,46.998432],[28.063757,46.996712],[28.074475,46.991768],[28.079279,46.990706],[28.079344,46.991025],[28.077004,46.991331],[28.074405,46.992142],[28.063003,46.997269],[28.058635,46.998677],[28.054594,46.999534],[28.054303,47.000248],[28.055642,47.001359],[28.054358,47.005518],[28.053325,47.006002],[28.051052,47.00461],[28.053542,47.002624],[28.053381,47.001782],[28.05296,47.001463],[28.050348,47.001462],[28.045875,47.003194],[28.043919,47.005212],[28.040734,47.00615],[28.039462,47.007151],[28.039362,47.00766],[28.040251,47.007967],[28.042397,47.00699],[28.043344,47.007495],[28.043458,47.007975],[28.04254,47.009529],[28.039722,47.011945],[28.037081,47.012028],[28.036202,47.011316],[28.036285,47.010425],[28.035832,47.010012],[28.034044,47.010258],[28.032621,47.010924],[28.032133,47.012256],[28.033371,47.014127],[28.03784,47.018132],[28.041088,47.019159],[28.04325,47.01921],[28.045434,47.018606],[28.047667,47.017209],[28.049482,47.015591],[28.053336,47.01422],[28.051119,47.021276],[28.048944,47.024214],[28.045323,47.02361],[28.045178,47.022337],[28.044224,47.020739],[28.043275,47.020154],[28.041707,47.0203],[28.040487,47.021512],[28.040337,47.024036],[28.038745,47.027671],[28.037447,47.028895]]],[[[28.03353,47.030046],[28.034425,47.030109],[28.031063,47.029992],[28.03353,47.030046]]],[[[27.995889,47.028895],[27.995028,47.02908],[27.994422,47.02978],[27.99478,47.031476],[27.99408,47.032943],[27.993577,47.031083],[27.993966,47.029433],[27.993782,47.028955],[27.994673,47.028426],[27.99509,47.027651],[28.003773,47.026217],[28.009358,47.024335],[28.011567,47.023256],[28.01186,47.021878],[28.012471,47.021702],[28.012736,47.021079],[28.017679,47.019597],[28.020157,47.0196],[28.021976,47.022506],[28.02337,47.023081],[28.024752,47.024761],[28.02461,47.026601],[28.02422,47.026396],[28.024402,47.024555],[28.023411,47.023659],[28.021403,47.023117],[28.017507,47.023053],[28.014346,47.023838],[28.00874,47.026167],[28.005879,47.02702],[27.997185,47.028941],[27.995889,47.028895]]],[[[27.895821,47.079028],[27.89499,47.078433],[27.895775,47.077478],[27.895625,47.075615],[27.896619,47.073483],[27.898644,47.071972],[27.896688,47.07025],[27.895759,47.070295],[27.898053,47.066717],[27.896989,47.06587],[27.900075,47.06419],[27.904643,47.061073],[27.909202,47.059554],[27.918231,47.053603],[27.919816,47.053448],[27.91974,47.054038],[27.920369,47.054753],[27.920344,47.05559],[27.92168,47.056828],[27.920703,47.058304],[27.923339,47.058912],[27.923988,47.059383],[27.928265,47.057288],[27.930622,47.056943],[27.932559,47.05763],[27.933463,47.059271],[27.934665,47.060042],[27.941709,47.059817],[27.94427,47.058845],[27.945038,47.057595],[27.944975,47.056338],[27.942298,47.051633],[27.942238,47.050477],[27.942647,47.049591],[27.957635,47.040603],[27.960619,47.039995],[27.971424,47.040832],[27.973736,47.039602],[27.976501,47.036677],[27.979214,47.03457],[27.985266,47.033144],[27.986081,47.033104],[27.98747,47.033776],[27.987715,47.035342],[27.988434,47.036157],[27.992412,47.036438],[27.991691,47.037931],[27.988298,47.037328],[27.987249,47.036107],[27.986997,47.034751],[27.986409,47.034408],[27.984075,47.034518],[27.981007,47.035428],[27.978283,47.037091],[27.976836,47.038764],[27.976222,47.040648],[27.971213,47.044795],[27.968463,47.044668],[27.963237,47.043559],[27.961218,47.04271],[27.960747,47.041224],[27.959705,47.041168],[27.958515,47.042425],[27.958057,47.045896],[27.958876,47.0467],[27.960239,47.046645],[27.961635,47.049452],[27.958998,47.04886],[27.955345,47.047487],[27.951648,47.046864],[27.948646,47.047785],[27.946239,47.049604],[27.944477,47.049782],[27.944053,47.050609],[27.944591,47.051925],[27.946782,47.053087],[27.947279,47.053955],[27.95006,47.054168],[27.952056,47.054828],[27.95387,47.054459],[27.958651,47.054825],[27.957419,47.058132],[27.950098,47.059891],[27.94692,47.05989],[27.945313,47.060261],[27.943866,47.061461],[27.941857,47.06482],[27.939542,47.065789],[27.939407,47.063884],[27.938246,47.062763],[27.936117,47.062085],[27.933026,47.061919],[27.93079,47.062403],[27.928646,47.063626],[27.918041,47.067073],[27.916403,47.066966],[27.915391,47.067934],[27.913965,47.068397],[27.904383,47.076745],[27.903498,47.076177],[27.90239,47.074732],[27.900622,47.073635],[27.897938,47.073083],[27.897165,47.073803],[27.89698,47.074907],[27.896404,47.074706],[27.895821,47.079028]]],[[[27.895023,47.084939],[27.89434,47.085952],[27.892805,47.086674],[27.894431,47.084554],[27.895313,47.082794],[27.895023,47.084939]]],[[[27.884196,47.089913],[27.882829,47.090065],[27.880624,47.09095],[27.87978,47.091704],[27.879596,47.092881],[27.879004,47.093158],[27.878807,47.092555],[27.879373,47.091279],[27.881606,47.089837],[27.884054,47.089285],[27.886257,47.089751],[27.885639,47.090041],[27.884196,47.089913]]],[[[27.830446,47.117057],[27.829117,47.118177],[27.827745,47.120173],[27.82559,47.121981],[27.825767,47.122689],[27.827237,47.123638],[27.827153,47.12397],[27.828568,47.12453],[27.826025,47.123901],[27.824152,47.122925],[27.823957,47.122669],[27.824236,47.121778],[27.826432,47.119248],[27.827451,47.11744],[27.827395,47.116843],[27.826143,47.116886],[27.826089,47.116208],[27.828405,47.115849],[27.832934,47.113831],[27.836486,47.11346],[27.841966,47.110489],[27.845632,47.109373],[27.846419,47.10756],[27.847668,47.106688],[27.849012,47.106382],[27.853293,47.106873],[27.854098,47.106239],[27.854637,47.104766],[27.857214,47.104008],[27.859242,47.102632],[27.864394,47.102831],[27.865761,47.103813],[27.86701,47.102095],[27.868796,47.101771],[27.869381,47.101914],[27.870297,47.102783],[27.871241,47.102877],[27.873607,47.101836],[27.877412,47.100755],[27.880342,47.099084],[27.882161,47.098855],[27.881918,47.098673],[27.882444,47.098665],[27.882873,47.098184],[27.880551,47.095696],[27.879102,47.093419],[27.883199,47.098511],[27.879466,47.100061],[27.873285,47.103339],[27.870549,47.103267],[27.868715,47.102115],[27.867674,47.102188],[27.866919,47.102663],[27.866786,47.103649],[27.867959,47.104512],[27.872145,47.104564],[27.874036,47.10815],[27.872186,47.108206],[27.863514,47.106515],[27.864473,47.104686],[27.864194,47.104129],[27.862845,47.103542],[27.860128,47.103439],[27.856959,47.10497],[27.854284,47.107673],[27.854311,47.10898],[27.855912,47.110449],[27.855074,47.11301],[27.84872,47.113212],[27.840509,47.114737],[27.836123,47.114868],[27.832293,47.115974],[27.830446,47.117057]]],[[[27.846972,47.132739],[27.846541,47.132998],[27.842538,47.133323],[27.842109,47.132981],[27.84311,47.131981],[27.844747,47.132684],[27.845601,47.132398],[27.847467,47.13095],[27.848495,47.129713],[27.848322,47.128912],[27.847421,47.127707],[27.845349,47.12627],[27.845029,47.126235],[27.844279,47.126983],[27.843434,47.128419],[27.842108,47.129636],[27.840097,47.130453],[27.838682,47.130562],[27.837605,47.130099],[27.836865,47.127816],[27.837549,47.128087],[27.837594,47.128912],[27.838147,47.129824],[27.838987,47.130126],[27.840241,47.12994],[27.841978,47.129078],[27.843594,47.127091],[27.843986,47.125637],[27.843898,47.124167],[27.848574,47.123905],[27.851686,47.126992],[27.851705,47.127668],[27.850017,47.130679],[27.846972,47.132739]]],[[[27.799346,47.1832],[27.798274,47.181518],[27.797647,47.181425],[27.797106,47.180186],[27.789881,47.181196],[27.789757,47.181932],[27.789367,47.182035],[27.786075,47.181773],[27.786635,47.177699],[27.78943,47.172703],[27.790676,47.171105],[27.792957,47.1703],[27.797801,47.166857],[27.799189,47.167563],[27.804295,47.165718],[27.807172,47.165231],[27.804801,47.162894],[27.800108,47.164123],[27.79949,47.162901],[27.79688,47.160673],[27.796424,47.15775],[27.792782,47.155693],[27.789605,47.155067],[27.787023,47.153527],[27.787048,47.153162],[27.786616,47.153195],[27.786067,47.152734],[27.786079,47.152353],[27.784345,47.151893],[27.783733,47.152194],[27.783506,47.152012],[27.783997,47.15157],[27.783881,47.151193],[27.780022,47.143709],[27.779955,47.142944],[27.780359,47.142164],[27.783082,47.14028],[27.788011,47.139493],[27.796929,47.137479],[27.797586,47.137593],[27.79756,47.137383],[27.798357,47.137281],[27.798613,47.137718],[27.801339,47.137228],[27.804924,47.137359],[27.808635,47.137055],[27.813037,47.137524],[27.818546,47.135727],[27.822879,47.134722],[27.825103,47.135144],[27.827378,47.136777],[27.828539,47.135774],[27.828904,47.134343],[27.830767,47.132913],[27.833813,47.13261],[27.83653,47.132949],[27.838793,47.133628],[27.837711,47.133716],[27.833419,47.132976],[27.83096,47.13333],[27.829193,47.134738],[27.829196,47.135719],[27.829599,47.136173],[27.828718,47.138373],[27.824955,47.135562],[27.822476,47.13517],[27.82023,47.135847],[27.817473,47.137754],[27.814085,47.138296],[27.807054,47.137658],[27.801326,47.137818],[27.792156,47.140027],[27.784222,47.140696],[27.782682,47.141326],[27.780998,47.142665],[27.780731,47.143524],[27.781153,47.144302],[27.783688,47.144822],[27.789137,47.143668],[27.799151,47.143997],[27.795384,47.148881],[27.792193,47.149188],[27.789708,47.147442],[27.787321,47.146798],[27.784804,47.147669],[27.784207,47.148851],[27.784327,47.149947],[27.784004,47.149978],[27.784373,47.150041],[27.785276,47.151272],[27.787269,47.153049],[27.789103,47.153852],[27.79636,47.153451],[27.797492,47.153097],[27.798242,47.1524],[27.800764,47.152829],[27.801418,47.15353],[27.801196,47.155194],[27.802444,47.157216],[27.809157,47.161836],[27.811099,47.163918],[27.807123,47.165841],[27.803488,47.166716],[27.800049,47.168491],[27.797461,47.169282],[27.796414,47.170295],[27.795947,47.172202],[27.796722,47.174596],[27.796656,47.176598],[27.799346,47.1832]]],[[[27.793657,47.18774],[27.788298,47.189035],[27.7869,47.190053],[27.786254,47.19131],[27.786592,47.194206],[27.786191,47.195503],[27.786256,47.197403],[27.787721,47.20243],[27.789016,47.204363],[27.789077,47.204931],[27.787601,47.20332],[27.786856,47.201863],[27.786477,47.200481],[27.786616,47.199876],[27.785516,47.198037],[27.784486,47.194074],[27.785446,47.19114],[27.786145,47.190045],[27.789356,47.188173],[27.791532,47.187474],[27.793968,47.187252],[27.797421,47.187855],[27.801203,47.190032],[27.802041,47.189813],[27.802414,47.190727],[27.800998,47.190597],[27.797042,47.188243],[27.793657,47.18774]]],[[[27.781886,47.212647],[27.777917,47.208868],[27.776385,47.205375],[27.776224,47.20415],[27.776809,47.203561],[27.777981,47.203197],[27.77911,47.203246],[27.781291,47.204076],[27.787266,47.207559],[27.788482,47.207792],[27.789355,47.207487],[27.789417,47.208059],[27.788595,47.208254],[27.785789,47.207612],[27.780119,47.20409],[27.778533,47.203629],[27.777499,47.203906],[27.776895,47.204764],[27.77697,47.20541],[27.778517,47.208373],[27.780291,47.210078],[27.781886,47.212647]]],[[[27.705535,47.300144],[27.703995,47.299795],[27.703973,47.294172],[27.706637,47.290691],[27.706665,47.290135],[27.70617,47.289594],[27.703673,47.289352],[27.699739,47.290529],[27.692698,47.291955],[27.691108,47.291958],[27.690647,47.291495],[27.693538,47.291608],[27.699194,47.290385],[27.703693,47.288953],[27.706145,47.289128],[27.706887,47.289781],[27.707028,47.290381],[27.704705,47.294368],[27.704143,47.297588],[27.70428,47.298659],[27.704977,47.299393],[27.706747,47.298555],[27.707061,47.298984],[27.709898,47.297335],[27.711655,47.296821],[27.717391,47.293278],[27.71719,47.292933],[27.719226,47.292505],[27.725017,47.294373],[27.728908,47.293413],[27.731825,47.29214],[27.734293,47.289517],[27.734041,47.289238],[27.735174,47.287733],[27.734983,47.286735],[27.731562,47.284597],[27.732995,47.279759],[27.733112,47.278718],[27.732855,47.278492],[27.734554,47.27394],[27.73446,47.273394],[27.739276,47.271338],[27.741024,47.270133],[27.744678,47.271122],[27.744361,47.270219],[27.744921,47.270206],[27.743658,47.266845],[27.743868,47.264141],[27.740211,47.259826],[27.739539,47.259941],[27.739353,47.258199],[27.739549,47.256409],[27.739982,47.256562],[27.740294,47.257283],[27.740824,47.25746],[27.741185,47.257144],[27.741473,47.254332],[27.742216,47.25267],[27.744232,47.250513],[27.745791,47.24749],[27.744647,47.246824],[27.744089,47.244642],[27.744357,47.24279],[27.745469,47.240961],[27.747009,47.238965],[27.749972,47.237216],[27.753481,47.236824],[27.754661,47.237018],[27.754214,47.234263],[27.753178,47.233043],[27.752986,47.232373],[27.754024,47.230664],[27.755373,47.22981],[27.757054,47.229287],[27.76061,47.229365],[27.765658,47.230503],[27.772607,47.230762],[27.773337,47.229953],[27.770491,47.226118],[27.769577,47.225529],[27.768329,47.223782],[27.769056,47.221299],[27.769685,47.220721],[27.771041,47.220436],[27.775172,47.220305],[27.780347,47.219462],[27.781095,47.218867],[27.783488,47.215228],[27.785715,47.218816],[27.778485,47.220866],[27.775789,47.220698],[27.771338,47.220956],[27.770093,47.221187],[27.769516,47.221627],[27.769311,47.222355],[27.770639,47.223091],[27.77438,47.23103],[27.76614,47.231391],[27.759661,47.229876],[27.755848,47.230127],[27.754467,47.23089],[27.753963,47.232225],[27.755507,47.235078],[27.757402,47.23645],[27.758323,47.239594],[27.757088,47.239941],[27.75557,47.238374],[27.754324,47.237628],[27.752103,47.237743],[27.749825,47.238412],[27.74654,47.240957],[27.745621,47.242029],[27.744742,47.244306],[27.745157,47.24591],[27.748662,47.249288],[27.750141,47.249116],[27.750513,47.248146],[27.756876,47.250382],[27.7515,47.254512],[27.74707,47.253264],[27.746856,47.251695],[27.746424,47.251248],[27.745543,47.251084],[27.744333,47.251412],[27.74275,47.253545],[27.742051,47.255629],[27.742102,47.256582],[27.743531,47.257526],[27.74557,47.257975],[27.747837,47.258069],[27.749168,47.257548],[27.75708,47.259298],[27.748975,47.261941],[27.745915,47.263377],[27.744785,47.264403],[27.744383,47.265262],[27.744362,47.266736],[27.747314,47.276021],[27.741932,47.276382],[27.738982,47.275235],[27.737712,47.275723],[27.737502,47.276474],[27.737898,47.277802],[27.737759,47.285483],[27.735721,47.288757],[27.732998,47.291988],[27.728402,47.29513],[27.726799,47.295517],[27.724548,47.295037],[27.72101,47.293548],[27.719163,47.293481],[27.717571,47.294319],[27.713447,47.298423],[27.705535,47.300144]]],[[[27.663499,47.308157],[27.66221,47.308034],[27.661636,47.304989],[27.660306,47.304205],[27.658271,47.30478],[27.656199,47.307133],[27.654998,47.307722],[27.653223,47.308014],[27.650363,47.307883],[27.648644,47.307668],[27.648423,47.307381],[27.652187,47.307671],[27.654722,47.307399],[27.656001,47.306728],[27.65819,47.304355],[27.660591,47.303836],[27.662139,47.30497],[27.662161,47.306454],[27.662609,47.307878],[27.663402,47.307993],[27.664237,47.307544],[27.663499,47.308157]]],[[[27.679589,47.299706],[27.680593,47.305281],[27.679611,47.309246],[27.675942,47.310164],[27.674704,47.309782],[27.674604,47.308407],[27.676481,47.305907],[27.676739,47.304267],[27.676432,47.301891],[27.675991,47.300939],[27.674829,47.299829],[27.673534,47.299316],[27.671267,47.299568],[27.669828,47.300329],[27.668089,47.302546],[27.666473,47.305686],[27.665195,47.306748],[27.668175,47.301468],[27.669155,47.300371],[27.670576,47.299425],[27.67343,47.298868],[27.674702,47.299367],[27.675842,47.298886],[27.678782,47.299549],[27.679278,47.297858],[27.67982,47.29718],[27.681412,47.296455],[27.681836,47.294684],[27.682545,47.294264],[27.682175,47.292405],[27.681991,47.287481],[27.682813,47.286002],[27.683502,47.28509],[27.685178,47.284111],[27.686182,47.283966],[27.687648,47.284289],[27.689171,47.285748],[27.689363,47.286436],[27.688963,47.288546],[27.689511,47.290035],[27.690372,47.291219],[27.688612,47.289454],[27.688691,47.286464],[27.687607,47.284772],[27.6861,47.284322],[27.684669,47.285138],[27.683283,47.286694],[27.682828,47.288444],[27.682764,47.292347],[27.683652,47.294715],[27.683054,47.296949],[27.681516,47.297049],[27.680627,47.297474],[27.679875,47.298432],[27.679589,47.299706]]],[[[27.57725,47.33502],[27.577123,47.331422],[27.579215,47.330799],[27.57911,47.329755],[27.579798,47.329414],[27.580011,47.328384],[27.580858,47.327259],[27.583907,47.326499],[27.587603,47.326735],[27.589186,47.325877],[27.592102,47.322392],[27.590948,47.320738],[27.596105,47.31648],[27.598767,47.316131],[27.601604,47.316692],[27.608403,47.316608],[27.610758,47.317387],[27.612803,47.317162],[27.613023,47.316247],[27.616711,47.315874],[27.620824,47.314302],[27.616554,47.310495],[27.623842,47.306884],[27.625633,47.305682],[27.626544,47.304477],[27.627636,47.304385],[27.628345,47.304722],[27.630805,47.303491],[27.632029,47.303031],[27.632302,47.303182],[27.633923,47.302167],[27.641712,47.300954],[27.646241,47.299304],[27.648449,47.299213],[27.649212,47.299979],[27.649311,47.302513],[27.649049,47.303577],[27.647039,47.305582],[27.646832,47.305313],[27.648196,47.303861],[27.648732,47.302602],[27.648887,47.300257],[27.64867,47.29976],[27.648115,47.299519],[27.646519,47.29956],[27.641697,47.301278],[27.63478,47.302221],[27.633116,47.302919],[27.632783,47.303554],[27.632936,47.304452],[27.634829,47.306374],[27.637894,47.312134],[27.633434,47.312106],[27.631795,47.309833],[27.630781,47.309293],[27.629703,47.309304],[27.628017,47.310047],[27.627166,47.310954],[27.6272,47.312971],[27.621545,47.326049],[27.620459,47.325242],[27.618424,47.321114],[27.617461,47.319905],[27.609561,47.317286],[27.60606,47.316982],[27.605184,47.317535],[27.605217,47.318474],[27.606464,47.319741],[27.608088,47.320757],[27.610472,47.326345],[27.603816,47.328362],[27.601214,47.325395],[27.599947,47.321807],[27.60165,47.320155],[27.601988,47.31924],[27.601867,47.318465],[27.601235,47.317552],[27.600391,47.317194],[27.598132,47.317306],[27.595169,47.318528],[27.593231,47.319971],[27.592419,47.321139],[27.592391,47.321787],[27.592809,47.322359],[27.594652,47.323269],[27.595202,47.327145],[27.594436,47.327501],[27.590775,47.327846],[27.583722,47.32687],[27.581712,47.327317],[27.580435,47.328538],[27.580628,47.329319],[27.581348,47.330173],[27.584508,47.331517],[27.587655,47.332006],[27.594224,47.332274],[27.595203,47.332106],[27.595823,47.331367],[27.59691,47.331247],[27.596341,47.332056],[27.594997,47.332836],[27.583526,47.332918],[27.582592,47.333196],[27.583428,47.334783],[27.57725,47.33502]]],[[[27.57775,47.372124],[27.581764,47.373656],[27.581514,47.378066],[27.579507,47.377337],[27.57762,47.374875],[27.574495,47.372677],[27.573184,47.372202],[27.5708,47.372134],[27.569064,47.372846],[27.568734,47.374167],[27.56971,47.375516],[27.569165,47.376451],[27.56858,47.374869],[27.566756,47.375198],[27.565169,47.374618],[27.566024,47.372899],[27.567863,47.370674],[27.574201,47.365947],[27.577434,47.364685],[27.587877,47.362741],[27.58971,47.361986],[27.591494,47.360662],[27.592292,47.359531],[27.593226,47.357131],[27.594093,47.353492],[27.593721,47.351547],[27.592277,47.347518],[27.593476,47.347932],[27.594024,47.347049],[27.596777,47.344903],[27.597694,47.345617],[27.600605,47.345917],[27.601828,47.346387],[27.602399,47.346788],[27.601932,47.347785],[27.602523,47.348215],[27.604759,47.344498],[27.603881,47.342052],[27.603952,47.341256],[27.603129,47.340657],[27.605195,47.338437],[27.607288,47.337327],[27.607369,47.335738],[27.603369,47.332288],[27.602012,47.330684],[27.602564,47.330623],[27.614677,47.340399],[27.611883,47.340193],[27.610585,47.339124],[27.608311,47.338321],[27.606732,47.338375],[27.605291,47.339096],[27.604597,47.340006],[27.604446,47.341071],[27.604771,47.341876],[27.605916,47.343102],[27.60544,47.349509],[27.602374,47.348957],[27.6011,47.348269],[27.599982,47.34692],[27.598314,47.346045],[27.59619,47.346235],[27.594812,47.347686],[27.594803,47.349483],[27.597151,47.353484],[27.59993,47.367541],[27.597721,47.368049],[27.597004,47.368798],[27.593974,47.368771],[27.593757,47.367274],[27.592763,47.366279],[27.589022,47.364781],[27.58803,47.365033],[27.585621,47.367161],[27.58328,47.368086],[27.579374,47.368409],[27.575728,47.367337],[27.57447,47.367617],[27.573317,47.368327],[27.573056,47.369715],[27.57366,47.370778],[27.57775,47.372124]]],[[[27.568506,47.377582],[27.568549,47.377917],[27.5671,47.379563],[27.567801,47.380498],[27.568955,47.381083],[27.569041,47.381754],[27.56739,47.380687],[27.566713,47.379509],[27.567439,47.378128],[27.568611,47.377402],[27.568506,47.377582]]],[[[27.578853,47.398802],[27.577171,47.399147],[27.575225,47.398964],[27.570608,47.396183],[27.568752,47.39448],[27.568433,47.392807],[27.568849,47.390157],[27.567591,47.386095],[27.567842,47.385096],[27.569252,47.383397],[27.569317,47.383902],[27.568554,47.384629],[27.568116,47.385925],[27.569333,47.390261],[27.568914,47.392523],[27.569204,47.394108],[27.570419,47.395578],[27.5753,47.398643],[27.577184,47.398801],[27.579256,47.398063],[27.580165,47.398119],[27.581402,47.398612],[27.581455,47.398884],[27.580359,47.3984],[27.578853,47.398802]]],[[[27.578128,47.407624],[27.57702,47.407879],[27.575427,47.408817],[27.574254,47.410378],[27.573891,47.411811],[27.574163,47.414407],[27.573916,47.415583],[27.573537,47.411379],[27.574614,47.40893],[27.576892,47.40752],[27.578287,47.407265],[27.580348,47.407804],[27.581663,47.408968],[27.581166,47.409057],[27.57961,47.407856],[27.578128,47.407624]]],[[[27.456008,47.513351],[27.45576,47.513002],[27.453767,47.512613],[27.452735,47.511579],[27.452186,47.509534],[27.452418,47.507813],[27.452895,47.506925],[27.453851,47.505649],[27.456501,47.503219],[27.457999,47.501247],[27.458007,47.50054],[27.459327,47.499755],[27.461569,47.49679],[27.462495,47.494215],[27.463874,47.49294],[27.463855,47.490825],[27.464978,47.489661],[27.466988,47.488341],[27.468537,47.488234],[27.469963,47.487057],[27.470899,47.487004],[27.472607,47.485928],[27.471452,47.485465],[27.472842,47.485133],[27.473279,47.485315],[27.473556,47.484793],[27.474762,47.484551],[27.475095,47.484145],[27.477988,47.484385],[27.479806,47.484921],[27.481153,47.484021],[27.484611,47.484046],[27.485937,47.48256],[27.487115,47.482057],[27.490688,47.481745],[27.490572,47.480995],[27.493146,47.479272],[27.496339,47.478459],[27.497361,47.477842],[27.499242,47.478024],[27.502619,47.47774],[27.503098,47.476941],[27.502255,47.476873],[27.502766,47.476386],[27.502062,47.476061],[27.502262,47.475771],[27.501838,47.474519],[27.508611,47.476095],[27.512599,47.472861],[27.514085,47.472559],[27.519976,47.472787],[27.532049,47.474275],[27.535292,47.474243],[27.541644,47.473089],[27.544491,47.472173],[27.549087,47.47022],[27.551032,47.468968],[27.552753,47.467377],[27.55578,47.462918],[27.562931,47.455689],[27.563884,47.453349],[27.563631,47.452101],[27.562639,47.450757],[27.560541,47.449591],[27.557437,47.448625],[27.556295,47.447602],[27.556171,47.445982],[27.55718,47.443168],[27.557201,47.441954],[27.556694,47.440029],[27.555896,47.438744],[27.552436,47.435738],[27.551049,47.43354],[27.550828,47.431744],[27.55166,47.428343],[27.552781,47.42657],[27.554275,47.42516],[27.557687,47.422885],[27.559741,47.421934],[27.562005,47.421297],[27.568026,47.420938],[27.570137,47.420046],[27.573109,47.419421],[27.573036,47.419768],[27.570488,47.42048],[27.569944,47.421358],[27.570117,47.422196],[27.567571,47.424107],[27.56698,47.423139],[27.565923,47.422442],[27.563635,47.422308],[27.561604,47.423562],[27.560384,47.423366],[27.559328,47.424615],[27.5565,47.425579],[27.554218,47.427892],[27.552511,47.433226],[27.552853,47.434165],[27.553667,47.434643],[27.55763,47.435376],[27.558652,47.435839],[27.560163,47.437003],[27.561014,47.438329],[27.561174,47.439204],[27.560845,47.440101],[27.557358,47.445181],[27.557121,47.446502],[27.557648,47.447294],[27.558727,47.447706],[27.560957,47.447638],[27.572082,47.453219],[27.573065,47.454962],[27.573381,47.462472],[27.573062,47.463157],[27.567185,47.463818],[27.56462,47.462874],[27.562513,47.462581],[27.560638,47.462842],[27.559502,47.463412],[27.557986,47.464748],[27.557527,47.465764],[27.548561,47.472871],[27.545743,47.474481],[27.54385,47.476301],[27.541919,47.478876],[27.540611,47.483987],[27.540638,47.485271],[27.539325,47.488143],[27.532377,47.486643],[27.531887,47.485604],[27.533148,47.48308],[27.535776,47.482517],[27.537238,47.481343],[27.537464,47.479639],[27.536538,47.478377],[27.535116,47.477867],[27.532922,47.47803],[27.52781,47.480808],[27.522691,47.482423],[27.520231,47.479618],[27.519714,47.47752],[27.518615,47.476344],[27.517621,47.474462],[27.516673,47.473887],[27.515102,47.473676],[27.513926,47.474056],[27.513017,47.474786],[27.512159,47.477065],[27.512803,47.483576],[27.51322,47.484472],[27.514914,47.486376],[27.514586,47.489745],[27.512426,47.488548],[27.51089,47.487082],[27.508327,47.486148],[27.50726,47.485292],[27.507016,47.483954],[27.508952,47.481896],[27.509139,47.480443],[27.507852,47.478907],[27.505867,47.478302],[27.503243,47.478189],[27.496755,47.479119],[27.494205,47.479756],[27.492753,47.480575],[27.491191,47.483159],[27.49179,47.484166],[27.493477,47.484926],[27.493248,47.488885],[27.490893,47.488684],[27.483993,47.486892],[27.48135,47.486685],[27.477193,47.485007],[27.475482,47.485029],[27.473717,47.48633],[27.473072,47.488828],[27.472197,47.490137],[27.468785,47.492444],[27.467494,47.493869],[27.467397,47.495562],[27.468192,47.497902],[27.467961,47.49903],[27.467283,47.499892],[27.465546,47.500972],[27.461704,47.502232],[27.458181,47.503812],[27.454578,47.507021],[27.454216,47.50785],[27.454367,47.508967],[27.455927,47.511296],[27.456008,47.513351]]],[[[27.422972,47.562664],[27.421082,47.563038],[27.418844,47.564722],[27.41835,47.565677],[27.417866,47.568015],[27.416756,47.569967],[27.416474,47.571215],[27.417444,47.572597],[27.420472,47.574638],[27.424088,47.578512],[27.42228,47.577354],[27.421594,47.576307],[27.420373,47.575408],[27.418311,47.574693],[27.416165,47.571927],[27.415865,47.570789],[27.416209,47.569184],[27.417082,47.568093],[27.417452,47.565473],[27.419918,47.562632],[27.422721,47.562149],[27.4305,47.562621],[27.429357,47.560944],[27.423491,47.555816],[27.42302,47.554479],[27.423288,47.552986],[27.427633,47.5517],[27.430834,47.548994],[27.430922,47.548153],[27.429722,47.547565],[27.429062,47.546281],[27.428201,47.545891],[27.429924,47.544164],[27.433947,47.540698],[27.437319,47.538686],[27.441526,47.536721],[27.442135,47.536204],[27.442197,47.53565],[27.442864,47.535597],[27.443675,47.535037],[27.442328,47.53387],[27.442504,47.530746],[27.443618,47.529187],[27.445345,47.528271],[27.446425,47.528077],[27.44853,47.526565],[27.449154,47.525734],[27.449827,47.52359],[27.449267,47.52339],[27.450772,47.52167],[27.451692,47.521194],[27.451949,47.520331],[27.451729,47.518722],[27.452592,47.515951],[27.45452,47.515387],[27.456039,47.514165],[27.456071,47.514979],[27.455386,47.515672],[27.455242,47.516644],[27.456414,47.519011],[27.460405,47.521823],[27.465746,47.527481],[27.4626,47.526452],[27.459831,47.524274],[27.456318,47.522857],[27.454543,47.521259],[27.452541,47.521327],[27.451253,47.522001],[27.449556,47.526615],[27.444399,47.529806],[27.44402,47.530803],[27.444536,47.531426],[27.445779,47.531982],[27.450628,47.532349],[27.453549,47.533014],[27.456597,47.536637],[27.452224,47.53677],[27.448557,47.534797],[27.445628,47.534984],[27.443151,47.536454],[27.441725,47.538317],[27.435419,47.541933],[27.430928,47.544099],[27.429695,47.545872],[27.429772,47.546607],[27.430421,47.547218],[27.432272,47.547714],[27.434128,47.547131],[27.439484,47.548538],[27.433314,47.55115],[27.430126,47.55149],[27.425019,47.553245],[27.424065,47.553892],[27.423935,47.554643],[27.424252,47.555395],[27.42701,47.557662],[27.428249,47.559194],[27.429778,47.559826],[27.432082,47.563157],[27.430285,47.563408],[27.426053,47.562755],[27.422972,47.562664]]],[[[27.428045,47.582751],[27.426662,47.582958],[27.427454,47.582118],[27.428045,47.582751]]],[[[27.404971,47.582771],[27.40066,47.584805],[27.397473,47.5872],[27.392397,47.588872],[27.391488,47.588253],[27.397762,47.585848],[27.398777,47.584493],[27.400727,47.58376],[27.401848,47.582765],[27.402846,47.582352],[27.402777,47.582036],[27.403365,47.582063],[27.403621,47.581365],[27.404926,47.580291],[27.407001,47.579722],[27.410505,47.580493],[27.410957,47.580298],[27.411127,47.580626],[27.412997,47.581296],[27.413337,47.581118],[27.413767,47.581505],[27.415918,47.581349],[27.414979,47.582008],[27.414989,47.582375],[27.421068,47.58321],[27.417277,47.58338],[27.411269,47.582591],[27.404971,47.582771]]]]},"properties":{"FID":39,"localId":"ROSCI0213","CharacterS":"Ordinul ministrului nr. 1964/2007","text":"Râul Prut","Arie":10583.363,"Tip_anp":"Sit de importanță comunitară"}},{"type":"Feature","id":40,"geometry":{"type":"Polygon","coordinates":[[[27.380601,47.256322],[27.379128,47.259172],[27.37802,47.260269],[27.377704,47.259821],[27.37673,47.259639],[27.376699,47.258784],[27.377915,47.257263],[27.378772,47.254887],[27.379245,47.254766],[27.378747,47.252945],[27.375985,47.25112],[27.376732,47.250612],[27.375447,47.250256],[27.373961,47.249303],[27.371521,47.247142],[27.370177,47.245569],[27.370449,47.245394],[27.369588,47.242923],[27.369141,47.242954],[27.368945,47.242546],[27.369008,47.241327],[27.370603,47.236275],[27.368556,47.233474],[27.369823,47.229671],[27.371103,47.229747],[27.371043,47.231775],[27.374629,47.231977],[27.375557,47.230068],[27.376425,47.226763],[27.376477,47.225253],[27.375405,47.221056],[27.376475,47.214941],[27.376808,47.204509],[27.377271,47.204323],[27.377339,47.206662],[27.377614,47.206656],[27.377805,47.208055],[27.377611,47.215465],[27.376681,47.219551],[27.376737,47.222229],[27.378001,47.225385],[27.380675,47.22597],[27.381876,47.22798],[27.383561,47.229311],[27.383335,47.229845],[27.382025,47.228987],[27.380643,47.227103],[27.380598,47.225965],[27.377773,47.225728],[27.376684,47.231189],[27.376252,47.231969],[27.375709,47.231913],[27.374827,47.233134],[27.373368,47.237469],[27.371122,47.241185],[27.370808,47.243164],[27.372786,47.246312],[27.376232,47.249034],[27.377063,47.249275],[27.378033,47.247696],[27.380007,47.248468],[27.379541,47.249345],[27.382095,47.250155],[27.380607,47.251341],[27.380848,47.251831],[27.380635,47.252285],[27.379994,47.25222],[27.379701,47.252519],[27.380632,47.254997],[27.384682,47.255572],[27.384877,47.254853],[27.385769,47.25493],[27.386111,47.254613],[27.386098,47.256458],[27.385277,47.257237],[27.384168,47.257215],[27.383559,47.256336],[27.380734,47.25597],[27.380601,47.256322]]]},"properties":{"FID":40,"localId":"ROSAC0221","CharacterS":"Hotărârea nr. 47/2024","text":"Sărăturile din Valea Ilenei","Arie":108.496,"Tip_anp":"Arie de protectie speciala"}},{"type":"Feature","id":41,"geometry":{"type":"Polygon","coordinates":[[[27.304624,47.498125],[27.30401,47.498126],[27.303928,47.497856],[27.304658,47.494582],[27.304482,47.494091],[27.304755,47.493978],[27.30562,47.4905],[27.305809,47.488664],[27.304163,47.488682],[27.304302,47.488344],[27.305014,47.487716],[27.306248,47.488348],[27.306751,47.488239],[27.307224,47.485982],[27.310745,47.485787],[27.3115,47.485541],[27.31171,47.485141],[27.313154,47.485392],[27.314182,47.480738],[27.309006,47.479867],[27.307301,47.480025],[27.307637,47.480484],[27.307186,47.480663],[27.301731,47.480303],[27.299753,47.480648],[27.299044,47.48334],[27.298739,47.486701],[27.288981,47.484583],[27.288702,47.485235],[27.287042,47.48492],[27.286703,47.484508],[27.286535,47.482569],[27.286955,47.482008],[27.287801,47.481752],[27.288926,47.48158],[27.29013,47.481819],[27.290054,47.48126],[27.290791,47.480773],[27.291218,47.479751],[27.294801,47.476528],[27.293604,47.47626],[27.293919,47.475587],[27.294941,47.475528],[27.295246,47.47517],[27.296749,47.475194],[27.297504,47.474441],[27.297906,47.473376],[27.298725,47.473539],[27.298504,47.471538],[27.299286,47.46817],[27.299033,47.46752],[27.300682,47.467259],[27.302156,47.467658],[27.305332,47.44656],[27.312372,47.443537],[27.313536,47.442585],[27.314766,47.44305],[27.314852,47.443657],[27.315942,47.444804],[27.317137,47.445027],[27.31689,47.445611],[27.316467,47.445625],[27.316519,47.446252],[27.316006,47.446327],[27.315838,47.446666],[27.316243,47.446671],[27.31605,47.448311],[27.317222,47.449021],[27.319023,47.449472],[27.318863,47.449978],[27.321152,47.450268],[27.321423,47.449729],[27.322142,47.449857],[27.32288,47.449193],[27.322631,47.446847],[27.32601,47.444111],[27.325476,47.443899],[27.324846,47.4446],[27.323714,47.444297],[27.323877,47.444005],[27.323647,47.443947],[27.322735,47.444529],[27.321772,47.444189],[27.320447,47.444314],[27.320297,47.44408],[27.319518,47.444157],[27.319064,47.444768],[27.318771,47.44471],[27.31885,47.444054],[27.317781,47.443959],[27.318109,47.44358],[27.317981,47.443251],[27.317597,47.443184],[27.316611,47.443975],[27.316372,47.443803],[27.316518,47.443305],[27.316026,47.443561],[27.315817,47.443442],[27.316115,47.443271],[27.315703,47.443395],[27.315206,47.442824],[27.314866,47.443004],[27.313572,47.442501],[27.313951,47.441549],[27.311633,47.441492],[27.310465,47.441028],[27.309109,47.439278],[27.308385,47.439479],[27.308317,47.440113],[27.306334,47.439075],[27.306092,47.437011],[27.306546,47.435153],[27.305996,47.433728],[27.305,47.432678],[27.305323,47.431308],[27.309651,47.428206],[27.31226,47.428738],[27.31558,47.42862],[27.316764,47.426754],[27.317032,47.424996],[27.318462,47.423465],[27.320122,47.42254],[27.322207,47.422348],[27.323414,47.421411],[27.324176,47.421221],[27.328212,47.421081],[27.330017,47.420233],[27.330128,47.419724],[27.33236,47.419081],[27.332138,47.418513],[27.332861,47.418469],[27.3328,47.417995],[27.333342,47.417554],[27.333315,47.416937],[27.334979,47.416355],[27.334337,47.413958],[27.332406,47.411269],[27.330139,47.409372],[27.330512,47.409056],[27.328802,47.408124],[27.328779,47.407727],[27.324062,47.405047],[27.324825,47.403188],[27.323417,47.402866],[27.322154,47.40456],[27.321091,47.403947],[27.320626,47.404135],[27.319935,47.403742],[27.318463,47.401681],[27.317299,47.401712],[27.315026,47.402376],[27.312581,47.403572],[27.311473,47.404863],[27.310632,47.40529],[27.312097,47.40675],[27.313545,47.407295],[27.31353,47.407987],[27.312147,47.409101],[27.305736,47.411607],[27.298487,47.41239],[27.298088,47.412071],[27.296102,47.412648],[27.295847,47.413173],[27.295343,47.413354],[27.29599,47.413407],[27.298478,47.415421],[27.296385,47.415845],[27.295442,47.416628],[27.295278,47.415357],[27.29464,47.416447],[27.294348,47.416455],[27.294793,47.415156],[27.294151,47.41508],[27.293958,47.416413],[27.292648,47.416258],[27.286457,47.41431],[27.285345,47.413694],[27.281772,47.413143],[27.282062,47.412448],[27.282782,47.412848],[27.283061,47.412313],[27.282158,47.411775],[27.282387,47.411172],[27.281993,47.410489],[27.282503,47.410132],[27.281589,47.409616],[27.280464,47.408264],[27.278882,47.407382],[27.275162,47.407512],[27.273063,47.406745],[27.275912,47.403578],[27.278855,47.403944],[27.284302,47.401496],[27.286179,47.400278],[27.287837,47.400173],[27.292698,47.398444],[27.294782,47.397207],[27.295681,47.395809],[27.29793,47.394469],[27.300045,47.393728],[27.301234,47.392277],[27.30266,47.391698],[27.305279,47.391691],[27.30631,47.390454],[27.307643,47.38956],[27.31051,47.38959],[27.311628,47.389094],[27.31387,47.389494],[27.315829,47.390448],[27.318797,47.387984],[27.318697,47.388381],[27.31908,47.388302],[27.320621,47.387024],[27.32071,47.38645],[27.321323,47.386756],[27.322703,47.386176],[27.323876,47.38431],[27.323145,47.383629],[27.324527,47.383434],[27.325101,47.382374],[27.3258,47.378909],[27.325315,47.377412],[27.325469,47.374329],[27.324963,47.374212],[27.325541,47.373085],[27.324179,47.373283],[27.324257,47.372739],[27.325621,47.372377],[27.325627,47.37272],[27.326862,47.373334],[27.327445,47.372619],[27.326413,47.372548],[27.326218,47.372038],[27.326548,47.371796],[27.325901,47.37146],[27.325849,47.370904],[27.326086,47.370694],[27.327616,47.371351],[27.329053,47.370831],[27.328024,47.369795],[27.32825,47.369695],[27.330468,47.370651],[27.330705,47.370281],[27.331315,47.370246],[27.330845,47.370651],[27.331489,47.371014],[27.332814,47.370158],[27.334278,47.370141],[27.334505,47.370275],[27.334296,47.370458],[27.335354,47.371008],[27.336234,47.370172],[27.336872,47.370415],[27.337845,47.369282],[27.337058,47.368649],[27.336808,47.367988],[27.338127,47.36803],[27.337883,47.368541],[27.338695,47.368715],[27.33895,47.367767],[27.34115,47.364087],[27.340952,47.36382],[27.341395,47.363811],[27.341971,47.362892],[27.34335,47.35819],[27.347773,47.353666],[27.349082,47.352819],[27.354022,47.352219],[27.357892,47.35062],[27.362445,47.350233],[27.369535,47.347251],[27.369842,47.347871],[27.370781,47.347741],[27.371249,47.350058],[27.372377,47.349796],[27.372801,47.350132],[27.374747,47.349471],[27.373558,47.34626],[27.372388,47.345959],[27.371977,47.342888],[27.372304,47.342447],[27.37636,47.34029],[27.376949,47.33608],[27.380384,47.334267],[27.38167,47.334465],[27.382175,47.334091],[27.382555,47.334337],[27.398307,47.329071],[27.398271,47.327923],[27.399686,47.325022],[27.398527,47.323987],[27.39809,47.321943],[27.404662,47.320532],[27.406995,47.31948],[27.412908,47.313801],[27.420078,47.308965],[27.424191,47.307682],[27.432673,47.307383],[27.434743,47.306406],[27.434729,47.307129],[27.43581,47.309869],[27.436107,47.309956],[27.439118,47.308939],[27.440564,47.308781],[27.440579,47.308368],[27.445925,47.307803],[27.445841,47.307383],[27.454316,47.3066],[27.454647,47.306384],[27.454721,47.304063],[27.453984,47.303541],[27.456633,47.302479],[27.460982,47.301533],[27.462417,47.300821],[27.466103,47.301289],[27.470519,47.303963],[27.472119,47.304549],[27.474336,47.304305],[27.476536,47.302725],[27.477102,47.303047],[27.478989,47.301422],[27.479332,47.301628],[27.479903,47.301187],[27.480161,47.30172],[27.481176,47.301978],[27.481088,47.30264],[27.485696,47.303435],[27.485928,47.30227],[27.489881,47.302923],[27.489753,47.303905],[27.493296,47.30447],[27.494001,47.301825],[27.495158,47.301886],[27.495612,47.300526],[27.496619,47.300418],[27.506383,47.303932],[27.506865,47.302996],[27.506528,47.302298],[27.506886,47.301462],[27.507568,47.301068],[27.50854,47.30105],[27.509815,47.301666],[27.50951,47.303087],[27.511629,47.306926],[27.515294,47.310391],[27.517655,47.311123],[27.51824,47.310781],[27.520275,47.31117],[27.522023,47.312281],[27.52542,47.312236],[27.527559,47.312063],[27.529684,47.311452],[27.534466,47.311034],[27.538537,47.309228],[27.539972,47.307977],[27.54091,47.30538],[27.541744,47.304521],[27.540549,47.302717],[27.541966,47.301402],[27.542323,47.301652],[27.542302,47.302178],[27.543065,47.302797],[27.544533,47.303214],[27.544226,47.303736],[27.543267,47.304235],[27.543463,47.304726],[27.542993,47.305176],[27.543652,47.305711],[27.542614,47.306653],[27.543669,47.307339],[27.545928,47.306432],[27.546473,47.306741],[27.547081,47.306322],[27.546696,47.30796],[27.548305,47.309],[27.54846,47.307787],[27.551082,47.307127],[27.550689,47.306679],[27.548545,47.306276],[27.547909,47.305774],[27.54877,47.303594],[27.551373,47.30333],[27.551522,47.302742],[27.554971,47.300843],[27.555403,47.301154],[27.554472,47.301737],[27.554303,47.302552],[27.558527,47.303226],[27.559744,47.303853],[27.560184,47.304889],[27.559776,47.306152],[27.562023,47.306984],[27.562467,47.307473],[27.562065,47.308958],[27.565463,47.310517],[27.565388,47.311089],[27.564144,47.311955],[27.563909,47.312629],[27.566946,47.312324],[27.572736,47.311004],[27.575425,47.312667],[27.554073,47.316101],[27.553269,47.316579],[27.554513,47.321169],[27.555455,47.321586],[27.557929,47.323985],[27.557905,47.324451],[27.562195,47.327966],[27.56548,47.329088],[27.566637,47.328714],[27.566898,47.329109],[27.572216,47.329634],[27.574259,47.330767],[27.574871,47.331936],[27.576901,47.332232],[27.577071,47.337276],[27.57199,47.337408],[27.571966,47.338541],[27.564348,47.338393],[27.564255,47.338902],[27.563784,47.339167],[27.562312,47.338853],[27.560785,47.340252],[27.556234,47.340477],[27.556196,47.353323],[27.554131,47.353389],[27.552429,47.356327],[27.551054,47.356337],[27.550974,47.354775],[27.54918,47.354467],[27.548709,47.355367],[27.545623,47.355365],[27.542166,47.354637],[27.543523,47.358064],[27.542767,47.361438],[27.542393,47.361868],[27.542527,47.375288],[27.540765,47.375319],[27.535107,47.374528],[27.535273,47.38712],[27.528722,47.385918],[27.526712,47.391304],[27.527125,47.39152],[27.527087,47.392657],[27.524614,47.3926],[27.524658,47.39592],[27.523065,47.396013],[27.52305,47.409551],[27.517821,47.409023],[27.51784,47.414233],[27.516822,47.415257],[27.514672,47.41648],[27.51535,47.416998],[27.517922,47.416861],[27.520122,47.417146],[27.520125,47.418263],[27.521645,47.418547],[27.521681,47.421872],[27.519305,47.421836],[27.518158,47.422257],[27.51787,47.422707],[27.514516,47.423635],[27.509643,47.423939],[27.507577,47.423706],[27.507491,47.42058],[27.506785,47.420558],[27.506346,47.419672],[27.504075,47.418813],[27.504057,47.415253],[27.504717,47.414561],[27.506823,47.414183],[27.50732,47.413382],[27.50728,47.410305],[27.5044,47.410933],[27.505131,47.409157],[27.504181,47.409067],[27.504425,47.407992],[27.506079,47.407672],[27.506089,47.407147],[27.506636,47.407157],[27.506982,47.406758],[27.507788,47.407003],[27.50647,47.404087],[27.507169,47.402797],[27.508149,47.402096],[27.505371,47.402014],[27.502913,47.403701],[27.50196,47.403168],[27.502261,47.402857],[27.501322,47.401992],[27.501185,47.401383],[27.503524,47.398602],[27.506089,47.397494],[27.507082,47.397801],[27.507496,47.397525],[27.507868,47.396551],[27.507331,47.396052],[27.50932,47.39599],[27.508904,47.395296],[27.51027,47.395175],[27.510832,47.39471],[27.510901,47.393101],[27.509908,47.392254],[27.510573,47.392256],[27.510607,47.392033],[27.509544,47.391917],[27.5096,47.391409],[27.510156,47.390955],[27.509516,47.389529],[27.511014,47.389311],[27.510638,47.388664],[27.511041,47.388528],[27.510994,47.387973],[27.51165,47.387672],[27.511249,47.386231],[27.511551,47.385057],[27.511162,47.384024],[27.509964,47.38408],[27.510009,47.379961],[27.507905,47.379988],[27.508298,47.381924],[27.508055,47.38325],[27.507902,47.383573],[27.506741,47.383632],[27.506651,47.384097],[27.506783,47.385275],[27.50753,47.385617],[27.507338,47.38575],[27.5052,47.385297],[27.504321,47.384792],[27.504107,47.384239],[27.504302,47.383678],[27.505966,47.382828],[27.506588,47.38204],[27.506828,47.381032],[27.506269,47.379444],[27.506595,47.379233],[27.503767,47.379022],[27.504915,47.378759],[27.505615,47.377722],[27.504452,47.377459],[27.504737,47.37662],[27.506313,47.376857],[27.506859,47.376035],[27.506452,47.375833],[27.506913,47.375166],[27.507027,47.374146],[27.508303,47.372692],[27.508041,47.372516],[27.510065,47.37147],[27.511894,47.371602],[27.51347,47.37031],[27.512855,47.368794],[27.517286,47.361805],[27.514747,47.361492],[27.515195,47.359829],[27.513998,47.356582],[27.51123,47.356476],[27.510538,47.355511],[27.509793,47.352987],[27.511025,47.352202],[27.509488,47.351734],[27.510798,47.349227],[27.511815,47.349285],[27.512014,47.347438],[27.510371,47.346655],[27.51005,47.346794],[27.510438,47.346481],[27.509886,47.346017],[27.508876,47.346442],[27.508351,47.345258],[27.508898,47.345169],[27.509833,47.343739],[27.510767,47.343207],[27.510777,47.342401],[27.511134,47.342564],[27.512409,47.341152],[27.51372,47.340685],[27.513179,47.340417],[27.514372,47.340154],[27.51508,47.340463],[27.515995,47.339133],[27.517822,47.337897],[27.51766,47.337764],[27.51822,47.337245],[27.516966,47.336805],[27.510417,47.338003],[27.509097,47.337908],[27.505005,47.333754],[27.505333,47.333633],[27.504707,47.332922],[27.501208,47.329679],[27.500674,47.327508],[27.50093,47.324233],[27.498582,47.324227],[27.497602,47.323305],[27.493325,47.323304],[27.485729,47.325753],[27.482674,47.325687],[27.482656,47.324675],[27.481775,47.324163],[27.477559,47.323851],[27.475744,47.324673],[27.474422,47.326218],[27.473699,47.326608],[27.47174,47.326828],[27.468206,47.327994],[27.467142,47.327851],[27.464386,47.328649],[27.4528,47.328352],[27.443587,47.326713],[27.437879,47.326304],[27.43762,47.325466],[27.436936,47.325424],[27.436525,47.325761],[27.435289,47.328937],[27.436655,47.331652],[27.437284,47.333774],[27.437373,47.33544],[27.436566,47.336847],[27.436748,47.337567],[27.433554,47.339069],[27.432739,47.338564],[27.430316,47.338685],[27.429508,47.337479],[27.428797,47.33717],[27.428344,47.337853],[27.42226,47.34001],[27.419653,47.342053],[27.415962,47.343587],[27.415884,47.343893],[27.41484,47.343959],[27.413778,47.345148],[27.41368,47.343688],[27.411712,47.342942],[27.408843,47.342672],[27.40875,47.343004],[27.409328,47.343085],[27.408965,47.343618],[27.410938,47.34568],[27.411125,47.346401],[27.410801,47.347771],[27.409233,47.348971],[27.408531,47.347961],[27.407488,47.348009],[27.407385,47.348388],[27.407816,47.348999],[27.406637,47.34963],[27.407407,47.350247],[27.405459,47.352725],[27.405992,47.352996],[27.405327,47.353481],[27.404702,47.353242],[27.404496,47.353458],[27.405007,47.353709],[27.400329,47.357863],[27.39423,47.361784],[27.390251,47.365916],[27.367653,47.3723],[27.363832,47.374138],[27.361769,47.375903],[27.35886,47.380522],[27.356448,47.385236],[27.356783,47.3874],[27.358509,47.390558],[27.35799,47.390793],[27.358563,47.391429],[27.358122,47.392856],[27.358439,47.39409],[27.359728,47.395602],[27.359963,47.396598],[27.359709,47.397649],[27.35693,47.400975],[27.356055,47.401473],[27.355021,47.403165],[27.354957,47.403708],[27.355512,47.404602],[27.354952,47.405789],[27.355553,47.407651],[27.352883,47.409287],[27.351024,47.411734],[27.352063,47.413756],[27.353453,47.413362],[27.357747,47.413323],[27.359438,47.414069],[27.361369,47.415487],[27.360745,47.416123],[27.360032,47.416148],[27.359514,47.416598],[27.359654,47.417036],[27.359412,47.417277],[27.358837,47.417304],[27.359042,47.41778],[27.358146,47.418429],[27.358602,47.418579],[27.357547,47.419677],[27.357728,47.419998],[27.357041,47.419826],[27.356618,47.420213],[27.356756,47.420527],[27.355934,47.422217],[27.3563,47.422604],[27.3567,47.422557],[27.359545,47.425558],[27.359682,47.426418],[27.358693,47.429051],[27.354654,47.431157],[27.351988,47.431528],[27.34804,47.432645],[27.340713,47.436642],[27.338679,47.4394],[27.338511,47.440447],[27.340664,47.444687],[27.340929,47.446368],[27.335775,47.446006],[27.33398,47.444566],[27.331499,47.44352],[27.33115,47.443874],[27.330669,47.444671],[27.332005,47.44592],[27.332436,47.445627],[27.332883,47.446163],[27.332655,47.446912],[27.338029,47.448478],[27.338494,47.448891],[27.337558,47.450779],[27.337038,47.450636],[27.336112,47.451566],[27.335466,47.451401],[27.33467,47.451889],[27.332974,47.453858],[27.331797,47.454274],[27.330967,47.455746],[27.334662,47.458525],[27.335526,47.458538],[27.335046,47.459886],[27.335304,47.460588],[27.337773,47.461856],[27.338174,47.461549],[27.337998,47.462279],[27.335588,47.463702],[27.333176,47.464024],[27.331163,47.465301],[27.328956,47.465967],[27.327812,47.466651],[27.327357,47.467522],[27.32658,47.467175],[27.325721,47.468157],[27.326153,47.468647],[27.325457,47.469336],[27.326195,47.469635],[27.326075,47.469958],[27.325394,47.471297],[27.324855,47.471164],[27.324595,47.471469],[27.325091,47.471818],[27.32368,47.474308],[27.324089,47.476245],[27.324958,47.47744],[27.324575,47.477487],[27.324721,47.477967],[27.325206,47.477919],[27.3258,47.479196],[27.325299,47.47942],[27.325839,47.479429],[27.325796,47.479851],[27.325337,47.479765],[27.325222,47.480091],[27.325649,47.480192],[27.325173,47.480239],[27.325532,47.480475],[27.324837,47.481928],[27.324422,47.481961],[27.324678,47.482236],[27.32393,47.483586],[27.322877,47.483354],[27.321683,47.485146],[27.319785,47.486722],[27.319436,47.48736],[27.318529,47.48768],[27.317941,47.487392],[27.316284,47.487645],[27.315158,47.486958],[27.314327,47.487404],[27.314547,47.487524],[27.31371,47.488157],[27.315374,47.489303],[27.314838,47.490248],[27.314896,47.490914],[27.315677,47.49117],[27.315477,47.491578],[27.314955,47.491444],[27.314618,47.491979],[27.313723,47.492401],[27.312144,47.492407],[27.312054,47.49268],[27.313345,47.493589],[27.313072,47.493729],[27.312613,47.493881],[27.31171,47.49354],[27.31089,47.494083],[27.310763,47.493798],[27.309653,47.493558],[27.30898,47.494618],[27.308199,47.494193],[27.307395,47.495455],[27.306733,47.495386],[27.306387,47.49626],[27.306371,47.495623],[27.306091,47.496184],[27.305851,47.495987],[27.3057,47.496397],[27.306077,47.496684],[27.305737,47.498025],[27.304624,47.498125]]]},"properties":{"FID":41,"localId":"ROSCI0222","CharacterS":"Ordinul ministrului nr. 1964/2007","text":"Sărăturile Jijia Inferioară - Prut","Arie":10667.075,"Tip_anp":"Sit de importanță comunitară"}},{"type":"Feature","id":42,"geometry":{"type":"MultiPolygon","coordinates":[[[[27.486203,47.213896],[27.485555,47.213971],[27.484894,47.21345],[27.485169,47.21328],[27.484992,47.212423],[27.487,47.210495],[27.487519,47.209359],[27.482142,47.208504],[27.481948,47.207152],[27.483509,47.203459],[27.484573,47.202118],[27.486252,47.202285],[27.487152,47.200513],[27.487307,47.199317],[27.487858,47.198693],[27.487688,47.19808],[27.4872,47.198112],[27.48693,47.196744],[27.487359,47.195977],[27.487088,47.19546],[27.486404,47.195438],[27.485907,47.194797],[27.487587,47.190571],[27.488558,47.189513],[27.487139,47.189571],[27.486266,47.18919],[27.486179,47.188861],[27.482897,47.188962],[27.483745,47.187462],[27.486132,47.184624],[27.491925,47.186366],[27.493212,47.18635],[27.493566,47.188666],[27.492652,47.191112],[27.49275,47.191929],[27.493399,47.192605],[27.493507,47.193293],[27.492518,47.193965],[27.490929,47.193861],[27.490883,47.194277],[27.491495,47.194606],[27.491734,47.195532],[27.490865,47.196623],[27.49243,47.197159],[27.493102,47.198146],[27.494263,47.198723],[27.494177,47.199931],[27.493754,47.200799],[27.494065,47.201176],[27.494387,47.203865],[27.493516,47.204832],[27.492541,47.204988],[27.490667,47.207648],[27.491968,47.208475],[27.491707,47.20929],[27.490389,47.21005],[27.491305,47.211404],[27.489183,47.213134],[27.487406,47.213895],[27.486203,47.213896]]],[[[27.46031,47.21762],[27.461138,47.219049],[27.461078,47.220661],[27.460725,47.221492],[27.460424,47.221248],[27.460487,47.218733],[27.459451,47.217622],[27.458658,47.217641],[27.456976,47.218548],[27.454986,47.218707],[27.452717,47.219622],[27.455268,47.218316],[27.456116,47.217439],[27.457084,47.217179],[27.45798,47.215964],[27.459097,47.215415],[27.458513,47.212884],[27.458866,47.211431],[27.458704,47.20992],[27.458934,47.208772],[27.457774,47.208208],[27.453881,47.207946],[27.454631,47.202348],[27.455139,47.200623],[27.459959,47.195609],[27.461469,47.192561],[27.463446,47.191129],[27.466309,47.191789],[27.472398,47.191468],[27.472744,47.19183],[27.472678,47.192567],[27.469843,47.196484],[27.4673,47.20216],[27.467259,47.202649],[27.468363,47.204157],[27.468222,47.205884],[27.468041,47.206227],[27.467594,47.206138],[27.467953,47.205859],[27.467454,47.205691],[27.466462,47.205913],[27.465024,47.212325],[27.463707,47.215156],[27.459757,47.215228],[27.459802,47.216704],[27.46031,47.21762]]],[[[27.430698,47.26747],[27.429218,47.269214],[27.426568,47.270086],[27.422739,47.269246],[27.423276,47.268354],[27.425174,47.267103],[27.423442,47.266316],[27.422426,47.266213],[27.422165,47.265619],[27.422423,47.264275],[27.419713,47.261983],[27.419893,47.261085],[27.418889,47.262689],[27.416881,47.264813],[27.414813,47.263105],[27.414486,47.262504],[27.414556,47.261411],[27.413709,47.260749],[27.412885,47.259104],[27.413937,47.257915],[27.414035,47.256632],[27.416692,47.252692],[27.417953,47.251303],[27.419758,47.250202],[27.420982,47.250043],[27.421937,47.250297],[27.421847,47.251149],[27.422571,47.252315],[27.423293,47.252664],[27.426996,47.25106],[27.428719,47.249655],[27.437791,47.250481],[27.43825,47.249308],[27.440998,47.249157],[27.441922,47.249374],[27.442164,47.248533],[27.442031,47.246216],[27.441682,47.24537],[27.439701,47.242932],[27.438863,47.238786],[27.436494,47.237267],[27.435334,47.237546],[27.433822,47.239052],[27.433008,47.238898],[27.433624,47.238301],[27.434001,47.236765],[27.434732,47.235752],[27.434888,47.234143],[27.433429,47.230839],[27.433691,47.229316],[27.433513,47.227911],[27.432216,47.22507],[27.432146,47.223176],[27.431326,47.22013],[27.434786,47.219672],[27.434829,47.218616],[27.435123,47.21851],[27.434299,47.216151],[27.435027,47.215203],[27.435207,47.214282],[27.436324,47.214195],[27.437185,47.212898],[27.436445,47.20818],[27.436775,47.204977],[27.435695,47.204214],[27.437247,47.204467],[27.437494,47.203686],[27.439785,47.201195],[27.440134,47.200959],[27.441104,47.201172],[27.443096,47.199577],[27.443017,47.200138],[27.440752,47.202491],[27.44015,47.203558],[27.440182,47.204415],[27.441199,47.204655],[27.440245,47.206416],[27.440433,47.207166],[27.441391,47.208458],[27.441297,47.209275],[27.440169,47.210405],[27.44131,47.211646],[27.440794,47.212993],[27.439601,47.214069],[27.442418,47.214678],[27.442197,47.216184],[27.444635,47.216649],[27.443905,47.218328],[27.444518,47.219881],[27.444475,47.220819],[27.443196,47.222597],[27.442393,47.222922],[27.440472,47.224777],[27.435626,47.224671],[27.435794,47.225923],[27.436594,47.226864],[27.444322,47.22852],[27.448654,47.227044],[27.449605,47.226055],[27.452555,47.226355],[27.45276,47.227724],[27.455226,47.227586],[27.455595,47.22631],[27.456078,47.225847],[27.460482,47.224092],[27.461741,47.223982],[27.461198,47.224375],[27.459683,47.227892],[27.458467,47.229645],[27.458752,47.230502],[27.459239,47.229783],[27.46198,47.228871],[27.46216,47.226968],[27.465285,47.224873],[27.465977,47.223839],[27.471833,47.223038],[27.4718,47.223309],[27.472728,47.223366],[27.473214,47.222858],[27.474359,47.223722],[27.476287,47.224452],[27.474201,47.225582],[27.474102,47.227186],[27.470468,47.229068],[27.467936,47.231134],[27.467368,47.230663],[27.465347,47.23082],[27.4646,47.230341],[27.462984,47.230892],[27.461284,47.230923],[27.460466,47.230411],[27.459335,47.230925],[27.460135,47.231478],[27.459342,47.232224],[27.458954,47.231295],[27.458447,47.231222],[27.458185,47.232076],[27.457526,47.232144],[27.456058,47.234553],[27.456467,47.235045],[27.455798,47.235164],[27.455206,47.235744],[27.454631,47.237132],[27.454228,47.242877],[27.455895,47.24534],[27.454742,47.247645],[27.457162,47.245823],[27.459618,47.245013],[27.461009,47.244177],[27.462315,47.242984],[27.466537,47.244347],[27.467372,47.244167],[27.468225,47.243439],[27.469238,47.240027],[27.469733,47.239572],[27.470491,47.239775],[27.471014,47.240762],[27.470558,47.24249],[27.468601,47.244079],[27.466773,47.244908],[27.468373,47.246883],[27.468079,47.247081],[27.468331,47.247346],[27.467815,47.247565],[27.468104,47.24787],[27.466301,47.247832],[27.465964,47.248258],[27.466412,47.249037],[27.465909,47.250591],[27.466177,47.252042],[27.465814,47.25309],[27.466213,47.25327],[27.464867,47.253974],[27.464462,47.253576],[27.458329,47.252499],[27.454266,47.252232],[27.453643,47.251244],[27.450374,47.247979],[27.449394,47.243576],[27.44873,47.242034],[27.448109,47.241746],[27.446427,47.24214],[27.446175,47.244654],[27.446577,47.244837],[27.446173,47.245961],[27.446608,47.246096],[27.446694,47.246777],[27.448162,47.247408],[27.449296,47.247429],[27.448165,47.251564],[27.447743,47.251898],[27.447329,47.25431],[27.446975,47.254347],[27.444521,47.25272],[27.443136,47.254303],[27.443189,47.255214],[27.446167,47.256738],[27.4464,47.258972],[27.445893,47.261249],[27.446313,47.262862],[27.446298,47.26455],[27.44664,47.264816],[27.446146,47.265118],[27.446255,47.265634],[27.445913,47.265798],[27.441262,47.265001],[27.439222,47.267444],[27.438597,47.26904],[27.43736,47.269352],[27.433703,47.268039],[27.430698,47.26747]]]]},"properties":{"FID":42,"localId":"ROSCI0265","CharacterS":"Ordinul ministrului nr. 1964/2007","text":"Valea lui David","Arie":1440.125,"Tip_anp":"Sit de importanță comunitară"}},{"type":"Feature","id":43,"geometry":{"type":"MultiPolygon","coordinates":[[[[26.618001,47.189357],[26.617577,47.190037],[26.617755,47.190712],[26.616878,47.19155],[26.616981,47.191949],[26.611892,47.198393],[26.610575,47.200561],[26.607241,47.199003],[26.617169,47.185494],[26.61801,47.181962],[26.616514,47.181064],[26.617617,47.17982],[26.611149,47.177204],[26.610695,47.174888],[26.61092,47.172605],[26.612208,47.171119],[26.613609,47.17177],[26.615679,47.170873],[26.614037,47.17029],[26.614639,47.169882],[26.611473,47.168513],[26.612242,47.168389],[26.609114,47.16433],[26.609164,47.162547],[26.609742,47.161883],[26.610735,47.161227],[26.612961,47.160772],[26.612694,47.15944],[26.613053,47.157543],[26.612187,47.156942],[26.613341,47.156842],[26.613617,47.156569],[26.613372,47.156231],[26.613859,47.156346],[26.616251,47.155625],[26.616393,47.154477],[26.614765,47.153799],[26.615644,47.15268],[26.612006,47.151126],[26.612416,47.150311],[26.612268,47.148544],[26.615369,47.146798],[26.615646,47.145769],[26.616872,47.144793],[26.61735,47.144003],[26.616458,47.143708],[26.617697,47.143419],[26.618509,47.142507],[26.619263,47.140819],[26.619344,47.139843],[26.621803,47.139624],[26.622141,47.137387],[26.621567,47.136146],[26.62215,47.13485],[26.622652,47.134667],[26.622555,47.133628],[26.623774,47.132771],[26.625109,47.132875],[26.626308,47.131255],[26.62621,47.129538],[26.627184,47.128732],[26.627828,47.127417],[26.628769,47.126587],[26.628395,47.125344],[26.626711,47.124322],[26.626228,47.123659],[26.626748,47.122857],[26.628214,47.122505],[26.628135,47.121841],[26.628972,47.120907],[26.628913,47.120599],[26.626813,47.119735],[26.626338,47.119787],[26.626155,47.120387],[26.62355,47.120057],[26.620656,47.118994],[26.621384,47.118101],[26.616631,47.116874],[26.616267,47.10974],[26.634759,47.095196],[26.637448,47.096456],[26.637021,47.09722],[26.637404,47.098799],[26.636369,47.099978],[26.636195,47.101291],[26.636784,47.103662],[26.636513,47.104805],[26.637056,47.105557],[26.63675,47.106569],[26.637487,47.107856],[26.637302,47.108168],[26.637731,47.108356],[26.636765,47.109135],[26.636049,47.1117],[26.633243,47.114059],[26.634417,47.116472],[26.638511,47.118351],[26.640255,47.118554],[26.64184,47.11989],[26.641392,47.121507],[26.640331,47.123151],[26.641483,47.123002],[26.642093,47.123314],[26.642342,47.123923],[26.639447,47.126297],[26.638855,47.127309],[26.638397,47.130856],[26.639076,47.133192],[26.638763,47.133686],[26.638863,47.134243],[26.638123,47.13539],[26.6375,47.135069],[26.636547,47.136056],[26.631825,47.138609],[26.63117,47.139142],[26.631688,47.139668],[26.631515,47.139814],[26.62962,47.1389],[26.630794,47.142884],[26.630499,47.145491],[26.632123,47.146374],[26.630883,47.146951],[26.629962,47.147979],[26.629498,47.149337],[26.628418,47.149936],[26.627396,47.151389],[26.626352,47.152221],[26.626514,47.152989],[26.626171,47.153911],[26.62649,47.154278],[26.626457,47.155009],[26.623598,47.158489],[26.624682,47.159987],[26.624844,47.161467],[26.625668,47.161749],[26.626017,47.162221],[26.626314,47.164441],[26.625974,47.165361],[26.626411,47.166309],[26.625836,47.167162],[26.626352,47.168346],[26.626249,47.169116],[26.626796,47.169984],[26.626621,47.171166],[26.625013,47.173291],[26.624121,47.173816],[26.62327,47.175166],[26.622863,47.176792],[26.622977,47.1781],[26.623312,47.178163],[26.622538,47.179272],[26.623507,47.179842],[26.624824,47.182183],[26.624105,47.183725],[26.625038,47.184977],[26.625064,47.185498],[26.624067,47.187109],[26.623089,47.18769],[26.61949,47.189115],[26.618001,47.189357]]],[[[26.572824,47.231779],[26.571539,47.232518],[26.572189,47.233257],[26.571972,47.233938],[26.567736,47.236885],[26.561122,47.242628],[26.555267,47.244592],[26.553408,47.245599],[26.552652,47.246649],[26.551785,47.249415],[26.551114,47.250077],[26.549058,47.25039],[26.545752,47.247532],[26.559959,47.240414],[26.565939,47.234654],[26.565146,47.229649],[26.574278,47.225766],[26.575029,47.217572],[26.598089,47.209965],[26.601231,47.203049],[26.596336,47.200788],[26.602435,47.201806],[26.603192,47.202544],[26.60584,47.203876],[26.606449,47.204823],[26.60511,47.205061],[26.604584,47.205511],[26.604864,47.205696],[26.603001,47.207246],[26.60529,47.207563],[26.605827,47.20851],[26.602811,47.213822],[26.591977,47.220758],[26.59039,47.220033],[26.588389,47.221822],[26.586571,47.222312],[26.587114,47.22321],[26.580459,47.224928],[26.579724,47.225709],[26.579092,47.227964],[26.578005,47.228597],[26.577646,47.229663],[26.576736,47.230613],[26.575668,47.231307],[26.572824,47.231779]]],[[[26.517513,47.274671],[26.517255,47.275513],[26.515974,47.276887],[26.515254,47.276341],[26.515921,47.275927],[26.515411,47.275526],[26.516334,47.274782],[26.51438,47.273187],[26.513291,47.273251],[26.512469,47.274231],[26.509444,47.271939],[26.519127,47.260861],[26.545011,47.247903],[26.545221,47.24809],[26.545508,47.248818],[26.545053,47.249606],[26.54538,47.250425],[26.542906,47.253552],[26.540174,47.254262],[26.534365,47.25674],[26.531656,47.258017],[26.529669,47.259643],[26.525638,47.261161],[26.52261,47.263701],[26.520551,47.264578],[26.520241,47.265433],[26.518786,47.26666],[26.51865,47.268087],[26.518177,47.268691],[26.516242,47.270017],[26.514665,47.270082],[26.514297,47.270947],[26.517103,47.273759],[26.517513,47.274671]]]]},"properties":{"FID":43,"localId":"ROSAC0363","CharacterS":"Hotărârea nr. 47/2024","text":"Râul Moldova între Oniceni și Mitești","Arie":3361.506,"Tip_anp":"Arie de protectie speciala"}},{"type":"Feature","id":44,"geometry":{"type":"Polygon","coordinates":[[[26.638569,47.092952],[26.637836,47.092774],[26.63795,47.092685],[26.638569,47.092952]]]},"properties":{"FID":44,"localId":"ROSAC0364","CharacterS":"Hotărârea nr. 47/2024","text":"Râul Moldova între Tupilați și Roman","Arie":4718.776,"Tip_anp":"Arie de protectie speciala"}},{"type":"Feature","id":45,"geometry":{"type":"Polygon","coordinates":[[[26.770545,47.235336],[26.770146,47.236092],[26.769122,47.235261],[26.767219,47.235164],[26.766527,47.234379],[26.765032,47.233989],[26.765897,47.232088],[26.765723,47.226512],[26.766516,47.225308],[26.769006,47.224572],[26.771124,47.224518],[26.771455,47.224824],[26.772181,47.224794],[26.772254,47.225117],[26.773392,47.225704],[26.775379,47.226416],[26.776539,47.22597],[26.77824,47.224163],[26.778456,47.223512],[26.779409,47.22275],[26.77783,47.221684],[26.779509,47.220633],[26.779682,47.21872],[26.779008,47.217042],[26.775868,47.216244],[26.773449,47.215995],[26.772114,47.215405],[26.771713,47.215636],[26.77107,47.215014],[26.770896,47.213895],[26.771594,47.21271],[26.769315,47.21279],[26.768105,47.212404],[26.767767,47.210612],[26.768503,47.208924],[26.768419,47.20841],[26.769914,47.207651],[26.770846,47.207861],[26.774954,47.207526],[26.777915,47.207688],[26.780692,47.208413],[26.785564,47.20625],[26.786388,47.203812],[26.785863,47.203374],[26.78045,47.202618],[26.77749,47.202914],[26.773973,47.202575],[26.772761,47.201832],[26.772092,47.200092],[26.770994,47.199929],[26.768027,47.200823],[26.767156,47.201415],[26.766977,47.202683],[26.766148,47.202078],[26.765887,47.20299],[26.764362,47.204112],[26.760488,47.204929],[26.759553,47.204931],[26.759501,47.204523],[26.757994,47.204384],[26.755029,47.205467],[26.753758,47.204737],[26.756385,47.201626],[26.755695,47.199645],[26.756199,47.198414],[26.758063,47.196314],[26.756894,47.195809],[26.757234,47.195396],[26.759979,47.195819],[26.761465,47.195603],[26.762485,47.194863],[26.762842,47.194277],[26.762663,47.193932],[26.763082,47.193512],[26.763965,47.193704],[26.763741,47.194754],[26.765215,47.195403],[26.765759,47.194325],[26.76634,47.194447],[26.766495,47.193969],[26.767606,47.193562],[26.766214,47.193022],[26.764889,47.191215],[26.765247,47.189824],[26.766879,47.18881],[26.76765,47.18867],[26.76912,47.186835],[26.768398,47.1855],[26.766759,47.184854],[26.768175,47.185026],[26.768189,47.182491],[26.769024,47.181366],[26.771249,47.180389],[26.773367,47.180356],[26.775696,47.178721],[26.775984,47.177726],[26.775122,47.176977],[26.774563,47.175594],[26.775826,47.175792],[26.775346,47.174204],[26.776805,47.172523],[26.776964,47.171923],[26.776368,47.172324],[26.775483,47.172255],[26.776757,47.171342],[26.780375,47.170121],[26.782425,47.167611],[26.782039,47.166226],[26.780817,47.164357],[26.779797,47.163585],[26.779591,47.162674],[26.78009,47.160491],[26.781562,47.159726],[26.778739,47.158776],[26.781424,47.158053],[26.784658,47.156569],[26.785158,47.155673],[26.785164,47.154685],[26.783991,47.153308],[26.784622,47.152877],[26.785985,47.153141],[26.787885,47.150341],[26.788551,47.148635],[26.790367,47.148259],[26.790098,47.146679],[26.790815,47.145999],[26.792997,47.145503],[26.793312,47.144675],[26.794472,47.143912],[26.797368,47.143798],[26.798203,47.142882],[26.799093,47.142683],[26.799348,47.141725],[26.803123,47.140095],[26.801093,47.137455],[26.801732,47.13665],[26.801661,47.135886],[26.800389,47.134992],[26.802255,47.133508],[26.803581,47.130313],[26.804345,47.129862],[26.805719,47.128196],[26.807577,47.127957],[26.808632,47.127188],[26.811045,47.126305],[26.812812,47.126203],[26.813502,47.124652],[26.815214,47.123949],[26.816552,47.123891],[26.819563,47.124806],[26.82052,47.12588],[26.820873,47.128061],[26.821219,47.128247],[26.82551,47.127381],[26.828816,47.12791],[26.833034,47.124959],[26.83514,47.125008],[26.838205,47.125854],[26.838483,47.125022],[26.839508,47.123949],[26.839887,47.122782],[26.841857,47.12194],[26.846257,47.12148],[26.851275,47.123406],[26.852143,47.1216],[26.851629,47.121356],[26.851811,47.121035],[26.85153,47.119767],[26.851964,47.119039],[26.851362,47.118485],[26.849896,47.118226],[26.848664,47.119014],[26.84514,47.119287],[26.843973,47.118811],[26.84336,47.117844],[26.843407,47.117397],[26.844256,47.116666],[26.847264,47.116054],[26.848213,47.114742],[26.85116,47.114206],[26.852744,47.113256],[26.853409,47.112524],[26.853431,47.112084],[26.855768,47.112071],[26.857569,47.112549],[26.859401,47.111326],[26.862985,47.110531],[26.865196,47.110652],[26.866704,47.109489],[26.868451,47.109018],[26.870795,47.109257],[26.872579,47.110432],[26.873223,47.109844],[26.873743,47.110096],[26.876531,47.107648],[26.876876,47.105751],[26.878169,47.10433],[26.879398,47.103822],[26.882021,47.103684],[26.883247,47.101202],[26.884124,47.100462],[26.883826,47.099617],[26.883964,47.098779],[26.882607,47.098451],[26.881618,47.097608],[26.881923,47.095555],[26.882314,47.094879],[26.884466,47.095551],[26.885681,47.094399],[26.884748,47.093579],[26.884738,47.092997],[26.883727,47.091896],[26.883999,47.09117],[26.883415,47.090404],[26.882365,47.087684],[26.882555,47.086653],[26.883722,47.085705],[26.883721,47.08521],[26.884202,47.08469],[26.885813,47.084153],[26.888439,47.084289],[26.890298,47.085045],[26.890901,47.085762],[26.891464,47.085618],[26.892475,47.084512],[26.892568,47.083427],[26.892272,47.083051],[26.894946,47.081924],[26.897883,47.082237],[26.899571,47.083398],[26.900911,47.083791],[26.903563,47.08314],[26.902795,47.08172],[26.903039,47.079642],[26.903873,47.078789],[26.901821,47.078139],[26.900945,47.077427],[26.900702,47.076531],[26.901518,47.07515],[26.903408,47.074372],[26.905842,47.073899],[26.912054,47.073454],[26.914034,47.071286],[26.913653,47.06886],[26.911595,47.069037],[26.910989,47.068529],[26.909836,47.068325],[26.909128,47.067388],[26.908686,47.066234],[26.909402,47.063443],[26.910928,47.062397],[26.912327,47.062012],[26.912508,47.060673],[26.913358,47.059841],[26.915925,47.059048],[26.917246,47.058802],[26.920865,47.059908],[26.923741,47.059607],[26.923272,47.058175],[26.923789,47.056547],[26.928133,47.053946],[26.928276,47.053172],[26.927561,47.052465],[26.924921,47.053161],[26.923399,47.052618],[26.923632,47.051221],[26.924649,47.050001],[26.921342,47.044554],[26.922277,47.041055],[26.923992,47.040139],[26.927652,47.040218],[26.928173,47.039902],[26.928648,47.040172],[26.930768,47.040158],[26.932733,47.039879],[26.933843,47.038643],[26.931338,47.037592],[26.930855,47.036826],[26.930953,47.036079],[26.932521,47.03434],[26.93457,47.034781],[26.941652,47.043242],[26.943463,47.042684],[26.94352,47.043164],[26.94306,47.043938],[26.941932,47.044737],[26.940689,47.045044],[26.940557,47.045646],[26.940057,47.045683],[26.937801,47.049111],[26.937173,47.049355],[26.935082,47.04954],[26.932878,47.048916],[26.932656,47.048216],[26.932057,47.047708],[26.932366,47.046855],[26.933485,47.045715],[26.93188,47.044673],[26.931137,47.044587],[26.929857,47.046299],[26.930173,47.047338],[26.931659,47.048209],[26.931255,47.049268],[26.930221,47.049287],[26.929805,47.050559],[26.932056,47.051759],[26.932803,47.053285],[26.934075,47.054287],[26.933984,47.054914],[26.93493,47.056377],[26.935103,47.057939],[26.934804,47.058694],[26.933494,47.05993],[26.930321,47.061151],[26.929476,47.062574],[26.928237,47.063391],[26.926068,47.063527],[26.924079,47.063007],[26.922732,47.06319],[26.922664,47.066068],[26.921805,47.066433],[26.922459,47.067936],[26.921488,47.069295],[26.922014,47.07055],[26.922271,47.072921],[26.92197,47.074151],[26.920317,47.077353],[26.919591,47.077842],[26.916129,47.078242],[26.916881,47.079039],[26.91701,47.07977],[26.916006,47.080324],[26.915742,47.081131],[26.914646,47.081517],[26.913876,47.081435],[26.912501,47.082165],[26.912946,47.083204],[26.91133,47.084216],[26.910741,47.085151],[26.909785,47.085628],[26.90739,47.085756],[26.902666,47.08473],[26.901372,47.085464],[26.90218,47.08688],[26.899685,47.08691],[26.898921,47.089227],[26.897547,47.090725],[26.895914,47.091354],[26.89401,47.091389],[26.892096,47.090566],[26.891383,47.091251],[26.893374,47.092485],[26.89383,47.093808],[26.895671,47.094462],[26.896323,47.09566],[26.898279,47.096508],[26.901525,47.09681],[26.893122,47.104417],[26.887475,47.108291],[26.882844,47.112229],[26.880926,47.112725],[26.879035,47.112393],[26.876091,47.113449],[26.87691,47.114317],[26.877213,47.115273],[26.875894,47.116696],[26.872624,47.117663],[26.869503,47.117573],[26.869487,47.117975],[26.868505,47.117575],[26.868141,47.116875],[26.868481,47.116251],[26.870948,47.11565],[26.871963,47.114671],[26.871761,47.113772],[26.869599,47.113255],[26.868929,47.114568],[26.866526,47.116471],[26.864774,47.117144],[26.862982,47.117152],[26.861616,47.117898],[26.860145,47.117814],[26.860924,47.118659],[26.858556,47.120785],[26.858092,47.12089],[26.855661,47.124145],[26.855883,47.124448],[26.855343,47.125531],[26.854297,47.126279],[26.85225,47.126638],[26.848657,47.125939],[26.84636,47.125926],[26.845079,47.126653],[26.845665,47.127964],[26.845637,47.129173],[26.843333,47.130511],[26.839541,47.130048],[26.837722,47.129151],[26.834703,47.130648],[26.830283,47.131217],[26.828321,47.130487],[26.826984,47.130401],[26.823622,47.131191],[26.824192,47.132435],[26.824768,47.132894],[26.823631,47.134242],[26.81993,47.136457],[26.817593,47.13573],[26.815505,47.135914],[26.812289,47.132391],[26.811995,47.133356],[26.81127,47.13427],[26.808415,47.135707],[26.807769,47.138118],[26.806215,47.139392],[26.808363,47.140915],[26.808391,47.141492],[26.807868,47.14216],[26.806959,47.142365],[26.805402,47.140943],[26.804052,47.141506],[26.804512,47.141177],[26.804239,47.14111],[26.804419,47.140759],[26.801503,47.142105],[26.800559,47.143395],[26.802937,47.145781],[26.804374,47.147741],[26.805332,47.14799],[26.805716,47.149582],[26.805361,47.150356],[26.803867,47.152244],[26.802709,47.152825],[26.80081,47.152938],[26.798764,47.152166],[26.797574,47.153617],[26.795116,47.155163],[26.793405,47.156737],[26.793644,47.157883],[26.793451,47.159339],[26.792048,47.160994],[26.792178,47.16159],[26.79009,47.165131],[26.78875,47.166378],[26.787597,47.166037],[26.787245,47.166211],[26.787613,47.166875],[26.787264,47.168669],[26.787864,47.169996],[26.787093,47.171537],[26.78702,47.172998],[26.786611,47.173912],[26.78709,47.174468],[26.788929,47.175274],[26.790189,47.176884],[26.790721,47.176179],[26.790782,47.176445],[26.791288,47.176488],[26.790717,47.176722],[26.790529,47.177677],[26.789223,47.179045],[26.785907,47.177691],[26.783921,47.177565],[26.782589,47.180158],[26.783835,47.181893],[26.784165,47.183016],[26.784151,47.183523],[26.783494,47.18446],[26.783719,47.184994],[26.782702,47.184967],[26.782964,47.18537],[26.78054,47.18556],[26.779389,47.186044],[26.775938,47.186118],[26.776112,47.187901],[26.775574,47.187945],[26.776018,47.188674],[26.778676,47.189993],[26.779204,47.191466],[26.779376,47.194209],[26.778694,47.195246],[26.778653,47.196413],[26.778047,47.197334],[26.778471,47.197463],[26.779868,47.196839],[26.780931,47.195723],[26.782387,47.195608],[26.783967,47.195925],[26.784703,47.196658],[26.784971,47.197589],[26.784844,47.198603],[26.786586,47.201663],[26.789943,47.200877],[26.791265,47.200996],[26.792108,47.20196],[26.792142,47.203912],[26.790558,47.206258],[26.790551,47.207745],[26.789904,47.208952],[26.788279,47.209564],[26.786706,47.210794],[26.785155,47.21104],[26.786514,47.211981],[26.78705,47.213464],[26.787451,47.216362],[26.787044,47.217229],[26.786284,47.218172],[26.784395,47.217999],[26.784514,47.218817],[26.783404,47.220908],[26.782474,47.221052],[26.781734,47.222449],[26.780254,47.223235],[26.778393,47.225874],[26.777629,47.226483],[26.777426,47.227316],[26.776343,47.227711],[26.77493,47.227498],[26.773819,47.228587],[26.772937,47.229753],[26.773176,47.230503],[26.772373,47.232356],[26.771533,47.232977],[26.770545,47.235336]]]},"properties":{"FID":45,"localId":"ROSCI0378","CharacterS":"Ordinul ministrului nr. 2387/2011","text":"Râul Siret între Pașcani și Roman","Arie":3750.768,"Tip_anp":"Sit de importanță comunitară"}},{"type":"Feature","id":46,"geometry":{"type":"Polygon","coordinates":[[[27.183414,47.259374],[27.166737,47.268003],[27.164451,47.265631],[27.169499,47.262865],[27.169116,47.262538],[27.169817,47.26216],[27.169335,47.261381],[27.167989,47.261156],[27.166906,47.26039],[27.168076,47.259621],[27.16848,47.258443],[27.169521,47.257733],[27.170085,47.257956],[27.171382,47.257213],[27.172408,47.257404],[27.173534,47.256954],[27.176509,47.257591],[27.178059,47.258644],[27.181144,47.257386],[27.183414,47.259374]]]},"properties":{"FID":46,"localId":"ROSCI0438","CharacterS":"Ordinul ministrului nr. 46/2016","text":"Spinoasa","Arie":77.651,"Tip_anp":"Sit de importanță comunitară"}},{"type":"Feature","id":47,"geometry":{"type":"Polygon","coordinates":[[[27.293428,47.522878],[27.286051,47.522177],[27.283573,47.52146],[27.281065,47.520118],[27.279214,47.5186],[27.278567,47.517656],[27.276713,47.516357],[27.272881,47.514902],[27.296446,47.4982],[27.297821,47.496216],[27.29847,47.492243],[27.29953,47.491567],[27.302974,47.490815],[27.302472,47.490189],[27.302407,47.489408],[27.304185,47.487384],[27.303538,47.486967],[27.300607,47.486441],[27.300792,47.484681],[27.300415,47.483853],[27.300728,47.481482],[27.300475,47.480694],[27.299576,47.480767],[27.298739,47.486701],[27.288981,47.484583],[27.288702,47.485235],[27.287042,47.48492],[27.286703,47.484508],[27.286535,47.482569],[27.286955,47.482008],[27.287801,47.481752],[27.288926,47.48158],[27.29013,47.481819],[27.290054,47.48126],[27.290791,47.480773],[27.291218,47.479751],[27.294801,47.476528],[27.293604,47.47626],[27.293919,47.475587],[27.294941,47.475528],[27.295246,47.47517],[27.296749,47.475194],[27.297504,47.474441],[27.297906,47.473376],[27.298749,47.473506],[27.298504,47.471538],[27.299286,47.46817],[27.299033,47.46752],[27.300682,47.467259],[27.302156,47.467658],[27.305332,47.44656],[27.312372,47.443537],[27.313536,47.442585],[27.31401,47.44176],[27.313869,47.441535],[27.311633,47.441492],[27.310302,47.440946],[27.309109,47.439278],[27.308385,47.439479],[27.308317,47.440113],[27.306334,47.439075],[27.306092,47.437011],[27.306546,47.435153],[27.305996,47.433728],[27.305,47.432678],[27.305213,47.431402],[27.303192,47.433511],[27.30174,47.433958],[27.289942,47.430996],[27.281246,47.430678],[27.268563,47.436432],[27.266325,47.437053],[27.266266,47.436791],[27.26526,47.43672],[27.263887,47.437059],[27.260011,47.437172],[27.257948,47.438232],[27.25648,47.438433],[27.256384,47.438933],[27.257213,47.439295],[27.257642,47.439965],[27.257725,47.440719],[27.257346,47.441331],[27.254312,47.44265],[27.253503,47.442584],[27.252785,47.442984],[27.252497,47.442634],[27.25224,47.442993],[27.249367,47.442813],[27.248064,47.443442],[27.248194,47.444458],[27.248756,47.44452],[27.248975,47.44543],[27.248745,47.44617],[27.24978,47.446293],[27.248317,47.450095],[27.24719,47.451385],[27.246758,47.452387],[27.242663,47.453155],[27.241958,47.45372],[27.240789,47.453412],[27.238659,47.453809],[27.23686,47.452788],[27.234981,47.452264],[27.235356,47.451317],[27.229939,47.451451],[27.228589,47.451939],[27.22835,47.452899],[27.230739,47.453146],[27.230794,47.453448],[27.231775,47.453872],[27.232641,47.453692],[27.233494,47.454861],[27.233234,47.457],[27.232664,47.457481],[27.231957,47.458953],[27.231378,47.458938],[27.230645,47.461263],[27.230066,47.460455],[27.229686,47.46301],[27.2284,47.464088],[27.220871,47.460637],[27.221925,47.459471],[27.221726,47.458126],[27.219469,47.45371],[27.217763,47.453894],[27.216897,47.448271],[27.217962,47.445853],[27.217952,47.444928],[27.218434,47.443644],[27.221635,47.441662],[27.22482,47.440456],[27.224958,47.440798],[27.232752,47.441028],[27.233184,47.440208],[27.233957,47.440269],[27.231916,47.437123],[27.229738,47.435132],[27.229699,47.432496],[27.230248,47.431124],[27.230693,47.43083],[27.231547,47.430585],[27.23365,47.430678],[27.23392,47.43028],[27.234717,47.430349],[27.235014,47.429606],[27.235486,47.429549],[27.235333,47.429046],[27.234496,47.429094],[27.234813,47.428484],[27.235442,47.427895],[27.235772,47.428131],[27.236678,47.427845],[27.237317,47.426862],[27.234997,47.423618],[27.2338,47.423626],[27.233009,47.424422],[27.233118,47.422753],[27.232528,47.420752],[27.231622,47.420336],[27.231222,47.418729],[27.230203,47.418805],[27.23011,47.418299],[27.230791,47.41786],[27.231112,47.417154],[27.234077,47.415324],[27.234428,47.41548],[27.23733,47.413519],[27.234557,47.411569],[27.236155,47.4107],[27.236174,47.410369],[27.235083,47.409104],[27.236535,47.407048],[27.238744,47.406465],[27.242896,47.403534],[27.245226,47.405095],[27.246856,47.403568],[27.247658,47.403925],[27.252611,47.402145],[27.255827,47.399624],[27.249466,47.392995],[27.24791,47.394586],[27.247564,47.394309],[27.246941,47.394803],[27.246651,47.394307],[27.248967,47.392863],[27.252822,47.387321],[27.254596,47.38634],[27.257086,47.383841],[27.257709,47.382925],[27.258019,47.381147],[27.259557,47.379016],[27.25954,47.378081],[27.262247,47.372662],[27.26361,47.370835],[27.267765,47.366891],[27.268804,47.365295],[27.276418,47.357291],[27.277145,47.356787],[27.277987,47.35728],[27.281187,47.357027],[27.283637,47.35943],[27.287449,47.361861],[27.287927,47.361253],[27.288612,47.361066],[27.287757,47.36043],[27.287155,47.358934],[27.288348,47.360078],[27.288898,47.360227],[27.29049,47.358512],[27.290236,47.358078],[27.291902,47.35472],[27.292604,47.354799],[27.293161,47.355691],[27.293805,47.355304],[27.294357,47.355729],[27.293623,47.356852],[27.294655,47.357584],[27.29636,47.35724],[27.298778,47.35535],[27.301982,47.356181],[27.303026,47.357406],[27.312887,47.353157],[27.320633,47.350335],[27.320008,47.349146],[27.321493,47.348578],[27.321899,47.347544],[27.321225,47.34758],[27.321161,47.347341],[27.31947,47.347702],[27.319139,47.348145],[27.318865,47.34797],[27.317394,47.348685],[27.317591,47.349071],[27.316955,47.349288],[27.316492,47.349068],[27.310678,47.35114],[27.309956,47.351665],[27.309818,47.351441],[27.307142,47.351869],[27.305465,47.352622],[27.299542,47.352806],[27.296819,47.352563],[27.294694,47.351987],[27.291233,47.352001],[27.284383,47.351326],[27.279658,47.351595],[27.278357,47.352826],[27.275079,47.353302],[27.271134,47.352006],[27.268151,47.353092],[27.263825,47.355704],[27.260481,47.35684],[27.258174,47.356875],[27.258191,47.357157],[27.257799,47.35717],[27.257448,47.357076],[27.257505,47.356767],[27.254996,47.356438],[27.25399,47.356431],[27.253563,47.356883],[27.252681,47.3569],[27.25245,47.356341],[27.251792,47.356741],[27.247985,47.356855],[27.246536,47.356582],[27.243078,47.3572],[27.241073,47.359278],[27.240985,47.358216],[27.239712,47.357561],[27.236023,47.359732],[27.234121,47.361491],[27.228963,47.363579],[27.225974,47.366009],[27.219815,47.366688],[27.219051,47.367088],[27.218713,47.367793],[27.217844,47.367377],[27.217077,47.367933],[27.214947,47.368169],[27.213217,47.36768],[27.211722,47.367877],[27.210739,47.367235],[27.210341,47.366925],[27.21179,47.366198],[27.212296,47.365552],[27.211857,47.36448],[27.212295,47.36279],[27.210845,47.362468],[27.206283,47.364347],[27.205642,47.364902],[27.203459,47.365512],[27.202079,47.365527],[27.201331,47.366442],[27.198673,47.366055],[27.19092,47.367589],[27.187231,47.369067],[27.181425,47.372168],[27.17624,47.373784],[27.171037,47.37368],[27.163812,47.37471],[27.160075,47.376965],[27.155006,47.381056],[27.152828,47.382178],[27.145149,47.380961],[27.146591,47.379996],[27.147501,47.380643],[27.148722,47.380733],[27.152223,47.37934],[27.153584,47.379653],[27.154085,47.379471],[27.155397,47.378146],[27.154568,47.377558],[27.15484,47.376955],[27.15642,47.375808],[27.156442,47.374911],[27.157028,47.374583],[27.156947,47.374329],[27.159001,47.373348],[27.159529,47.373602],[27.161381,47.372299],[27.162533,47.372853],[27.163501,47.372531],[27.165146,47.3687],[27.165194,47.36673],[27.165757,47.365992],[27.166669,47.368327],[27.16626,47.369946],[27.166734,47.371157],[27.167663,47.370532],[27.169198,47.371016],[27.17242,47.369901],[27.173824,47.368451],[27.172951,47.370195],[27.17313,47.370594],[27.176964,47.37108],[27.177521,47.370553],[27.180177,47.370735],[27.182249,47.368459],[27.183862,47.367593],[27.186119,47.367049],[27.186698,47.366514],[27.186894,47.365665],[27.189678,47.365895],[27.189965,47.365462],[27.189373,47.36369],[27.189987,47.361653],[27.19136,47.361693],[27.191186,47.363395],[27.191436,47.363999],[27.193804,47.36336],[27.19621,47.363959],[27.198698,47.364113],[27.200055,47.36461],[27.201372,47.364275],[27.202334,47.364444],[27.203729,47.363961],[27.205075,47.36222],[27.205943,47.36215],[27.207028,47.361329],[27.208266,47.361581],[27.208965,47.361402],[27.210335,47.360294],[27.215797,47.359746],[27.215748,47.360385],[27.216143,47.360387],[27.216143,47.360869],[27.216665,47.360872],[27.216787,47.360432],[27.222637,47.361055],[27.223445,47.360794],[27.223502,47.358965],[27.22281,47.357968],[27.220496,47.357225],[27.218457,47.357349],[27.217839,47.356552],[27.215053,47.355844],[27.214816,47.354713],[27.215547,47.35402],[27.217509,47.350647],[27.219642,47.350586],[27.220074,47.347921],[27.220032,47.345986],[27.221281,47.344782],[27.222902,47.340609],[27.222941,47.338161],[27.224728,47.335013],[27.224797,47.331676],[27.225646,47.329555],[27.22832,47.326071],[27.23058,47.32418],[27.237338,47.319848],[27.23988,47.31892],[27.241649,47.317207],[27.243364,47.316687],[27.244898,47.316715],[27.246056,47.317951],[27.246662,47.317505],[27.247954,47.317529],[27.249737,47.318594],[27.251714,47.318167],[27.253142,47.318256],[27.253517,47.318588],[27.253606,47.319673],[27.254283,47.317897],[27.253957,47.317326],[27.254013,47.316604],[27.254351,47.316344],[27.269633,47.319905],[27.275828,47.321884],[27.276792,47.321144],[27.278485,47.320772],[27.277751,47.321979],[27.275087,47.324774],[27.275244,47.326426],[27.275625,47.328129],[27.276969,47.328443],[27.277882,47.329209],[27.280404,47.329477],[27.28072,47.329813],[27.280537,47.331136],[27.279724,47.331649],[27.277777,47.334328],[27.276571,47.336313],[27.274907,47.340327],[27.270553,47.344833],[27.269247,47.348626],[27.270629,47.349339],[27.276032,47.34931],[27.277258,47.350055],[27.282853,47.350253],[27.283751,47.350876],[27.28608,47.350786],[27.286506,47.351243],[27.287445,47.350988],[27.287606,47.351307],[27.287605,47.35062],[27.288668,47.35047],[27.289204,47.34999],[27.291259,47.350736],[27.293471,47.34959],[27.29424,47.349799],[27.294283,47.349338],[27.296636,47.350745],[27.298868,47.350842],[27.301324,47.347712],[27.303942,47.345158],[27.306679,47.347023],[27.308096,47.346004],[27.307409,47.344781],[27.309305,47.343085],[27.310948,47.342138],[27.312048,47.342517],[27.313903,47.341497],[27.314499,47.341755],[27.319073,47.339473],[27.320938,47.339234],[27.321405,47.339435],[27.320195,47.34267],[27.321003,47.343117],[27.322512,47.342006],[27.323822,47.341775],[27.328239,47.33993],[27.334045,47.336686],[27.334252,47.336816],[27.334009,47.337133],[27.337778,47.339008],[27.343221,47.337546],[27.339267,47.334066],[27.352389,47.331108],[27.353812,47.332783],[27.35415,47.332656],[27.353902,47.332349],[27.354101,47.332293],[27.362299,47.330574],[27.374646,47.336482],[27.376588,47.335872],[27.376942,47.336085],[27.380384,47.334267],[27.38167,47.334465],[27.382175,47.334091],[27.382555,47.334337],[27.398307,47.329071],[27.398271,47.327923],[27.399686,47.325022],[27.398527,47.323987],[27.39809,47.321943],[27.404662,47.320532],[27.407197,47.319365],[27.411664,47.31475],[27.42022,47.308889],[27.424191,47.307682],[27.432673,47.307383],[27.434743,47.306406],[27.434688,47.307022],[27.43599,47.309969],[27.439118,47.308939],[27.440564,47.308781],[27.440579,47.308368],[27.445925,47.307803],[27.445841,47.307383],[27.454025,47.306662],[27.454647,47.306384],[27.454724,47.304123],[27.453984,47.303541],[27.456633,47.302479],[27.460982,47.301533],[27.46233,47.300828],[27.466103,47.301289],[27.470628,47.304018],[27.472885,47.304599],[27.474656,47.304154],[27.476536,47.302725],[27.477102,47.303047],[27.478989,47.301422],[27.479332,47.301628],[27.479903,47.301187],[27.480161,47.30172],[27.481176,47.301978],[27.481088,47.30264],[27.485696,47.303435],[27.485928,47.30227],[27.489881,47.302923],[27.489753,47.303905],[27.493296,47.30447],[27.494001,47.301825],[27.495158,47.301886],[27.495612,47.300526],[27.496619,47.300418],[27.506383,47.303932],[27.506865,47.302996],[27.506528,47.302298],[27.506886,47.301462],[27.508392,47.301015],[27.509815,47.301666],[27.50951,47.303087],[27.511629,47.306926],[27.515224,47.310334],[27.517655,47.311123],[27.51824,47.310781],[27.520195,47.311148],[27.522298,47.312295],[27.527135,47.312121],[27.529684,47.311452],[27.534466,47.311034],[27.538537,47.309228],[27.539972,47.307977],[27.54091,47.30538],[27.541744,47.304521],[27.540549,47.302717],[27.541966,47.301402],[27.542323,47.301652],[27.542302,47.302178],[27.543065,47.302797],[27.544533,47.303214],[27.544226,47.303736],[27.543267,47.304235],[27.543463,47.304726],[27.542993,47.305176],[27.543652,47.305711],[27.542614,47.306653],[27.543669,47.307339],[27.545928,47.306432],[27.546473,47.306741],[27.547081,47.306322],[27.546696,47.30796],[27.548305,47.309],[27.54846,47.307787],[27.551082,47.307127],[27.550689,47.306679],[27.548545,47.306276],[27.547909,47.305774],[27.54877,47.303594],[27.551373,47.30333],[27.551522,47.302742],[27.554971,47.300843],[27.555403,47.301154],[27.554472,47.301737],[27.554319,47.302566],[27.558663,47.303149],[27.56459,47.306066],[27.583341,47.317571],[27.589278,47.318881],[27.591107,47.318746],[27.579255,47.326939],[27.578521,47.328058],[27.578984,47.329737],[27.578215,47.329704],[27.578128,47.330097],[27.57713,47.32998],[27.577054,47.331121],[27.575836,47.331258],[27.574131,47.330678],[27.574871,47.331936],[27.576901,47.332232],[27.577043,47.337299],[27.57199,47.337408],[27.571966,47.338541],[27.564348,47.338393],[27.564255,47.338902],[27.563784,47.339167],[27.562312,47.338853],[27.560785,47.340252],[27.556234,47.340477],[27.556211,47.353273],[27.554131,47.353389],[27.552474,47.356319],[27.551054,47.356337],[27.550974,47.354775],[27.54918,47.354467],[27.548709,47.355367],[27.545623,47.355365],[27.542166,47.354637],[27.543523,47.358064],[27.542767,47.361438],[27.542393,47.361868],[27.542527,47.375288],[27.540765,47.375319],[27.535107,47.374528],[27.535273,47.38712],[27.528722,47.385918],[27.526712,47.391304],[27.527125,47.39152],[27.527087,47.392657],[27.524614,47.3926],[27.524653,47.395786],[27.509306,47.395957],[27.507139,47.392944],[27.506905,47.391089],[27.505928,47.389689],[27.508146,47.387406],[27.508345,47.386637],[27.507338,47.38575],[27.5052,47.385297],[27.504139,47.384434],[27.504222,47.38377],[27.505966,47.382828],[27.506851,47.381262],[27.506269,47.379444],[27.506595,47.379233],[27.503768,47.379052],[27.504915,47.378759],[27.505615,47.377722],[27.504452,47.377459],[27.504737,47.37662],[27.506313,47.376857],[27.506859,47.376035],[27.506452,47.375833],[27.506913,47.375166],[27.507027,47.374146],[27.508303,47.372692],[27.508041,47.372516],[27.508229,47.37236],[27.510065,47.37147],[27.511894,47.371602],[27.51347,47.37031],[27.512855,47.368794],[27.517286,47.361805],[27.514747,47.361492],[27.515195,47.359829],[27.513998,47.356582],[27.51123,47.356476],[27.510538,47.355511],[27.509793,47.352987],[27.511025,47.352202],[27.509488,47.351734],[27.510798,47.349227],[27.511815,47.349285],[27.512014,47.347438],[27.510371,47.346655],[27.51005,47.346794],[27.510438,47.346481],[27.509886,47.346017],[27.508876,47.346442],[27.508351,47.345258],[27.508898,47.345169],[27.509833,47.343739],[27.510767,47.343207],[27.510777,47.342401],[27.511134,47.342564],[27.512409,47.341152],[27.51372,47.340685],[27.513179,47.340417],[27.514372,47.340154],[27.51508,47.340463],[27.515995,47.339133],[27.517822,47.337897],[27.51766,47.337764],[27.51822,47.337245],[27.516966,47.336805],[27.510417,47.338003],[27.509046,47.337869],[27.505005,47.333754],[27.505333,47.333633],[27.504707,47.332922],[27.501208,47.329679],[27.500674,47.327508],[27.500863,47.324192],[27.498582,47.324227],[27.497602,47.323305],[27.493452,47.32328],[27.489742,47.324316],[27.486473,47.325664],[27.483456,47.325746],[27.482632,47.325661],[27.482656,47.324675],[27.481775,47.324163],[27.477559,47.323851],[27.475744,47.324673],[27.474422,47.326218],[27.473699,47.326608],[27.47174,47.326828],[27.468206,47.327994],[27.467142,47.327851],[27.464386,47.328649],[27.4528,47.328352],[27.443587,47.326713],[27.437879,47.326304],[27.43762,47.325466],[27.436771,47.325438],[27.435289,47.328937],[27.436655,47.331652],[27.437284,47.333774],[27.437373,47.33544],[27.436566,47.336847],[27.436748,47.337567],[27.433554,47.339069],[27.432739,47.338564],[27.430316,47.338685],[27.429508,47.337479],[27.428797,47.33717],[27.428344,47.337853],[27.42226,47.34001],[27.419653,47.342053],[27.415962,47.343587],[27.415884,47.343893],[27.41484,47.343959],[27.413778,47.345148],[27.41368,47.343688],[27.411712,47.342942],[27.408843,47.342672],[27.40875,47.343004],[27.409328,47.343085],[27.408965,47.343618],[27.410938,47.34568],[27.411125,47.346401],[27.410801,47.347771],[27.409233,47.348971],[27.408531,47.347961],[27.407488,47.348009],[27.407385,47.348388],[27.407816,47.348999],[27.406637,47.34963],[27.407407,47.350247],[27.405459,47.352725],[27.405992,47.352996],[27.405327,47.353481],[27.404702,47.353242],[27.404496,47.353458],[27.405007,47.353709],[27.400329,47.357863],[27.39423,47.361784],[27.390251,47.365916],[27.367653,47.3723],[27.363832,47.374138],[27.361769,47.375903],[27.35886,47.380522],[27.356448,47.385236],[27.356783,47.3874],[27.358509,47.390558],[27.35799,47.390793],[27.358563,47.391429],[27.358122,47.392856],[27.358439,47.39409],[27.359728,47.395602],[27.359963,47.396598],[27.359709,47.397649],[27.35693,47.400975],[27.356055,47.401473],[27.355021,47.403165],[27.354957,47.403708],[27.355512,47.404602],[27.354952,47.405789],[27.355553,47.407651],[27.352883,47.409287],[27.351024,47.411734],[27.352063,47.413756],[27.353453,47.413362],[27.357747,47.413323],[27.359438,47.414069],[27.361369,47.415487],[27.360745,47.416123],[27.360032,47.416148],[27.359514,47.416598],[27.359654,47.417036],[27.359412,47.417277],[27.358837,47.417304],[27.359042,47.41778],[27.358146,47.418429],[27.358602,47.418579],[27.357547,47.419677],[27.357728,47.419998],[27.357041,47.419826],[27.356618,47.420213],[27.356756,47.420527],[27.355934,47.422217],[27.3563,47.422604],[27.3567,47.422557],[27.359545,47.425558],[27.359682,47.426418],[27.358693,47.429051],[27.354654,47.431157],[27.351988,47.431528],[27.34804,47.432645],[27.340713,47.436642],[27.338679,47.4394],[27.338511,47.440447],[27.340664,47.444687],[27.340929,47.446368],[27.335775,47.446006],[27.33455,47.444844],[27.331452,47.443511],[27.330704,47.444503],[27.332005,47.44592],[27.332436,47.445627],[27.332883,47.446163],[27.332655,47.446912],[27.338463,47.448811],[27.338483,47.449266],[27.337558,47.450779],[27.337038,47.450636],[27.336112,47.451566],[27.335466,47.451401],[27.33467,47.451889],[27.332974,47.453858],[27.331797,47.454274],[27.330967,47.455746],[27.334662,47.458525],[27.335526,47.458538],[27.335046,47.459886],[27.335304,47.460588],[27.337773,47.461856],[27.338174,47.461549],[27.338062,47.462146],[27.337363,47.462824],[27.335588,47.463702],[27.333176,47.464024],[27.331163,47.465301],[27.328956,47.465967],[27.327812,47.466651],[27.327357,47.467522],[27.32658,47.467175],[27.325721,47.468157],[27.326153,47.468647],[27.325457,47.469336],[27.326195,47.469635],[27.326075,47.469958],[27.325394,47.471297],[27.324855,47.471164],[27.324595,47.471469],[27.325091,47.471818],[27.32368,47.474308],[27.324089,47.476245],[27.324958,47.47744],[27.324575,47.477487],[27.324721,47.477967],[27.325206,47.477919],[27.3258,47.479196],[27.325299,47.47942],[27.325839,47.479429],[27.325796,47.479851],[27.325337,47.479765],[27.325222,47.480091],[27.325649,47.480192],[27.325173,47.480239],[27.325532,47.480475],[27.324837,47.481928],[27.324422,47.481961],[27.324678,47.482236],[27.32393,47.483586],[27.322877,47.483354],[27.321683,47.485146],[27.319785,47.486722],[27.319436,47.48736],[27.318529,47.48768],[27.317941,47.487392],[27.316284,47.487645],[27.315158,47.486958],[27.314327,47.487404],[27.314547,47.487524],[27.31371,47.488157],[27.315374,47.489303],[27.314838,47.490248],[27.314896,47.490914],[27.315677,47.49117],[27.315477,47.491578],[27.314955,47.491444],[27.314618,47.491979],[27.313723,47.492401],[27.312144,47.492407],[27.312054,47.49268],[27.313285,47.493638],[27.312613,47.493881],[27.31171,47.49354],[27.31089,47.494083],[27.310763,47.493798],[27.309653,47.493558],[27.309,47.494609],[27.308199,47.494193],[27.307395,47.495455],[27.306763,47.495357],[27.306502,47.495808],[27.306419,47.496712],[27.307389,47.497561],[27.310383,47.497773],[27.310595,47.497512],[27.312222,47.497991],[27.313679,47.497968],[27.313911,47.497583],[27.313286,47.497371],[27.313569,47.496515],[27.314219,47.49598],[27.314159,47.49538],[27.31518,47.495157],[27.315505,47.496685],[27.315957,47.497338],[27.316298,47.497312],[27.317605,47.5014],[27.316635,47.501521],[27.316926,47.50245],[27.317894,47.502332],[27.318041,47.502749],[27.317325,47.50273],[27.317577,47.5039],[27.31702,47.50463],[27.317427,47.504676],[27.317242,47.505121],[27.31657,47.505],[27.316325,47.505512],[27.317113,47.505843],[27.3169,47.506366],[27.315486,47.508118],[27.314942,47.507942],[27.314148,47.509208],[27.312571,47.508513],[27.309942,47.511732],[27.308993,47.511338],[27.30663,47.513532],[27.307152,47.513812],[27.306714,47.514198],[27.307535,47.514587],[27.307218,47.514836],[27.307697,47.515098],[27.301345,47.520554],[27.296809,47.522803],[27.295406,47.522001],[27.294936,47.522566],[27.294214,47.522172],[27.293428,47.522878]],[[27.315838,47.446666],[27.316243,47.446671],[27.316072,47.447415],[27.316278,47.447426],[27.315906,47.448095],[27.316614,47.448743],[27.319023,47.449472],[27.318863,47.449978],[27.321152,47.450268],[27.321423,47.449729],[27.322142,47.449857],[27.32288,47.449193],[27.322631,47.446847],[27.326008,47.444065],[27.325476,47.443899],[27.324846,47.4446],[27.323714,47.444297],[27.323877,47.444005],[27.323647,47.443947],[27.322735,47.444529],[27.321827,47.444195],[27.319518,47.444157],[27.319064,47.444768],[27.318771,47.44471],[27.31885,47.444054],[27.318,47.443892],[27.317092,47.444762],[27.31689,47.445611],[27.316467,47.445625],[27.316519,47.446252],[27.316006,47.446327],[27.315838,47.446666]],[[27.318714,47.421905],[27.317344,47.422985],[27.318115,47.423667],[27.320211,47.422508],[27.322207,47.422348],[27.32345,47.421396],[27.328804,47.420887],[27.330111,47.420162],[27.329915,47.41993],[27.330128,47.419724],[27.33236,47.419081],[27.332138,47.418513],[27.332861,47.418469],[27.3328,47.417995],[27.333342,47.417554],[27.333315,47.416937],[27.334979,47.416355],[27.334337,47.413958],[27.332406,47.411269],[27.330139,47.409372],[27.330512,47.409056],[27.328802,47.408124],[27.328779,47.407727],[27.324062,47.405047],[27.32482,47.403517],[27.324548,47.40306],[27.323329,47.402913],[27.322154,47.40456],[27.320856,47.403876],[27.320407,47.4042],[27.318002,47.403691],[27.316216,47.407841],[27.316507,47.408254],[27.316245,47.408548],[27.316851,47.408887],[27.316648,47.409941],[27.321782,47.412892],[27.319137,47.416243],[27.319835,47.416553],[27.317505,47.419509],[27.321465,47.420707],[27.318714,47.421905]]]},"properties":{"FID":47,"localId":"ROSPA0042","CharacterS":"Hotărârea de guvern nr. 1284/2007","text":"Eleșteiele Jijiei și Miletinului","Arie":19078.02,"Tip_anp":"Arie de protecție specială avifaunistică"}},{"type":"Feature","id":48,"geometry":{"type":"Polygon","coordinates":[[[26.784136,47.187966],[26.784655,47.189472],[26.783224,47.190754],[26.781768,47.1914],[26.779204,47.191466],[26.778676,47.189993],[26.776018,47.188674],[26.775574,47.187945],[26.775083,47.18818],[26.773663,47.18754],[26.772074,47.187322],[26.770322,47.186306],[26.76912,47.186835],[26.768398,47.1855],[26.76672,47.184964],[26.768175,47.185026],[26.768189,47.182491],[26.769024,47.181366],[26.771249,47.180389],[26.773367,47.180356],[26.775696,47.178721],[26.775981,47.178077],[26.775984,47.177726],[26.774979,47.176745],[26.774612,47.175483],[26.772429,47.174683],[26.772035,47.172067],[26.770763,47.171509],[26.770687,47.168126],[26.774266,47.162919],[26.778529,47.161793],[26.778774,47.161317],[26.777686,47.160785],[26.777844,47.160176],[26.778776,47.160276],[26.778664,47.159959],[26.780145,47.159211],[26.778739,47.158776],[26.781424,47.158053],[26.776363,47.156766],[26.777492,47.151355],[26.783613,47.151571],[26.783653,47.150382],[26.784228,47.14941],[26.78398,47.147338],[26.788325,47.148263],[26.788757,47.148046],[26.790265,47.148302],[26.790098,47.146679],[26.790815,47.145999],[26.792997,47.145503],[26.793312,47.144675],[26.794472,47.143912],[26.797368,47.143798],[26.798203,47.142882],[26.799093,47.142683],[26.799348,47.141725],[26.801004,47.1409],[26.79924,47.140774],[26.796617,47.140007],[26.795909,47.139281],[26.795899,47.138183],[26.794355,47.137313],[26.794064,47.136681],[26.794319,47.135865],[26.794178,47.134818],[26.794676,47.133848],[26.795641,47.133907],[26.79617,47.133453],[26.795558,47.133223],[26.794609,47.13342],[26.794062,47.132906],[26.793157,47.132751],[26.792878,47.131569],[26.793389,47.130244],[26.793183,47.128616],[26.794073,47.127261],[26.795886,47.127727],[26.796097,47.12749],[26.798593,47.128364],[26.798764,47.128113],[26.798004,47.127738],[26.798584,47.126972],[26.800011,47.125834],[26.800829,47.125603],[26.801319,47.125813],[26.802362,47.125261],[26.80166,47.125047],[26.820687,47.119096],[26.825503,47.118041],[26.829077,47.117734],[26.833892,47.118698],[26.841631,47.11761],[26.844256,47.116666],[26.847264,47.116054],[26.847825,47.115045],[26.849029,47.114443],[26.85116,47.114206],[26.852744,47.113256],[26.853409,47.112524],[26.853431,47.112084],[26.860918,47.107063],[26.861092,47.106573],[26.858922,47.10457],[26.858772,47.103623],[26.860322,47.102961],[26.861764,47.103051],[26.86662,47.101592],[26.869163,47.10128],[26.874933,47.097481],[26.875097,47.095367],[26.876602,47.092326],[26.873044,47.09064],[26.874188,47.090176],[26.880104,47.085843],[26.880711,47.086096],[26.883515,47.083885],[26.891425,47.081946],[26.893685,47.081649],[26.899848,47.082355],[26.900223,47.081796],[26.900912,47.075998],[26.904751,47.071832],[26.906347,47.069173],[26.906642,47.069224],[26.906545,47.068777],[26.909402,47.063443],[26.910928,47.062397],[26.912327,47.062012],[26.912508,47.060673],[26.913358,47.059841],[26.919596,47.057958],[26.921444,47.055206],[26.923149,47.051709],[26.924643,47.050252],[26.921342,47.044554],[26.921971,47.041676],[26.922704,47.04064],[26.923992,47.040139],[26.927765,47.040169],[26.932416,47.034318],[26.93457,47.034781],[26.941652,47.043242],[26.949224,47.040908],[26.950175,47.04125],[26.93747,47.055936],[26.934175,47.055214],[26.93493,47.056377],[26.935103,47.057939],[26.934052,47.059463],[26.934761,47.059935],[26.934756,47.061825],[26.934561,47.062378],[26.933713,47.063032],[26.933783,47.065869],[26.932535,47.067878],[26.930394,47.067391],[26.930181,47.067566],[26.929682,47.066377],[26.928803,47.066251],[26.927727,47.067207],[26.92704,47.069386],[26.925413,47.071452],[26.924716,47.071457],[26.924142,47.073254],[26.922731,47.074397],[26.924777,47.07565],[26.926234,47.075598],[26.926225,47.076002],[26.925962,47.077261],[26.925023,47.078097],[26.924786,47.078924],[26.922887,47.079547],[26.921121,47.081284],[26.920427,47.085444],[26.920985,47.087221],[26.916039,47.089057],[26.916522,47.09053],[26.909911,47.087589],[26.907583,47.091992],[26.903243,47.09528],[26.893122,47.104417],[26.887475,47.108291],[26.882844,47.112229],[26.880926,47.112725],[26.879035,47.112393],[26.876091,47.113449],[26.87691,47.114317],[26.877213,47.115273],[26.876407,47.116402],[26.874271,47.117264],[26.872624,47.117663],[26.869503,47.117573],[26.869487,47.117975],[26.867843,47.117349],[26.865166,47.120624],[26.863907,47.122852],[26.865754,47.125626],[26.865132,47.126547],[26.860785,47.125645],[26.855863,47.123936],[26.85563,47.124216],[26.855883,47.124448],[26.854801,47.126067],[26.854977,47.12661],[26.854717,47.127176],[26.852056,47.12946],[26.850684,47.131362],[26.845129,47.126587],[26.845736,47.12897],[26.845315,47.129554],[26.843577,47.130463],[26.841782,47.130519],[26.839541,47.130048],[26.837722,47.129151],[26.834875,47.130609],[26.830394,47.131218],[26.828074,47.130432],[26.825118,47.130789],[26.823622,47.131191],[26.824192,47.132435],[26.824763,47.132846],[26.823934,47.133967],[26.81993,47.136457],[26.817593,47.13573],[26.815505,47.135914],[26.814559,47.135077],[26.807184,47.140043],[26.808363,47.140915],[26.808391,47.141492],[26.807868,47.14216],[26.807196,47.142418],[26.806958,47.143267],[26.806249,47.14413],[26.805966,47.145851],[26.810467,47.147541],[26.808332,47.150256],[26.80859,47.150984],[26.805566,47.149982],[26.803755,47.152345],[26.801588,47.153005],[26.800367,47.154529],[26.798718,47.154277],[26.796277,47.157424],[26.799544,47.158495],[26.801239,47.159886],[26.803181,47.160907],[26.804718,47.16258],[26.804893,47.163224],[26.804613,47.163849],[26.802787,47.166691],[26.791415,47.162924],[26.79009,47.165131],[26.78875,47.166378],[26.787597,47.166037],[26.787245,47.166211],[26.787613,47.166875],[26.787264,47.168669],[26.787864,47.169996],[26.787093,47.171537],[26.78702,47.172998],[26.786611,47.173912],[26.78709,47.174468],[26.788929,47.175274],[26.790189,47.176884],[26.790721,47.176179],[26.790782,47.176445],[26.791288,47.176488],[26.790717,47.176722],[26.790529,47.177677],[26.789223,47.179045],[26.785907,47.177691],[26.783921,47.177565],[26.782589,47.180158],[26.783835,47.181893],[26.784165,47.183016],[26.784151,47.183523],[26.783494,47.18446],[26.783781,47.184908],[26.783353,47.185879],[26.783639,47.187061],[26.784187,47.187479],[26.784136,47.187966]]]},"properties":{"FID":48,"localId":"ROSPA0072","CharacterS":"Hotărârea de guvern nr. 1284/2007","text":"Lunca Siretului Mijlociu","Arie":10329.497,"Tip_anp":"Arie de protecție specială avifaunistică"}},{"type":"Feature","id":49,"geometry":{"type":"Polygon","coordinates":[[[27.687923,47.1021],[27.685453,47.10169],[27.684593,47.100753],[27.683846,47.100429],[27.683341,47.100368],[27.682745,47.10082],[27.683035,47.100377],[27.682109,47.099605],[27.682124,47.098555],[27.681308,47.099084],[27.681928,47.09967],[27.681734,47.100152],[27.680249,47.098661],[27.676549,47.096236],[27.676567,47.095592],[27.677152,47.095401],[27.678825,47.095113],[27.679198,47.095651],[27.680365,47.09534],[27.677695,47.093641],[27.678057,47.092756],[27.677227,47.093181],[27.676577,47.092807],[27.676496,47.093114],[27.676099,47.093085],[27.676144,47.092431],[27.674549,47.09139],[27.674365,47.091561],[27.674754,47.092058],[27.673997,47.09224],[27.670354,47.09104],[27.669349,47.091383],[27.672758,47.094213],[27.672576,47.094513],[27.67121,47.094831],[27.669756,47.093896],[27.669552,47.093196],[27.669905,47.092729],[27.669778,47.09236],[27.668892,47.092122],[27.66873,47.091799],[27.667154,47.092585],[27.667784,47.09194],[27.666965,47.091839],[27.668238,47.090334],[27.666759,47.089691],[27.666887,47.089261],[27.66783,47.089174],[27.668275,47.088381],[27.667924,47.087939],[27.665807,47.088],[27.665526,47.089626],[27.664299,47.090067],[27.66416,47.090639],[27.663679,47.090728],[27.663517,47.091163],[27.662686,47.091181],[27.662086,47.090745],[27.661153,47.091008],[27.661106,47.090572],[27.659798,47.090985],[27.659846,47.089873],[27.6581,47.088271],[27.656046,47.088229],[27.655969,47.087469],[27.654656,47.087515],[27.654509,47.086725],[27.654023,47.086324],[27.652028,47.086511],[27.650517,47.083542],[27.650676,47.082884],[27.651423,47.082043],[27.650976,47.081822],[27.649979,47.081845],[27.649359,47.082468],[27.650402,47.083558],[27.651452,47.085689],[27.64477,47.084835],[27.644781,47.085398],[27.644032,47.085912],[27.643751,47.086542],[27.643915,47.0873],[27.64339,47.088086],[27.643052,47.088131],[27.642897,47.089368],[27.641609,47.089516],[27.641748,47.088285],[27.642934,47.086683],[27.643453,47.085242],[27.642836,47.084451],[27.641956,47.084655],[27.641207,47.084406],[27.642263,47.084034],[27.643615,47.081859],[27.644264,47.081713],[27.646092,47.08032],[27.646149,47.079681],[27.647178,47.079012],[27.6469,47.078451],[27.647663,47.078392],[27.647573,47.077633],[27.647159,47.077658],[27.647435,47.077305],[27.648157,47.076973],[27.649274,47.077452],[27.649711,47.077307],[27.649955,47.076816],[27.648741,47.076328],[27.648771,47.075506],[27.650067,47.074525],[27.650576,47.074552],[27.652549,47.07298],[27.651429,47.071917],[27.650707,47.071794],[27.650706,47.071142],[27.651277,47.070648],[27.651542,47.069873],[27.651335,47.069638],[27.650369,47.070031],[27.650598,47.070451],[27.64999,47.071109],[27.648485,47.070746],[27.648188,47.072058],[27.647494,47.073168],[27.645823,47.07373],[27.645517,47.07416],[27.644986,47.074055],[27.644348,47.074848],[27.643799,47.074948],[27.643805,47.075509],[27.643235,47.075956],[27.642778,47.075798],[27.642771,47.075495],[27.641787,47.075295],[27.639792,47.075617],[27.638711,47.073537],[27.638254,47.073443],[27.637152,47.073432],[27.635328,47.074842],[27.634313,47.075019],[27.633619,47.07453],[27.634468,47.072816],[27.635453,47.072128],[27.637638,47.072047],[27.637116,47.071512],[27.634332,47.070247],[27.634123,47.067998],[27.634596,47.068091],[27.634885,47.068688],[27.6358,47.068814],[27.635793,47.069145],[27.636944,47.069251],[27.637185,47.07017],[27.636779,47.070369],[27.636906,47.070786],[27.637639,47.07103],[27.638298,47.072684],[27.638719,47.072597],[27.639242,47.071834],[27.639294,47.070886],[27.638989,47.070798],[27.636466,47.066398],[27.636918,47.065473],[27.636244,47.064831],[27.636256,47.063902],[27.635685,47.063815],[27.636026,47.06333],[27.635531,47.062921],[27.635197,47.063113],[27.633799,47.062828],[27.633222,47.063401],[27.631755,47.063032],[27.630551,47.063621],[27.628759,47.062896],[27.627496,47.063098],[27.622506,47.060221],[27.622299,47.059901],[27.622609,47.059599],[27.621635,47.059141],[27.622201,47.057893],[27.613493,47.055715],[27.612519,47.055228],[27.612029,47.055709],[27.602271,47.052653],[27.601572,47.052838],[27.600898,47.053526],[27.600695,47.05541],[27.593476,47.053809],[27.58717,47.053177],[27.586248,47.052796],[27.589185,47.045835],[27.588925,47.045357],[27.58927,47.043292],[27.588883,47.042943],[27.589347,47.042371],[27.587804,47.041909],[27.587578,47.040001],[27.586966,47.039931],[27.585846,47.039017],[27.587956,47.034488],[27.587619,47.034416],[27.587569,47.03406],[27.586108,47.033608],[27.587862,47.032117],[27.593229,47.029084],[27.595848,47.028286],[27.597211,47.027391],[27.59931,47.027157],[27.600625,47.025747],[27.602692,47.02457],[27.604515,47.025973],[27.61138,47.027246],[27.61201,47.026731],[27.612235,47.025932],[27.611678,47.025785],[27.611676,47.025425],[27.612798,47.025258],[27.612453,47.023928],[27.613214,47.023924],[27.61327,47.02354],[27.614467,47.02335],[27.614992,47.022432],[27.615863,47.022435],[27.616844,47.024129],[27.617695,47.024532],[27.618671,47.023972],[27.620477,47.023551],[27.620996,47.023028],[27.623398,47.022583],[27.624258,47.022033],[27.6266,47.021494],[27.627737,47.020747],[27.628088,47.020769],[27.628255,47.021523],[27.630887,47.021964],[27.636505,47.020386],[27.639226,47.018038],[27.641906,47.018372],[27.64406,47.019061],[27.645289,47.017925],[27.647715,47.01642],[27.648283,47.014271],[27.649355,47.012888],[27.647612,47.011815],[27.645631,47.012787],[27.644494,47.012583],[27.644622,47.011097],[27.645615,47.011123],[27.645363,47.010329],[27.646091,47.010133],[27.645848,47.009681],[27.646209,47.009469],[27.645727,47.008847],[27.644995,47.008718],[27.644762,47.009594],[27.64386,47.009877],[27.644088,47.00877],[27.642365,47.008766],[27.640811,47.009516],[27.641075,47.008842],[27.64002,47.008794],[27.639386,47.008406],[27.640866,47.008594],[27.641052,47.008422],[27.640677,47.008239],[27.640942,47.00803],[27.64258,47.008043],[27.642969,47.00767],[27.645286,47.008127],[27.646159,47.007341],[27.647142,47.007709],[27.648401,47.006107],[27.645652,47.004519],[27.643768,47.004105],[27.641939,47.004446],[27.639136,47.004365],[27.637592,47.004978],[27.637542,47.005852],[27.638235,47.006249],[27.638328,47.006628],[27.639479,47.006915],[27.637238,47.008672],[27.635986,47.008672],[27.635624,47.009418],[27.634849,47.009651],[27.63485,47.008873],[27.636352,47.006981],[27.635787,47.006638],[27.636469,47.005329],[27.635802,47.005178],[27.628142,47.010509],[27.616924,47.015141],[27.609752,47.011623],[27.609451,47.010052],[27.609879,47.009449],[27.60994,47.008502],[27.610652,47.008068],[27.609645,47.007735],[27.609021,47.007928],[27.609044,47.008284],[27.607705,47.008411],[27.606502,47.008933],[27.60523,47.008801],[27.602892,47.010181],[27.601537,47.010192],[27.600783,47.011016],[27.600705,47.012042],[27.596035,47.013857],[27.592265,47.016217],[27.590752,47.01617],[27.589889,47.015415],[27.588545,47.015271],[27.586451,47.015635],[27.584368,47.014373],[27.583215,47.01228],[27.584286,47.008339],[27.584201,47.007447],[27.588114,47.006496],[27.590201,47.004945],[27.591356,47.003285],[27.592045,47.003206],[27.593877,47.002],[27.594878,47.00244],[27.594847,47.002894],[27.595192,47.003105],[27.595574,47.002421],[27.596535,47.002184],[27.596516,47.00081],[27.595946,47.000355],[27.602261,46.991566],[27.603542,46.991731],[27.60896,46.987559],[27.609195,46.987967],[27.610587,46.987745],[27.612164,46.988843],[27.612927,46.98823],[27.612552,46.988009],[27.61264,46.987723],[27.613472,46.987865],[27.613675,46.987253],[27.61328,46.986834],[27.613414,46.986567],[27.614338,46.986422],[27.614371,46.987299],[27.615217,46.988025],[27.61549,46.987846],[27.615275,46.987417],[27.615795,46.987247],[27.616397,46.986431],[27.617354,46.986414],[27.615989,46.984952],[27.616146,46.984479],[27.615214,46.983581],[27.616935,46.983417],[27.61682,46.983937],[27.617203,46.983992],[27.616847,46.984311],[27.617243,46.984716],[27.617032,46.984983],[27.617692,46.985963],[27.617971,46.986093],[27.618265,46.985633],[27.618774,46.986325],[27.619388,46.985391],[27.618806,46.985459],[27.618751,46.985728],[27.618153,46.985246],[27.618531,46.984904],[27.617817,46.983814],[27.618003,46.983518],[27.618816,46.983523],[27.622622,46.991915],[27.631156,46.989008],[27.639396,46.977442],[27.651835,46.975663],[27.652676,46.976151],[27.654753,46.976451],[27.656081,46.97609],[27.658554,46.974701],[27.660836,46.974375],[27.684924,46.955489],[27.686638,46.952478],[27.700809,46.968579],[27.700168,46.969543],[27.694531,46.97458],[27.688159,46.97933],[27.686059,46.981325],[27.686171,46.98464],[27.669204,46.987097],[27.670222,46.990213],[27.671466,46.991504],[27.674778,46.993751],[27.677761,46.992447],[27.679975,46.992052],[27.681683,46.993245],[27.684523,46.991306],[27.68306,46.990113],[27.694748,46.987588],[27.69928,46.985707],[27.700433,46.986617],[27.701532,46.986163],[27.702355,46.985392],[27.703023,46.985291],[27.702175,46.984542],[27.706133,46.98274],[27.707198,46.981226],[27.708962,46.981778],[27.712106,46.98013],[27.720044,46.987289],[27.722055,46.9864],[27.729299,46.98866],[27.732148,46.990363],[27.733043,46.991307],[27.734561,46.991981],[27.732844,46.994228],[27.734429,46.995042],[27.73438,46.995309],[27.735529,46.996018],[27.738915,46.996492],[27.740052,46.997295],[27.740669,46.99871],[27.743174,47.000147],[27.744147,46.999765],[27.746964,47.001268],[27.749044,47.000124],[27.749654,46.99943],[27.753806,47.000628],[27.756265,47.001762],[27.75929,46.998702],[27.760046,46.998677],[27.761106,46.99796],[27.762252,46.998073],[27.762914,46.99742],[27.764089,46.997032],[27.770351,46.999443],[27.770949,46.9994],[27.771392,46.998218],[27.772018,46.997556],[27.775479,46.997815],[27.777217,46.998759],[27.777532,46.999245],[27.777296,46.999702],[27.775408,47.00054],[27.776309,47.001327],[27.776711,47.002532],[27.77547,47.003186],[27.772723,47.003902],[27.772197,47.004835],[27.77118,47.004928],[27.770625,47.0055],[27.770013,47.005135],[27.769213,47.005381],[27.767533,47.006221],[27.767824,47.006818],[27.767484,47.006542],[27.766691,47.006825],[27.766146,47.007511],[27.76434,47.00807],[27.76231,47.00935],[27.759065,47.010244],[27.759223,47.010511],[27.760199,47.0106],[27.760501,47.011316],[27.758653,47.011398],[27.758916,47.012117],[27.76074,47.011516],[27.762489,47.013867],[27.759368,47.015033],[27.7594,47.015716],[27.762912,47.017396],[27.763419,47.018209],[27.759465,47.02003],[27.758679,47.021871],[27.757413,47.023163],[27.75831,47.023876],[27.758074,47.024982],[27.752758,47.029177],[27.753148,47.029505],[27.749925,47.031729],[27.758587,47.036508],[27.759523,47.037525],[27.758125,47.038321],[27.758664,47.038976],[27.75855,47.040379],[27.75823,47.040852],[27.758717,47.041343],[27.759039,47.042564],[27.757203,47.043945],[27.755105,47.044486],[27.750645,47.043905],[27.748909,47.044833],[27.746595,47.045383],[27.746059,47.045115],[27.74504,47.045873],[27.743707,47.045868],[27.742626,47.045471],[27.742,47.045742],[27.740132,47.044869],[27.738648,47.044844],[27.736562,47.045788],[27.735048,47.045441],[27.733741,47.045945],[27.733281,47.04554],[27.732695,47.04584],[27.729929,47.044741],[27.729719,47.044997],[27.728682,47.04481],[27.7285,47.044489],[27.727753,47.044485],[27.727902,47.044039],[27.727488,47.043647],[27.726892,47.043761],[27.725277,47.042734],[27.722743,47.042347],[27.720324,47.041548],[27.719815,47.041975],[27.716956,47.042062],[27.716403,47.041055],[27.715224,47.040676],[27.714816,47.039769],[27.711191,47.039449],[27.701117,47.040704],[27.699435,47.039937],[27.695603,47.040547],[27.695613,47.04157],[27.695198,47.042104],[27.695553,47.04265],[27.693297,47.042883],[27.693144,47.043444],[27.694798,47.044498],[27.694389,47.045284],[27.69474,47.046256],[27.696146,47.047142],[27.695672,47.047663],[27.69445,47.047545],[27.693712,47.048874],[27.694061,47.049527],[27.693853,47.051656],[27.696072,47.052389],[27.696574,47.052251],[27.69732,47.049718],[27.697092,47.048717],[27.697686,47.04847],[27.697473,47.048954],[27.697756,47.049516],[27.699758,47.050832],[27.699223,47.051627],[27.699543,47.051923],[27.699294,47.053616],[27.704272,47.053211],[27.703765,47.05476],[27.700746,47.055145],[27.701274,47.056277],[27.70275,47.056457],[27.703642,47.05609],[27.710694,47.060012],[27.710091,47.060764],[27.708025,47.061003],[27.707511,47.061725],[27.706082,47.061559],[27.705708,47.062803],[27.704055,47.063478],[27.706147,47.064387],[27.717386,47.06317],[27.718945,47.062118],[27.719088,47.059136],[27.720725,47.059103],[27.722417,47.058128],[27.723292,47.058244],[27.723365,47.057683],[27.724389,47.057763],[27.724116,47.057168],[27.724317,47.056789],[27.72397,47.056456],[27.724519,47.056284],[27.724546,47.055812],[27.72542,47.055577],[27.72507,47.054784],[27.725913,47.053612],[27.727007,47.053547],[27.728185,47.051867],[27.72912,47.051907],[27.728873,47.051278],[27.731221,47.050844],[27.733848,47.051096],[27.735006,47.04982],[27.735379,47.048682],[27.740082,47.048478],[27.740343,47.049],[27.742028,47.048852],[27.742317,47.048642],[27.742435,47.047595],[27.743533,47.04774],[27.744519,47.047372],[27.745063,47.047864],[27.745961,47.047762],[27.747566,47.050562],[27.748117,47.052413],[27.746239,47.054919],[27.744691,47.0564],[27.744723,47.056667],[27.745956,47.056975],[27.747761,47.058406],[27.747053,47.058746],[27.747046,47.059424],[27.746619,47.059912],[27.749595,47.06168],[27.753972,47.06294],[27.755089,47.06288],[27.756182,47.064103],[27.755923,47.064212],[27.756318,47.064656],[27.755136,47.065163],[27.755528,47.065553],[27.752781,47.06675],[27.755524,47.069251],[27.752222,47.070449],[27.750906,47.070036],[27.748843,47.070304],[27.74823,47.070923],[27.747266,47.070995],[27.747755,47.0717],[27.747418,47.072237],[27.748499,47.07244],[27.748728,47.072824],[27.746871,47.074351],[27.746245,47.074141],[27.745876,47.074743],[27.746693,47.074772],[27.746914,47.075244],[27.748046,47.075555],[27.748004,47.076447],[27.747476,47.076603],[27.746831,47.075823],[27.745534,47.077036],[27.745007,47.078053],[27.744977,47.079381],[27.745896,47.081852],[27.745199,47.085512],[27.745436,47.08816],[27.744199,47.088285],[27.744222,47.08945],[27.743395,47.090598],[27.741965,47.090576],[27.741936,47.090978],[27.7415,47.091231],[27.74204,47.091596],[27.741781,47.091917],[27.740982,47.092003],[27.740946,47.091634],[27.739284,47.091502],[27.73909,47.09187],[27.739675,47.092523],[27.739064,47.092859],[27.739248,47.093263],[27.738569,47.093453],[27.738499,47.093844],[27.737613,47.094057],[27.737227,47.095535],[27.736004,47.09542],[27.734834,47.095821],[27.733151,47.095552],[27.732233,47.094781],[27.730812,47.094347],[27.730331,47.093615],[27.7309,47.092098],[27.730079,47.091989],[27.7303,47.091189],[27.730075,47.090747],[27.728588,47.089943],[27.728125,47.090216],[27.727363,47.090021],[27.727593,47.089316],[27.727087,47.088716],[27.724416,47.088174],[27.723837,47.087556],[27.721503,47.08706],[27.721284,47.086582],[27.718627,47.08778],[27.716918,47.087605],[27.717987,47.088196],[27.71776,47.088717],[27.71873,47.089487],[27.719989,47.091973],[27.720976,47.091919],[27.721544,47.093113],[27.721607,47.094068],[27.723,47.095797],[27.722896,47.096582],[27.72227,47.09753],[27.721168,47.097857],[27.719622,47.097504],[27.71895,47.097786],[27.718277,47.097092],[27.717066,47.098263],[27.716237,47.097099],[27.714838,47.096282],[27.714166,47.096434],[27.714516,47.097708],[27.713245,47.098062],[27.712919,47.097749],[27.712402,47.09806],[27.709116,47.096753],[27.709449,47.096177],[27.708672,47.095195],[27.705247,47.094307],[27.70516,47.09385],[27.705677,47.093554],[27.704348,47.092686],[27.704278,47.092119],[27.703515,47.092459],[27.703367,47.092199],[27.70278,47.092285],[27.702018,47.092975],[27.701325,47.092916],[27.700863,47.092266],[27.698568,47.093247],[27.697693,47.092223],[27.697246,47.092811],[27.697482,47.093186],[27.697302,47.093817],[27.696552,47.093868],[27.696246,47.093179],[27.695508,47.093692],[27.697457,47.095298],[27.697983,47.096733],[27.697684,47.097661],[27.696154,47.097146],[27.696492,47.097825],[27.695403,47.098013],[27.696344,47.09881],[27.695789,47.099178],[27.695179,47.098931],[27.695556,47.099694],[27.694295,47.098301],[27.693696,47.098689],[27.694128,47.099798],[27.692999,47.098885],[27.692416,47.098967],[27.691982,47.09867],[27.691241,47.098893],[27.691282,47.099229],[27.689908,47.099075],[27.689443,47.099527],[27.690285,47.09921],[27.690887,47.099651],[27.688835,47.100204],[27.689807,47.101092],[27.689936,47.101629],[27.688401,47.101631],[27.687322,47.10098],[27.687524,47.100711],[27.687208,47.100779],[27.687053,47.101062],[27.688089,47.101716],[27.687923,47.1021]]]},"properties":{"FID":49,"localId":"ROSPA0092","CharacterS":"Hotărârea de guvern nr. 1284/2007","text":"Pădurea Bârnova","Arie":12684.83,"Tip_anp":"Arie de protecție specială avifaunistică"}},{"type":"Feature","id":50,"geometry":{"type":"MultiPolygon","coordinates":[[[[27.900076,46.812511],[27.897419,46.815213],[27.895909,46.815676],[27.894759,46.817029],[27.889997,46.814038],[27.895582,46.806939],[27.904866,46.808414],[27.902106,46.812127],[27.900557,46.812113],[27.900076,46.812511]]],[[[27.870085,46.918656],[27.864192,46.92015],[27.86269,46.919409],[27.862409,46.918073],[27.861365,46.917614],[27.860254,46.914978],[27.860398,46.9129],[27.861703,46.91041],[27.865052,46.907105],[27.864322,46.905197],[27.865055,46.903083],[27.864919,46.901963],[27.865679,46.900926],[27.866112,46.899541],[27.865553,46.898303],[27.863815,46.898075],[27.863964,46.898524],[27.862793,46.899598],[27.862874,46.900306],[27.862239,46.900319],[27.861957,46.901809],[27.861238,46.901855],[27.860982,46.902662],[27.8598,46.903132],[27.859033,46.904517],[27.859278,46.90561],[27.858958,46.907169],[27.858653,46.907417],[27.857405,46.906445],[27.855834,46.906416],[27.853886,46.90691],[27.853251,46.906557],[27.853575,46.906062],[27.852443,46.90494],[27.852995,46.904482],[27.849527,46.903982],[27.847837,46.902753],[27.845951,46.902168],[27.845408,46.901243],[27.842735,46.900826],[27.842986,46.900449],[27.841925,46.900218],[27.841105,46.899122],[27.840955,46.898364],[27.840038,46.897867],[27.837962,46.897902],[27.835955,46.898743],[27.835537,46.898197],[27.832457,46.900019],[27.830764,46.899067],[27.82379,46.899507],[27.822424,46.895748],[27.817994,46.892275],[27.817833,46.891523],[27.816648,46.890249],[27.815992,46.886891],[27.820392,46.887525],[27.820802,46.885274],[27.822865,46.885317],[27.82315,46.883569],[27.818843,46.883381],[27.815807,46.882732],[27.816027,46.88215],[27.815166,46.881045],[27.816204,46.877809],[27.81252,46.874207],[27.809936,46.870188],[27.809228,46.868652],[27.808707,46.865927],[27.80579,46.862804],[27.805597,46.861757],[27.805905,46.861058],[27.809511,46.858317],[27.831343,46.853658],[27.837838,46.865217],[27.84875,46.865488],[27.868404,46.855958],[27.87182,46.85967],[27.871276,46.83989],[27.892165,46.821179],[27.920693,46.830085],[27.923074,46.828188],[27.924228,46.825831],[27.927114,46.823183],[27.9228,46.822943],[27.919447,46.822076],[27.919718,46.821632],[27.921495,46.822393],[27.928995,46.823396],[27.93029,46.819623],[27.94545,46.822716],[27.938667,46.831173],[27.940388,46.83219],[27.938919,46.834315],[27.937313,46.835608],[27.938557,46.8364],[27.937171,46.837263],[27.935298,46.837738],[27.937054,46.839108],[27.938945,46.838328],[27.939559,46.838677],[27.941124,46.837664],[27.941901,46.838174],[27.944134,46.836073],[27.946784,46.837229],[27.948086,46.836927],[27.948149,46.837439],[27.949585,46.837987],[27.948161,46.840696],[27.923519,46.863217],[27.926094,46.863531],[27.924661,46.865455],[27.920206,46.868283],[27.914504,46.870984],[27.912645,46.872701],[27.912,46.873652],[27.911404,46.877844],[27.911109,46.878173],[27.907504,46.879524],[27.904712,46.881416],[27.902857,46.881315],[27.901982,46.878971],[27.903418,46.87749],[27.902155,46.876627],[27.903546,46.875899],[27.901432,46.874609],[27.904211,46.872445],[27.903967,46.872287],[27.904361,46.872065],[27.904882,46.87237],[27.905577,46.871935],[27.904361,46.871197],[27.9049,46.870989],[27.90595,46.871663],[27.90617,46.871511],[27.905596,46.871123],[27.90598,46.87057],[27.903823,46.869074],[27.90427,46.868541],[27.902592,46.867595],[27.901994,46.867932],[27.901553,46.867592],[27.90003,46.868601],[27.900416,46.868853],[27.895623,46.871072],[27.894573,46.871238],[27.893666,46.870566],[27.892298,46.871487],[27.892673,46.871649],[27.892775,46.872193],[27.893262,46.872316],[27.893081,46.87258],[27.893889,46.872776],[27.893032,46.87357],[27.890607,46.875639],[27.889641,46.875785],[27.888582,46.875398],[27.887961,46.875768],[27.88831,46.877571],[27.885358,46.878096],[27.885297,46.878341],[27.886591,46.879067],[27.885696,46.879939],[27.88652,46.880462],[27.884501,46.882101],[27.886759,46.88334],[27.885185,46.884497],[27.887623,46.885869],[27.890697,46.883559],[27.892874,46.88245],[27.898597,46.877827],[27.899809,46.878537],[27.899679,46.878697],[27.900442,46.879307],[27.898725,46.88135],[27.901607,46.882648],[27.898901,46.886171],[27.89616,46.889048],[27.888019,46.901613],[27.883704,46.906564],[27.881649,46.911658],[27.881106,46.912329],[27.878404,46.915204],[27.874319,46.918369],[27.870085,46.918656]]]]},"properties":{"FID":50,"localId":"ROSPA0096","CharacterS":"Hotărârea de guvern nr. 1284/2007","text":"Pădurea Miclești","Arie":8604.676,"Tip_anp":"Arie de protecție specială avifaunistică"}},{"type":"Feature","id":51,"geometry":{"type":"MultiPolygon","coordinates":[[[[27.140188,47.285944],[27.141852,47.286609],[27.141531,47.287098],[27.141911,47.287388],[27.138383,47.292185],[27.135415,47.294947],[27.135391,47.29673],[27.13493,47.298016],[27.130679,47.30062],[27.129954,47.303507],[27.127705,47.305313],[27.126574,47.30434],[27.127446,47.30354],[27.127913,47.301646],[27.128977,47.299722],[27.130694,47.29844],[27.130926,47.295572],[27.131655,47.294726],[27.133423,47.293765],[27.136159,47.291222],[27.137276,47.289475],[27.137575,47.287324],[27.138535,47.285565],[27.140188,47.285944]]],[[[27.007416,47.33103],[27.005086,47.330827],[27.004189,47.330057],[27.004333,47.329597],[27.003435,47.328698],[27.002132,47.328213],[27.002382,47.32594],[27.002932,47.32513],[27.004007,47.324656],[27.004685,47.325753],[27.004248,47.326422],[27.005685,47.327406],[27.005945,47.329034],[27.006163,47.329022],[27.006517,47.328585],[27.007684,47.328321],[27.007419,47.327256],[27.008472,47.326202],[27.009444,47.323972],[27.010277,47.323372],[27.010606,47.32263],[27.013173,47.321016],[27.01428,47.320818],[27.015295,47.321128],[27.015145,47.32195],[27.016085,47.321986],[27.017918,47.320744],[27.020239,47.320124],[27.023726,47.317761],[27.028977,47.316106],[27.031369,47.314037],[27.035913,47.312281],[27.035181,47.311429],[27.03694,47.310126],[27.040121,47.30862],[27.044943,47.307544],[27.045579,47.306069],[27.046765,47.305692],[27.048061,47.304019],[27.047622,47.302844],[27.048558,47.301984],[27.048841,47.301263],[27.052915,47.298549],[27.052518,47.297568],[27.052639,47.296002],[27.05305,47.295611],[27.053134,47.294713],[27.053675,47.293756],[27.052728,47.293679],[27.053738,47.293086],[27.052956,47.292776],[27.051117,47.293627],[27.049858,47.293845],[27.050832,47.292314],[27.05208,47.291916],[27.052299,47.291502],[27.053259,47.29125],[27.053706,47.290785],[27.056288,47.290149],[27.057215,47.289281],[27.05954,47.289091],[27.061725,47.288321],[27.065131,47.286129],[27.069421,47.285507],[27.071352,47.286054],[27.071367,47.286443],[27.070795,47.287055],[27.0711,47.287771],[27.072409,47.287976],[27.073096,47.286957],[27.07375,47.286771],[27.075972,47.288744],[27.076156,47.288148],[27.078363,47.286568],[27.081319,47.285951],[27.081819,47.285329],[27.082299,47.285288],[27.082328,47.283819],[27.082939,47.282702],[27.087957,47.276293],[27.090877,47.273666],[27.091493,47.273731],[27.092919,47.27491],[27.09521,47.278299],[27.095987,47.281602],[27.09532,47.283834],[27.095334,47.284763],[27.096407,47.287044],[27.096682,47.288588],[27.102101,47.290196],[27.1032,47.28669],[27.100681,47.285937],[27.101166,47.285319],[27.101036,47.284694],[27.101357,47.284576],[27.102348,47.282166],[27.10391,47.279525],[27.104981,47.2796],[27.105354,47.28017],[27.107452,47.278656],[27.108176,47.277367],[27.111944,47.278277],[27.109989,47.282608],[27.109148,47.285745],[27.107312,47.289966],[27.108314,47.290263],[27.1073,47.291474],[27.105125,47.292539],[27.104066,47.293798],[27.100809,47.295527],[27.100419,47.29528],[27.10011,47.29384],[27.099248,47.293516],[27.098802,47.293785],[27.099018,47.294493],[27.096133,47.29556],[27.089474,47.296796],[27.07516,47.295948],[27.072695,47.296308],[27.068997,47.297415],[27.067582,47.298164],[27.046807,47.313185],[27.045639,47.313267],[27.045501,47.314335],[27.033513,47.322585],[27.022788,47.326627],[27.021061,47.325403],[27.025016,47.323227],[27.02513,47.322784],[27.02261,47.323617],[27.020193,47.323541],[27.017516,47.324089],[27.011324,47.328356],[27.010541,47.32943],[27.01038,47.330338],[27.008529,47.330411],[27.007416,47.33103]]],[[[27.001338,47.426514],[27.000337,47.427365],[27.00049,47.428315],[26.999738,47.42935],[26.998182,47.427157],[26.996009,47.426599],[26.994955,47.427528],[26.99227,47.426874],[26.992353,47.426619],[26.99196,47.426472],[26.989255,47.426306],[26.988705,47.426007],[26.990378,47.424513],[26.994479,47.422584],[26.995628,47.422583],[26.996059,47.422113],[26.998092,47.422769],[26.999731,47.422649],[27.000148,47.422272],[27.00001,47.421401],[27.000481,47.420678],[27.005952,47.416082],[27.00749,47.415596],[27.007794,47.415179],[27.009633,47.415308],[27.009981,47.414882],[27.009839,47.414254],[27.010439,47.413726],[27.012586,47.414172],[27.01328,47.412795],[27.014178,47.411935],[27.014005,47.408022],[27.01313,47.407259],[27.012541,47.407169],[27.008573,47.408918],[27.006565,47.408771],[27.008153,47.408702],[27.010464,47.406967],[27.011465,47.406744],[27.012515,47.405861],[27.012504,47.40507],[27.014226,47.402847],[27.02327,47.404171],[27.024498,47.403344],[27.026265,47.403627],[27.026892,47.403438],[27.027405,47.402716],[27.028068,47.402724],[27.030264,47.398583],[27.032013,47.396101],[27.033053,47.39646],[27.034538,47.395197],[27.038013,47.393252],[27.040145,47.392792],[27.042462,47.393156],[27.043906,47.391024],[27.046136,47.389492],[27.046278,47.388516],[27.04728,47.386944],[27.04719,47.386322],[27.048775,47.382854],[27.050279,47.382265],[27.051624,47.381066],[27.050886,47.376152],[27.056049,47.376478],[27.056252,47.376147],[27.057675,47.375984],[27.058378,47.374913],[27.058023,47.371843],[27.059265,47.3719],[27.061023,47.370772],[27.061377,47.369051],[27.063689,47.366983],[27.05918,47.364506],[27.06171,47.360904],[27.063545,47.359622],[27.065009,47.359776],[27.070592,47.362536],[27.072433,47.360112],[27.073493,47.360376],[27.074245,47.360053],[27.073842,47.358837],[27.074074,47.3581],[27.077184,47.356388],[27.077955,47.356666],[27.078575,47.356353],[27.079147,47.354379],[27.079004,47.353374],[27.079632,47.35265],[27.082142,47.352329],[27.082788,47.351939],[27.084143,47.34997],[27.085239,47.349457],[27.08599,47.348455],[27.091441,47.346529],[27.093074,47.345646],[27.098115,47.344593],[27.099517,47.342324],[27.100087,47.342146],[27.100763,47.340531],[27.102345,47.339445],[27.1023,47.336468],[27.101806,47.335657],[27.101973,47.335364],[27.105898,47.334463],[27.105639,47.334316],[27.105735,47.333523],[27.105018,47.333555],[27.104912,47.334061],[27.103835,47.332911],[27.103366,47.331887],[27.105209,47.328608],[27.105107,47.328265],[27.105797,47.3278],[27.108863,47.322883],[27.110607,47.318529],[27.111982,47.317266],[27.116542,47.311149],[27.119137,47.30667],[27.123311,47.304827],[27.124103,47.305395],[27.124063,47.30596],[27.12512,47.306609],[27.125607,47.306337],[27.126468,47.306935],[27.126322,47.309255],[27.126543,47.309383],[27.128508,47.305921],[27.129417,47.309132],[27.129604,47.312553],[27.131537,47.314985],[27.133063,47.318221],[27.132566,47.318443],[27.132591,47.318953],[27.135205,47.322824],[27.124667,47.318643],[27.123422,47.319978],[27.123513,47.320614],[27.122258,47.320754],[27.121312,47.321854],[27.117071,47.327742],[27.117245,47.328641],[27.11774,47.328987],[27.117384,47.330034],[27.118134,47.330887],[27.117307,47.331269],[27.117166,47.33213],[27.116176,47.332796],[27.115104,47.332679],[27.113621,47.331292],[27.112886,47.331191],[27.10921,47.334251],[27.108519,47.334275],[27.109604,47.33511],[27.110167,47.336615],[27.108373,47.338638],[27.107581,47.340408],[27.103245,47.346524],[27.102123,47.346682],[27.100733,47.346207],[27.098288,47.346366],[27.097201,47.346836],[27.096872,47.347217],[27.096567,47.348888],[27.094815,47.350906],[27.094903,47.352704],[27.094478,47.353522],[27.093877,47.35335],[27.093667,47.351446],[27.094279,47.349885],[27.095209,47.34873],[27.095246,47.347179],[27.089678,47.348968],[27.08612,47.352261],[27.083402,47.354151],[27.083603,47.355006],[27.082556,47.356583],[27.081367,47.35781],[27.080123,47.358495],[27.078557,47.360402],[27.076822,47.361416],[27.074162,47.361905],[27.073993,47.362172],[27.074366,47.36244],[27.074302,47.362798],[27.073965,47.363521],[27.073537,47.36364],[27.073685,47.364031],[27.073265,47.364571],[27.069009,47.366736],[27.068988,47.368764],[27.068048,47.36876],[27.067818,47.367953],[27.067449,47.367828],[27.063724,47.368929],[27.063332,47.369554],[27.063692,47.371123],[27.061838,47.372547],[27.061519,47.373933],[27.060763,47.375306],[27.058784,47.37715],[27.057376,47.377755],[27.056232,47.377776],[27.056464,47.379285],[27.059067,47.380392],[27.057187,47.381303],[27.055203,47.381563],[27.054244,47.383159],[27.052092,47.384616],[27.050469,47.386512],[27.050063,47.388043],[27.050238,47.388583],[27.050969,47.388818],[27.050545,47.390103],[27.051001,47.391931],[27.048465,47.395656],[27.04648,47.397643],[27.045075,47.397796],[27.043324,47.395933],[27.038398,47.398117],[27.039304,47.399328],[27.037066,47.399423],[27.036206,47.400659],[27.034166,47.401854],[27.033486,47.403264],[27.031469,47.403798],[27.030889,47.404327],[27.030731,47.405266],[27.030046,47.406032],[27.030446,47.406455],[27.029334,47.407453],[27.029823,47.408162],[27.02954,47.408705],[27.028219,47.41031],[27.025957,47.411567],[27.02665,47.413725],[27.026411,47.414133],[27.025827,47.414569],[27.025385,47.414336],[27.02465,47.41327],[27.023643,47.412537],[27.023327,47.410802],[27.023049,47.410704],[27.017557,47.411965],[27.015655,47.412784],[27.013886,47.414045],[27.013886,47.414455],[27.014603,47.414771],[27.013122,47.418435],[27.01352,47.418937],[27.0134,47.419486],[27.013041,47.419627],[27.013179,47.420396],[27.0122,47.42215],[27.010616,47.423694],[27.006636,47.427277],[27.004646,47.426857],[27.004054,47.42656],[27.004333,47.426115],[27.00302,47.425821],[27.001338,47.426514]]],[[[26.939215,47.453018],[26.938373,47.453269],[26.937524,47.452035],[26.940865,47.45056],[26.941312,47.448773],[26.948559,47.442986],[26.94977,47.441085],[26.949901,47.440086],[26.952755,47.436686],[26.958526,47.432944],[26.961502,47.43275],[26.962715,47.433143],[26.964753,47.435726],[26.964916,47.437364],[26.966667,47.439309],[26.970958,47.439987],[26.972088,47.439591],[26.976252,47.439166],[26.977287,47.439608],[26.973055,47.443198],[26.970458,47.444696],[26.969148,47.445112],[26.967959,47.446314],[26.966367,47.446785],[26.964138,47.44883],[26.962743,47.448288],[26.962767,47.447937],[26.963112,47.447154],[26.965955,47.445543],[26.966139,47.443212],[26.962044,47.441605],[26.96163,47.440137],[26.961894,47.43823],[26.959347,47.436742],[26.958373,47.436694],[26.95533,47.438199],[26.954128,47.439197],[26.951244,47.442364],[26.948974,47.445274],[26.948818,47.44594],[26.945722,47.448412],[26.944179,47.450364],[26.940404,47.453019],[26.939215,47.453018]]]]},"properties":{"FID":51,"localId":"ROSPA0109","CharacterS":"Hotărârea de guvern nr. 971/2011","text":"Acumularile Belcești","Arie":2103.512,"Tip_anp":"Arie de protecție specială avifaunistică"}},{"type":"Feature","id":52,"geometry":{"type":"Polygon","coordinates":[[[26.724403,47.472831],[26.726789,47.472936],[26.70263,47.471862],[26.697087,47.459903],[26.68315,47.461749],[26.682038,47.440009],[26.683615,47.440054],[26.684805,47.438044],[26.687164,47.436727],[26.690291,47.432102],[26.693726,47.432738],[26.694176,47.432477],[26.695681,47.432513],[26.695875,47.431938],[26.696476,47.431972],[26.696583,47.431343],[26.697128,47.431368],[26.697223,47.430554],[26.698427,47.430633],[26.698731,47.431107],[26.699334,47.431182],[26.699523,47.430622],[26.69873,47.430506],[26.698895,47.43017],[26.702338,47.428716],[26.702501,47.429313],[26.705784,47.429413],[26.706143,47.430014],[26.707101,47.429406],[26.709561,47.429457],[26.709515,47.432022],[26.712257,47.431937],[26.714258,47.43123],[26.715977,47.431079],[26.71614,47.431502],[26.715677,47.431977],[26.718147,47.432141],[26.719774,47.432926],[26.719032,47.433931],[26.721616,47.434362],[26.731257,47.438506],[26.731044,47.438919],[26.731512,47.439461],[26.7305,47.439867],[26.730109,47.440658],[26.728854,47.441],[26.728519,47.441597],[26.728762,47.442046],[26.728201,47.442074],[26.728148,47.4427],[26.727677,47.442947],[26.727978,47.443519],[26.727519,47.444309],[26.727525,47.445348],[26.728221,47.445518],[26.728461,47.44599],[26.729054,47.448657],[26.727599,47.449231],[26.726395,47.4492],[26.725883,47.450614],[26.725644,47.452501],[26.72059,47.472615],[26.724403,47.472831]]]},"properties":{"FID":52,"localId":"ROSPA0116","CharacterS":"Hotărârea de guvern nr. 971/2011","text":"Dorohoi - Șaua Bucecei","Arie":25358.955,"Tip_anp":"Arie de protecție specială avifaunistică"}},{"type":"Feature","id":53,"geometry":{"type":"MultiPolygon","coordinates":[[[[27.188305,47.221295],[27.1864,47.222835],[27.184867,47.223539],[27.182851,47.223847],[27.18032,47.223538],[27.177854,47.22265],[27.177855,47.221407],[27.176639,47.220896],[27.175585,47.221074],[27.17561,47.220826],[27.174989,47.220722],[27.171964,47.220481],[27.172057,47.220041],[27.172613,47.220045],[27.172844,47.219058],[27.172198,47.219002],[27.171813,47.219301],[27.170711,47.218998],[27.168886,47.219069],[27.167747,47.219558],[27.167103,47.219371],[27.166474,47.218544],[27.165006,47.218124],[27.166315,47.217665],[27.166671,47.216914],[27.16748,47.216328],[27.166291,47.215112],[27.164891,47.214474],[27.167995,47.213129],[27.169738,47.213115],[27.172158,47.21446],[27.173438,47.214508],[27.174017,47.213676],[27.174549,47.213623],[27.174444,47.214243],[27.174955,47.214405],[27.174672,47.215537],[27.175589,47.215389],[27.176351,47.214796],[27.176591,47.215899],[27.178946,47.216749],[27.179939,47.216416],[27.181419,47.215275],[27.18186,47.213311],[27.183576,47.211603],[27.187876,47.210027],[27.189068,47.209097],[27.191822,47.20905],[27.193149,47.207158],[27.192747,47.20174],[27.192913,47.200074],[27.191783,47.199575],[27.188347,47.199394],[27.187384,47.199028],[27.185511,47.195967],[27.185741,47.194701],[27.189227,47.194445],[27.189987,47.194142],[27.192392,47.194161],[27.192092,47.195438],[27.193458,47.195041],[27.194774,47.19537],[27.195334,47.193973],[27.198068,47.194383],[27.198984,47.192449],[27.199947,47.188464],[27.20076,47.189213],[27.201552,47.189472],[27.20249,47.187752],[27.202862,47.184587],[27.204088,47.184156],[27.205164,47.18421],[27.206364,47.181549],[27.206049,47.185723],[27.208288,47.18608],[27.209552,47.187872],[27.211598,47.1888],[27.212666,47.187307],[27.214052,47.18673],[27.214733,47.185866],[27.214716,47.185374],[27.215342,47.185236],[27.215269,47.184566],[27.216644,47.183189],[27.216446,47.181754],[27.217235,47.180593],[27.219546,47.181243],[27.221172,47.179696],[27.222943,47.179633],[27.224256,47.176934],[27.224622,47.174813],[27.226174,47.173233],[27.226807,47.171839],[27.23074,47.170362],[27.236511,47.171355],[27.235232,47.174459],[27.233054,47.176569],[27.230541,47.178367],[27.229608,47.178415],[27.229146,47.179199],[27.227339,47.178738],[27.226647,47.179532],[27.224135,47.180849],[27.22362,47.181413],[27.223167,47.182565],[27.223589,47.18405],[27.22704,47.185151],[27.226873,47.18588],[27.225456,47.186038],[27.22511,47.187882],[27.223912,47.18784],[27.223943,47.186515],[27.221017,47.183144],[27.219441,47.184286],[27.220326,47.184728],[27.219123,47.18591],[27.219454,47.186054],[27.216848,47.189843],[27.216175,47.190053],[27.215092,47.189578],[27.211451,47.193492],[27.21203,47.193868],[27.212642,47.194939],[27.213323,47.197072],[27.213904,47.197499],[27.214439,47.196797],[27.216411,47.197873],[27.214423,47.199614],[27.210812,47.197755],[27.20903,47.199798],[27.208144,47.199443],[27.208421,47.198605],[27.207887,47.197777],[27.207997,47.19747],[27.208877,47.197122],[27.209383,47.196084],[27.209446,47.195349],[27.208708,47.193952],[27.209087,47.190253],[27.208894,47.189764],[27.207976,47.189335],[27.207361,47.188576],[27.20642,47.188377],[27.205808,47.188855],[27.206082,47.191025],[27.204737,47.1955],[27.204448,47.19955],[27.203315,47.203612],[27.203378,47.204673],[27.202798,47.205472],[27.201094,47.204187],[27.199172,47.199617],[27.198653,47.199905],[27.198612,47.201205],[27.197629,47.201069],[27.196907,47.203334],[27.196702,47.205651],[27.197382,47.207484],[27.201269,47.208933],[27.201676,47.209573],[27.201248,47.210611],[27.201505,47.211046],[27.204564,47.212103],[27.205841,47.212219],[27.212037,47.211438],[27.216466,47.21172],[27.218365,47.211149],[27.219812,47.209275],[27.219243,47.208376],[27.2191,47.20541],[27.22076,47.204668],[27.221101,47.204221],[27.221863,47.204566],[27.222151,47.205113],[27.222918,47.205285],[27.223709,47.20445],[27.228339,47.206558],[27.231168,47.206767],[27.231993,47.207122],[27.232635,47.206731],[27.232767,47.206435],[27.232271,47.206187],[27.233152,47.205439],[27.233374,47.205696],[27.233226,47.206501],[27.233798,47.206625],[27.233261,47.207467],[27.233711,47.207712],[27.233938,47.20708],[27.234658,47.206967],[27.235888,47.205537],[27.236358,47.205392],[27.235397,47.207001],[27.235446,47.207453],[27.235854,47.207682],[27.237415,47.20614],[27.2395,47.207327],[27.242093,47.205422],[27.24115,47.205013],[27.242049,47.203262],[27.241994,47.202616],[27.243501,47.202556],[27.24339,47.202196],[27.243719,47.202057],[27.241892,47.201211],[27.239573,47.201236],[27.236408,47.20067],[27.236993,47.199771],[27.237475,47.19991],[27.239098,47.198663],[27.239744,47.198509],[27.242522,47.19947],[27.243919,47.19746],[27.245416,47.196131],[27.247609,47.196779],[27.247985,47.195892],[27.249142,47.19622],[27.250304,47.194317],[27.252179,47.19522],[27.251803,47.197139],[27.252324,47.198318],[27.251532,47.198633],[27.25077,47.200513],[27.251331,47.200412],[27.253161,47.200961],[27.25764,47.203798],[27.258309,47.204754],[27.262007,47.204371],[27.263387,47.203817],[27.265998,47.203805],[27.268768,47.204671],[27.271116,47.20477],[27.272835,47.205548],[27.272535,47.206546],[27.272113,47.206691],[27.264189,47.208349],[27.26366,47.207986],[27.262,47.208106],[27.260091,47.208997],[27.256023,47.208682],[27.256214,47.20839],[27.254684,47.207637],[27.249506,47.208111],[27.249295,47.207396],[27.247873,47.207701],[27.247525,47.207854],[27.245639,47.211042],[27.245994,47.211428],[27.245563,47.21215],[27.244147,47.213206],[27.242258,47.213736],[27.242077,47.213056],[27.240896,47.213533],[27.240809,47.213123],[27.237618,47.213196],[27.235288,47.213683],[27.232635,47.213474],[27.229658,47.213861],[27.228718,47.214869],[27.227239,47.214774],[27.225674,47.215772],[27.225474,47.215419],[27.223666,47.215378],[27.218142,47.216026],[27.214721,47.215737],[27.210347,47.216167],[27.207128,47.216895],[27.205165,47.216862],[27.202821,47.215729],[27.200898,47.21523],[27.198262,47.215175],[27.195813,47.215895],[27.195845,47.216429],[27.19271,47.217442],[27.188305,47.221295]]],[[[27.173518,47.229849],[27.171157,47.233817],[27.166917,47.237042],[27.164884,47.238164],[27.163577,47.237122],[27.166049,47.235391],[27.167241,47.235061],[27.168567,47.233956],[27.171161,47.229653],[27.171545,47.229799],[27.171964,47.229195],[27.171645,47.22901],[27.175118,47.2245],[27.176031,47.224088],[27.178681,47.225283],[27.174323,47.228665],[27.173518,47.229849]]],[[[26.986893,47.278925],[26.985541,47.280412],[26.984759,47.280033],[26.986792,47.277548],[26.982845,47.276322],[26.984864,47.273358],[26.990511,47.274202],[26.991268,47.273838],[26.992651,47.272037],[26.992257,47.268272],[26.991721,47.267334],[26.989816,47.266661],[26.989387,47.267314],[26.98773,47.26717],[26.982322,47.271476],[26.981019,47.272225],[26.980394,47.271616],[26.981712,47.27036],[26.981355,47.26949],[26.982251,47.268312],[26.983491,47.268408],[26.984997,47.267598],[26.985094,47.266831],[26.984718,47.265669],[26.986149,47.265316],[26.98706,47.265807],[26.988192,47.264777],[26.990911,47.26411],[26.991288,47.260798],[26.990888,47.256546],[26.990531,47.256446],[26.990609,47.255993],[26.988677,47.255643],[26.988238,47.255264],[26.988192,47.254618],[26.987465,47.254357],[26.989329,47.253234],[26.990252,47.254866],[26.990887,47.255085],[26.991555,47.251319],[26.991324,47.251126],[26.992788,47.25161],[26.993027,47.251346],[26.994364,47.249148],[26.99423,47.248219],[26.996041,47.246208],[26.996297,47.244801],[26.996947,47.244164],[26.997965,47.2444],[26.995761,47.247508],[26.995417,47.249665],[26.997024,47.250696],[26.996832,47.251152],[26.997972,47.251471],[26.99634,47.256178],[26.999588,47.257808],[26.997971,47.26105],[26.998454,47.262556],[26.998194,47.263225],[27.000322,47.263725],[26.999496,47.265719],[27.000531,47.266159],[27.000882,47.265167],[27.002037,47.264615],[27.00328,47.264334],[27.006469,47.264652],[27.007258,47.264208],[27.008284,47.264408],[27.008357,47.263768],[27.005664,47.263252],[27.005575,47.261996],[27.006406,47.261237],[27.008825,47.260925],[27.013743,47.261243],[27.01464,47.259954],[27.0146,47.259325],[27.012682,47.257403],[27.011587,47.25679],[27.011813,47.255935],[27.011382,47.25535],[27.010542,47.255217],[27.010374,47.255455],[27.007777,47.254199],[27.008594,47.253774],[27.013217,47.254414],[27.018751,47.245017],[27.020728,47.245496],[27.019306,47.249123],[27.017842,47.250629],[27.019862,47.25154],[27.018867,47.253094],[27.022767,47.254099],[27.023392,47.254052],[27.023832,47.25348],[27.024517,47.2535],[27.026606,47.25162],[27.027346,47.251836],[27.026759,47.252349],[27.027599,47.252661],[27.028917,47.25188],[27.029589,47.250896],[27.031598,47.249953],[27.032878,47.250226],[27.034413,47.251483],[27.035447,47.251711],[27.036269,47.250051],[27.036924,47.249989],[27.037987,47.248529],[27.037169,47.248249],[27.037726,47.247463],[27.040811,47.248164],[27.041345,47.247375],[27.041514,47.246376],[27.044197,47.246631],[27.045568,47.245847],[27.04811,47.246346],[27.050702,47.247646],[27.052221,47.247984],[27.054585,47.247349],[27.0578,47.248003],[27.059415,47.247335],[27.06054,47.248052],[27.06334,47.248753],[27.065222,47.24799],[27.066568,47.246942],[27.06713,47.24708],[27.068458,47.245142],[27.070015,47.245541],[27.07123,47.243333],[27.071613,47.243466],[27.071547,47.243905],[27.069677,47.24679],[27.070838,47.247159],[27.070898,47.249016],[27.073477,47.24969],[27.074327,47.249134],[27.078236,47.242877],[27.081083,47.24374],[27.082754,47.245708],[27.087301,47.246256],[27.090624,47.247921],[27.092654,47.248557],[27.095606,47.248459],[27.096936,47.248782],[27.098979,47.247783],[27.099655,47.247745],[27.101349,47.24823],[27.102324,47.24892],[27.103219,47.248494],[27.104046,47.246982],[27.105169,47.246505],[27.10922,47.246682],[27.110697,47.245696],[27.112778,47.245069],[27.113756,47.246244],[27.115149,47.246329],[27.116184,47.245752],[27.117202,47.243935],[27.121017,47.245066],[27.122006,47.244982],[27.126919,47.243195],[27.129338,47.242728],[27.131279,47.241598],[27.132553,47.241359],[27.136475,47.242935],[27.139054,47.243276],[27.140386,47.242813],[27.141361,47.241686],[27.142388,47.241187],[27.143416,47.241164],[27.147214,47.239631],[27.148212,47.239712],[27.149021,47.240241],[27.149255,47.24159],[27.150452,47.242286],[27.151826,47.242428],[27.155353,47.241972],[27.157395,47.243384],[27.156058,47.244223],[27.151084,47.245497],[27.150659,47.246014],[27.1514,47.247841],[27.150299,47.248005],[27.150575,47.251513],[27.152656,47.251084],[27.153655,47.252455],[27.154997,47.252185],[27.156214,47.255445],[27.156615,47.258979],[27.157036,47.259464],[27.155427,47.260371],[27.149403,47.260941],[27.146826,47.260428],[27.146083,47.259862],[27.145896,47.259293],[27.147273,47.257986],[27.150187,47.25665],[27.14952,47.256403],[27.147743,47.257252],[27.146933,47.25605],[27.148331,47.255423],[27.149121,47.254211],[27.148854,47.253788],[27.148334,47.253916],[27.14739,47.252779],[27.148515,47.251172],[27.148165,47.250277],[27.148697,47.247419],[27.149633,47.247918],[27.14876,47.245947],[27.147729,47.245751],[27.146375,47.246059],[27.143199,47.249494],[27.142059,47.250306],[27.145171,47.24634],[27.147376,47.245107],[27.146899,47.243714],[27.145851,47.242502],[27.144678,47.242765],[27.142917,47.243983],[27.138515,47.245841],[27.136997,47.245932],[27.134092,47.244856],[27.131374,47.245074],[27.1288,47.244704],[27.123987,47.245773],[27.117544,47.247981],[27.116637,47.247904],[27.116219,47.248292],[27.112459,47.24806],[27.112564,47.248699],[27.111047,47.250354],[27.110759,47.250057],[27.110948,47.248386],[27.110732,47.247914],[27.110321,47.247814],[27.109569,47.248695],[27.108699,47.248588],[27.10658,47.249367],[27.101913,47.251891],[27.099439,47.252318],[27.097076,47.25146],[27.096444,47.251691],[27.093889,47.254026],[27.089678,47.260654],[27.089118,47.260783],[27.088582,47.26162],[27.08869,47.262109],[27.087821,47.262914],[27.08712,47.264085],[27.087367,47.264337],[27.085808,47.26639],[27.086213,47.266731],[27.085708,47.26771],[27.086715,47.268126],[27.08575,47.269364],[27.084704,47.268299],[27.084484,47.267448],[27.086261,47.264889],[27.086382,47.26417],[27.087455,47.262976],[27.087583,47.261835],[27.091367,47.256796],[27.090915,47.256563],[27.091897,47.25519],[27.09219,47.255318],[27.09356,47.253666],[27.094313,47.253457],[27.096371,47.251447],[27.097558,47.250885],[27.097584,47.250177],[27.095897,47.249977],[27.095075,47.249514],[27.094252,47.249836],[27.092562,47.249756],[27.091571,47.248981],[27.089892,47.249605],[27.086793,47.249998],[27.086478,47.249892],[27.086574,47.249465],[27.087264,47.2487],[27.086115,47.248197],[27.085694,47.248617],[27.084794,47.247832],[27.084701,47.246732],[27.084226,47.246287],[27.079261,47.249413],[27.069722,47.2529],[27.067119,47.252762],[27.065171,47.251772],[27.063446,47.252093],[27.061555,47.253325],[27.058599,47.253921],[27.057143,47.253426],[27.056196,47.252801],[27.056197,47.25218],[27.055734,47.252151],[27.052902,47.253898],[27.051941,47.255046],[27.049031,47.255863],[27.04744,47.255616],[27.046644,47.255047],[27.0416,47.256365],[27.04024,47.256419],[27.039998,47.25677],[27.037973,47.25675],[27.035407,47.258251],[27.034098,47.25773],[27.032657,47.256562],[27.032061,47.254908],[27.032184,47.252513],[27.031775,47.252303],[27.028708,47.254174],[27.025664,47.25683],[27.020319,47.258124],[27.018186,47.259352],[27.015543,47.26192],[27.016165,47.262356],[27.016061,47.263037],[27.015309,47.265322],[27.014235,47.266252],[27.009357,47.268579],[27.00789,47.268659],[27.008833,47.267552],[27.006645,47.268103],[27.005118,47.269216],[26.996511,47.272484],[26.995025,47.273473],[26.993553,47.27528],[26.99208,47.276171],[26.990335,47.278582],[26.989479,47.278818],[26.987537,47.27817],[26.986893,47.278925]]]]},"properties":{"FID":53,"localId":"ROSPA0150","CharacterS":"Hotărârea de guvern nr. 663/2016","text":"Acumulările Sârca - Podu Iloaiei","Arie":1928.808,"Tip_anp":"Arie de protecție specială avifaunistică"}},{"type":"Feature","id":54,"geometry":{"type":"Polygon","coordinates":[[[27.477518,47.093094],[27.473186,47.095349],[27.472523,47.095201],[27.47284,47.094594],[27.469788,47.091961],[27.468219,47.092706],[27.467884,47.092323],[27.468109,47.091211],[27.469825,47.088554],[27.470228,47.088705],[27.470487,47.088398],[27.46984,47.088151],[27.469831,47.087515],[27.470743,47.086565],[27.470753,47.085948],[27.473438,47.083314],[27.475683,47.083983],[27.477276,47.080308],[27.475204,47.079418],[27.471829,47.080977],[27.471398,47.080467],[27.472391,47.079846],[27.472004,47.078786],[27.474638,47.077565],[27.476206,47.077243],[27.477395,47.077715],[27.478881,47.079327],[27.479195,47.079186],[27.480991,47.077296],[27.48357,47.075368],[27.483492,47.073198],[27.485148,47.072831],[27.484788,47.071828],[27.490727,47.069856],[27.491913,47.074173],[27.492864,47.073495],[27.495482,47.073085],[27.498753,47.073368],[27.501801,47.07451],[27.504274,47.074122],[27.504092,47.07471],[27.505016,47.074139],[27.507237,47.075048],[27.508684,47.073082],[27.509603,47.073309],[27.510653,47.072795],[27.509396,47.070981],[27.509662,47.070402],[27.511755,47.071211],[27.517795,47.072551],[27.521521,47.071822],[27.522145,47.070927],[27.522107,47.070065],[27.522878,47.070069],[27.523019,47.071444],[27.52274,47.072232],[27.523081,47.073943],[27.524573,47.074782],[27.524726,47.075396],[27.525402,47.075435],[27.526189,47.076113],[27.526514,47.075949],[27.5272,47.074243],[27.528049,47.074444],[27.528188,47.074133],[27.528839,47.074295],[27.528581,47.074711],[27.529614,47.074781],[27.530321,47.075182],[27.529903,47.07606],[27.530307,47.076223],[27.529902,47.07702],[27.530353,47.077331],[27.530032,47.077841],[27.530144,47.078576],[27.529641,47.078737],[27.529489,47.079169],[27.530014,47.079371],[27.532607,47.079777],[27.53295,47.079314],[27.533418,47.079479],[27.53318,47.080054],[27.540321,47.082186],[27.541827,47.081405],[27.543679,47.081455],[27.544324,47.082041],[27.544115,47.082855],[27.54479,47.08349],[27.544796,47.08414],[27.54734,47.084369],[27.548764,47.083515],[27.549489,47.082676],[27.551996,47.081542],[27.552359,47.080971],[27.556157,47.080029],[27.556931,47.079202],[27.5573,47.079221],[27.558129,47.081527],[27.55775,47.082341],[27.558847,47.083515],[27.559405,47.083659],[27.559467,47.085227],[27.55362,47.085716],[27.553276,47.08473],[27.552153,47.085104],[27.551081,47.084875],[27.54864,47.086188],[27.543665,47.087856],[27.541684,47.089527],[27.539965,47.089883],[27.537929,47.089684],[27.537588,47.089053],[27.535894,47.089034],[27.53497,47.088386],[27.535597,47.087265],[27.535451,47.086806],[27.531917,47.085653],[27.52826,47.084021],[27.52799,47.084027],[27.52753,47.08516],[27.526721,47.085587],[27.526229,47.085506],[27.526552,47.083014],[27.524859,47.082094],[27.524474,47.081552],[27.524242,47.08001],[27.520464,47.082935],[27.519989,47.083027],[27.519395,47.08267],[27.518249,47.083504],[27.517419,47.083662],[27.519093,47.081715],[27.520034,47.081875],[27.521619,47.081151],[27.523258,47.079244],[27.523261,47.078495],[27.522404,47.077768],[27.518807,47.077231],[27.518567,47.074747],[27.518247,47.074625],[27.51509,47.074871],[27.513177,47.074491],[27.511695,47.074942],[27.510776,47.074078],[27.508272,47.075904],[27.50626,47.076761],[27.505815,47.077463],[27.502949,47.07889],[27.501565,47.080325],[27.500943,47.081695],[27.501367,47.079693],[27.501179,47.078567],[27.498773,47.079735],[27.497682,47.080981],[27.492813,47.084187],[27.491559,47.084738],[27.48975,47.083954],[27.487503,47.08505],[27.486716,47.085589],[27.485721,47.087126],[27.486388,47.087535],[27.484735,47.088637],[27.484666,47.088957],[27.482475,47.088497],[27.482783,47.088226],[27.482666,47.087684],[27.483118,47.08763],[27.48388,47.086738],[27.485572,47.084261],[27.485156,47.084095],[27.485699,47.083539],[27.485654,47.083179],[27.485128,47.082992],[27.488335,47.08162],[27.489483,47.080587],[27.490952,47.080948],[27.491899,47.07966],[27.489436,47.079035],[27.485796,47.079389],[27.483844,47.078012],[27.481375,47.078896],[27.480134,47.079961],[27.483636,47.081195],[27.482621,47.082245],[27.481253,47.08454],[27.47984,47.08801],[27.479551,47.089874],[27.480347,47.089943],[27.480132,47.092448],[27.480372,47.092457],[27.480368,47.092909],[27.478127,47.09401],[27.477518,47.093094]]]},"properties":{"FID":54,"localId":"ROSPA0158","CharacterS":"Hotărârea de guvern nr. 663/2016","text":"Lacul Ciurbești-Fânațele Bârca","Arie":520.679,"Tip_anp":"Arie de protecție specială avifaunistică"}},{"type":"Feature","id":55,"geometry":{"type":"MultiPolygon","coordinates":[[[[27.223851,46.975292],[27.226658,46.976025],[27.208941,46.977584],[27.212948,46.975601],[27.214429,46.975379],[27.21687,46.973959],[27.223851,46.975292]]],[[[27.19282,46.985884],[27.189588,46.985203],[27.190016,46.9841],[27.188541,46.982519],[27.186806,46.983231],[27.184585,46.983574],[27.186204,46.98223],[27.184275,46.981428],[27.185248,46.98068],[27.184769,46.98037],[27.187496,46.981074],[27.187891,46.980757],[27.187364,46.979265],[27.188208,46.979391],[27.18844,46.979118],[27.187643,46.978492],[27.188759,46.978138],[27.189375,46.976984],[27.188821,46.976423],[27.185503,46.974919],[27.185542,46.973983],[27.186051,46.973459],[27.186758,46.973457],[27.187196,46.972941],[27.188754,46.973447],[27.188816,46.973241],[27.187846,46.972601],[27.185928,46.972083],[27.181703,46.969476],[27.181435,46.969257],[27.181845,46.96894],[27.181092,46.968556],[27.181009,46.967358],[27.177488,46.965564],[27.177855,46.96479],[27.17906,46.965147],[27.179417,46.965046],[27.17945,46.964585],[27.180215,46.964792],[27.18035,46.964509],[27.179799,46.963879],[27.18141,46.96409],[27.182301,46.963757],[27.182697,46.964599],[27.183733,46.965466],[27.183642,46.964625],[27.183999,46.963823],[27.183708,46.962948],[27.183964,46.962498],[27.1854,46.961317],[27.18648,46.959871],[27.187042,46.960005],[27.187111,46.960484],[27.188065,46.960623],[27.189009,46.958985],[27.188945,46.957956],[27.19043,46.958879],[27.190925,46.957799],[27.198442,46.958016],[27.198603,46.963755],[27.19773,46.96887],[27.199665,46.971904],[27.199975,46.974605],[27.199643,46.976131],[27.198737,46.976712],[27.198121,46.978056],[27.199826,46.978519],[27.19282,46.985884]]],[[[27.242915,46.994196],[27.242749,46.994251],[27.243037,46.99403],[27.242915,46.994196]]],[[[27.275453,46.995211],[27.274809,46.995619],[27.273777,46.994911],[27.273344,46.99523],[27.269753,46.994881],[27.269835,46.995505],[27.269557,46.995687],[27.26595,46.99516],[27.264644,46.995783],[27.262746,46.994583],[27.262994,46.994021],[27.260917,46.994217],[27.260558,46.994772],[27.257177,46.994329],[27.255979,46.994732],[27.254897,46.994633],[27.254023,46.993741],[27.252527,46.993394],[27.252395,46.992962],[27.251003,46.992686],[27.24931,46.993148],[27.248282,46.992655],[27.247571,46.99297],[27.245818,46.992395],[27.244789,46.993498],[27.243162,46.993934],[27.245,46.992518],[27.233758,46.987639],[27.228429,46.977064],[27.229864,46.977452],[27.230311,46.978179],[27.230216,46.978738],[27.230955,46.97986],[27.231867,46.979299],[27.231831,46.978764],[27.232304,46.978409],[27.234116,46.977827],[27.236488,46.976226],[27.236493,46.975113],[27.234969,46.974775],[27.234567,46.975052],[27.234579,46.975504],[27.233336,46.976147],[27.231056,46.97644],[27.2298,46.976135],[27.228735,46.976526],[27.22799,46.975961],[27.226457,46.975719],[27.225747,46.974966],[27.226517,46.975012],[27.226977,46.97436],[27.228807,46.973656],[27.228675,46.971777],[27.226666,46.971333],[27.226211,46.970834],[27.225408,46.971098],[27.225639,46.970729],[27.225321,46.970599],[27.223677,46.970632],[27.223189,46.971711],[27.222675,46.971849],[27.223031,46.971404],[27.222661,46.969581],[27.223107,46.968623],[27.221485,46.969859],[27.222442,46.968689],[27.222337,46.96816],[27.221692,46.968213],[27.223195,46.967073],[27.226116,46.96594],[27.224389,46.961375],[27.224578,46.961175],[27.235987,46.961007],[27.234855,46.960463],[27.234631,46.960068],[27.234844,46.959566],[27.237285,46.957149],[27.238847,46.956477],[27.238641,46.955026],[27.239087,46.952803],[27.239925,46.951866],[27.240217,46.950674],[27.239957,46.949346],[27.24082,46.947376],[27.24207,46.945548],[27.242255,46.944159],[27.241609,46.941017],[27.239862,46.938058],[27.239263,46.934706],[27.241654,46.934434],[27.241895,46.933874],[27.240405,46.933894],[27.239341,46.933351],[27.239379,46.933087],[27.240007,46.931761],[27.243552,46.927594],[27.249875,46.922928],[27.250525,46.921921],[27.250434,46.92082],[27.2516,46.918621],[27.254867,46.916431],[27.259468,46.914848],[27.259768,46.915218],[27.261014,46.915608],[27.261576,46.914974],[27.260636,46.914324],[27.26765,46.911709],[27.272666,46.908572],[27.275706,46.905822],[27.280043,46.903049],[27.28243,46.902057],[27.283146,46.902641],[27.282954,46.902997],[27.283626,46.903078],[27.285093,46.904867],[27.285217,46.905945],[27.28473,46.90633],[27.284747,46.906941],[27.286471,46.908009],[27.285694,46.908564],[27.286109,46.909051],[27.283754,46.910932],[27.283533,46.911626],[27.287397,46.912233],[27.28582,46.913339],[27.286117,46.914034],[27.287204,46.914909],[27.286966,46.915526],[27.287152,46.916048],[27.291815,46.92067],[27.292619,46.920877],[27.292226,46.92178],[27.291058,46.922683],[27.29064,46.922509],[27.289749,46.924073],[27.29698,46.92711],[27.300155,46.925045],[27.304241,46.924421],[27.30505,46.925601],[27.305049,46.926196],[27.305964,46.927033],[27.307485,46.927692],[27.308389,46.927135],[27.310191,46.927868],[27.310896,46.92778],[27.310673,46.928165],[27.311379,46.928665],[27.309683,46.92898],[27.308626,46.928325],[27.307301,46.928876],[27.307597,46.929386],[27.307369,46.929486],[27.306842,46.929525],[27.306438,46.92909],[27.304361,46.929671],[27.305145,46.930221],[27.304924,46.930541],[27.304273,46.929947],[27.303697,46.930292],[27.302626,46.929913],[27.305008,46.933617],[27.302688,46.934227],[27.301031,46.934122],[27.299578,46.934751],[27.297499,46.934401],[27.295771,46.936287],[27.294737,46.93616],[27.293691,46.936588],[27.295109,46.937383],[27.294594,46.938047],[27.293318,46.938587],[27.293326,46.938966],[27.292388,46.93903],[27.291399,46.939627],[27.291424,46.939968],[27.290713,46.940643],[27.290101,46.940766],[27.290231,46.941151],[27.289956,46.941456],[27.287934,46.942019],[27.287399,46.94303],[27.285493,46.9438],[27.284346,46.945655],[27.283371,46.945852],[27.282732,46.946512],[27.281933,46.94639],[27.282119,46.947083],[27.281473,46.947015],[27.281253,46.94768],[27.28204,46.948074],[27.282006,46.948362],[27.281481,46.949126],[27.280852,46.949204],[27.280714,46.948813],[27.280253,46.94873],[27.279369,46.949336],[27.279513,46.950524],[27.278809,46.951382],[27.278125,46.951651],[27.278084,46.952361],[27.277368,46.952651],[27.277506,46.953278],[27.276748,46.953717],[27.277264,46.954091],[27.276645,46.954256],[27.276396,46.955139],[27.275557,46.955767],[27.275633,46.956047],[27.274799,46.955934],[27.274243,46.956659],[27.273801,46.956537],[27.273922,46.956835],[27.273298,46.957215],[27.273402,46.957514],[27.272329,46.95792],[27.271898,46.958578],[27.270636,46.959345],[27.269343,46.959336],[27.269403,46.959907],[27.268259,46.960906],[27.267987,46.960459],[27.268563,46.959693],[27.267008,46.960791],[27.264918,46.961455],[27.263873,46.962325],[27.264172,46.962655],[27.263117,46.963797],[27.263057,46.964346],[27.262542,46.964587],[27.262916,46.964948],[27.26288,46.965525],[27.261955,46.966416],[27.262622,46.966823],[27.262437,46.968772],[27.263165,46.969827],[27.263789,46.969488],[27.263306,46.970789],[27.26207,46.970973],[27.261799,46.971333],[27.262094,46.97299],[27.263368,46.973308],[27.262935,46.974723],[27.262434,46.974828],[27.262795,46.975141],[27.262502,46.975522],[27.263799,46.975803],[27.26985,46.975823],[27.270799,46.976211],[27.27171,46.977291],[27.273749,46.977636],[27.274108,46.978046],[27.276308,46.977026],[27.278158,46.979295],[27.279318,46.978767],[27.279702,46.978959],[27.278956,46.979349],[27.278965,46.979917],[27.279545,46.979934],[27.279372,46.980225],[27.280281,46.980476],[27.280632,46.98099],[27.281341,46.980891],[27.280901,46.98116],[27.282857,46.982097],[27.282993,46.982473],[27.283766,46.982438],[27.284445,46.982845],[27.284282,46.983441],[27.282834,46.985201],[27.282651,46.988854],[27.281824,46.98978],[27.281337,46.990028],[27.280992,46.98977],[27.280395,46.990347],[27.279105,46.990702],[27.278407,46.990066],[27.277958,46.990123],[27.277391,46.990936],[27.278133,46.991567],[27.276286,46.991845],[27.276077,46.992307],[27.273953,46.992107],[27.273078,46.99269],[27.27305,46.99294],[27.273563,46.992823],[27.273152,46.993054],[27.270443,46.99317],[27.266395,46.992503],[27.266451,46.994365],[27.268171,46.9941],[27.268647,46.99485],[27.271138,46.994721],[27.270698,46.994026],[27.270889,46.993813],[27.270117,46.993325],[27.271134,46.993444],[27.271938,46.99429],[27.272021,46.993786],[27.273137,46.993845],[27.274137,46.994718],[27.275084,46.994691],[27.275251,46.994019],[27.276097,46.993637],[27.276422,46.993741],[27.276532,46.994321],[27.279741,46.994081],[27.280382,46.994424],[27.278758,46.994775],[27.277621,46.99464],[27.276389,46.995209],[27.275453,46.995211]]],[[[27.343694,47.115987],[27.337616,47.121999],[27.336897,47.123591],[27.335233,47.124561],[27.33438,47.126407],[27.332518,47.127694],[27.332677,47.12792],[27.327616,47.126967],[27.32553,47.126161],[27.323876,47.123545],[27.320735,47.121907],[27.319689,47.120711],[27.319418,47.119367],[27.318549,47.118291],[27.318713,47.116562],[27.316565,47.108432],[27.314735,47.107509],[27.314436,47.106882],[27.312506,47.105533],[27.313953,47.104887],[27.31172,47.10099],[27.308508,47.10071],[27.307214,47.101077],[27.307731,47.101855],[27.311013,47.103771],[27.312045,47.104873],[27.308452,47.102655],[27.306961,47.102525],[27.305047,47.101377],[27.304624,47.101436],[27.304146,47.102643],[27.303638,47.103008],[27.302932,47.102874],[27.301905,47.102035],[27.300914,47.102],[27.299454,47.103267],[27.298911,47.104349],[27.298247,47.104551],[27.297104,47.104231],[27.296829,47.102136],[27.295922,47.101288],[27.292743,47.101979],[27.291257,47.101524],[27.288686,47.105142],[27.287696,47.108561],[27.286551,47.10978],[27.286684,47.110618],[27.286275,47.111074],[27.286619,47.111388],[27.286397,47.112304],[27.285951,47.112617],[27.270714,47.112924],[27.270148,47.111845],[27.26931,47.112154],[27.261658,47.112728],[27.260841,47.114243],[27.256591,47.114225],[27.256183,47.113257],[27.256522,47.112546],[27.255431,47.112615],[27.255141,47.112938],[27.252142,47.112431],[27.250874,47.111911],[27.250696,47.111718],[27.251045,47.111105],[27.250584,47.110931],[27.249717,47.111305],[27.247579,47.110871],[27.247782,47.110319],[27.247427,47.109755],[27.246659,47.109633],[27.245503,47.110079],[27.243194,47.10921],[27.237699,47.107995],[27.237355,47.10915],[27.238166,47.110742],[27.23802,47.111],[27.234375,47.113202],[27.231629,47.112466],[27.230294,47.113605],[27.228654,47.116947],[27.226926,47.119173],[27.227349,47.119722],[27.224812,47.124566],[27.224035,47.127178],[27.221367,47.126422],[27.207304,47.117916],[27.209767,47.106599],[27.209825,47.097731],[27.2111,47.096594],[27.20361,47.085485],[27.190375,47.085904],[27.180466,47.086582],[27.181191,47.085963],[27.181285,47.085443],[27.180844,47.084992],[27.180622,47.085434],[27.18018,47.085461],[27.179939,47.086311],[27.178482,47.086293],[27.179128,47.086598],[27.179091,47.08696],[27.176356,47.087385],[27.1724,47.077759],[27.170932,47.073566],[27.171106,47.073394],[27.170549,47.07281],[27.172021,47.072583],[27.173205,47.072016],[27.17356,47.070447],[27.184637,47.061756],[27.18727,47.049929],[27.183773,47.045965],[27.183541,47.045267],[27.178665,47.040171],[27.187563,47.030623],[27.207693,47.027811],[27.221024,47.017138],[27.242125,47.011714],[27.241878,47.010091],[27.242744,47.009029],[27.244687,47.008289],[27.246529,47.005301],[27.246763,47.003982],[27.247297,47.003122],[27.247207,47.002012],[27.246891,47.001942],[27.246737,47.001161],[27.247447,46.999171],[27.248632,46.999458],[27.249216,47.000611],[27.250002,47.000686],[27.250299,46.999718],[27.250127,46.999235],[27.250704,46.998996],[27.251081,46.997919],[27.252083,46.997583],[27.252745,46.996697],[27.253446,46.997061],[27.252623,46.99832],[27.253839,46.999667],[27.255702,46.999507],[27.258275,46.999888],[27.260241,46.997649],[27.260776,46.996193],[27.26133,46.99577],[27.263061,46.995506],[27.262586,46.995797],[27.263491,46.996121],[27.261988,46.99674],[27.264287,46.999966],[27.26456,47.001247],[27.264382,47.0019],[27.265058,47.004452],[27.263357,47.005326],[27.260605,47.007843],[27.259634,47.007924],[27.259116,47.007473],[27.256005,47.008942],[27.255846,47.010375],[27.254096,47.01065],[27.252545,47.010091],[27.252047,47.010464],[27.255506,47.011387],[27.256656,47.012261],[27.256968,47.012222],[27.257999,47.010648],[27.261782,47.011578],[27.259281,47.013226],[27.257148,47.012625],[27.257088,47.014437],[27.256607,47.016164],[27.257628,47.016623],[27.256104,47.017886],[27.252936,47.017494],[27.253541,47.0181],[27.256674,47.018589],[27.257041,47.019199],[27.256273,47.019489],[27.257441,47.019944],[27.257407,47.020809],[27.256808,47.021783],[27.25715,47.022072],[27.257095,47.022742],[27.256525,47.023519],[27.254916,47.024341],[27.25405,47.023738],[27.253237,47.024074],[27.256859,47.028189],[27.259629,47.031966],[27.26058,47.032638],[27.261825,47.034336],[27.262371,47.034749],[27.263099,47.034749],[27.262841,47.035323],[27.264822,47.037539],[27.265486,47.037673],[27.265913,47.038151],[27.26614,47.03885],[27.265793,47.038989],[27.26614,47.039327],[27.265806,47.039878],[27.2652,47.04009],[27.265354,47.040569],[27.264316,47.040924],[27.264747,47.041778],[27.263378,47.042396],[27.263613,47.042807],[27.262965,47.043041],[27.262994,47.043696],[27.262131,47.043403],[27.261806,47.043656],[27.262005,47.043871],[27.26167,47.044284],[27.262294,47.044778],[27.260112,47.045204],[27.259303,47.044978],[27.257112,47.045478],[27.256097,47.046029],[27.255638,47.045636],[27.254619,47.046003],[27.253692,47.045909],[27.253571,47.045588],[27.251589,47.045755],[27.250315,47.046104],[27.248696,47.047757],[27.247286,47.04857],[27.246095,47.048233],[27.245673,47.047799],[27.244172,47.047721],[27.243341,47.047356],[27.242338,47.047727],[27.24049,47.047383],[27.240495,47.048085],[27.239181,47.048582],[27.238893,47.048264],[27.239512,47.047742],[27.239256,47.047538],[27.238835,47.048043],[27.238309,47.048042],[27.238275,47.047028],[27.237992,47.046957],[27.236801,47.047707],[27.235736,47.047487],[27.235756,47.048118],[27.235441,47.04828],[27.234808,47.047893],[27.234599,47.048114],[27.233166,47.047915],[27.233161,47.048727],[27.233601,47.049158],[27.233406,47.050701],[27.232452,47.050766],[27.231974,47.051953],[27.233395,47.05224],[27.235283,47.051376],[27.234828,47.052769],[27.234962,47.053736],[27.236307,47.054216],[27.2368,47.054015],[27.237349,47.054184],[27.237595,47.054661],[27.238828,47.054875],[27.241301,47.053603],[27.242149,47.053771],[27.243196,47.054835],[27.245069,47.055391],[27.248208,47.056977],[27.252231,47.054576],[27.252739,47.054768],[27.253294,47.055238],[27.253014,47.055666],[27.253583,47.056645],[27.252471,47.060018],[27.253853,47.061329],[27.253246,47.062405],[27.253991,47.062586],[27.253881,47.063034],[27.254363,47.063109],[27.255466,47.061554],[27.258287,47.05936],[27.260737,47.058666],[27.262685,47.05766],[27.264586,47.052362],[27.265248,47.052379],[27.265459,47.051429],[27.266587,47.051075],[27.266768,47.050424],[27.268887,47.049273],[27.272093,47.048475],[27.274178,47.050515],[27.274263,47.052476],[27.275966,47.061614],[27.284799,47.06377],[27.293006,47.063696],[27.293009,47.064928],[27.294475,47.065304],[27.294847,47.065238],[27.295133,47.063854],[27.296108,47.063698],[27.307368,47.063703],[27.307367,47.062308],[27.307954,47.061024],[27.308125,47.059065],[27.307907,47.058171],[27.308552,47.056782],[27.308546,47.056215],[27.307299,47.053564],[27.306797,47.053214],[27.303392,47.053655],[27.303328,47.053265],[27.302639,47.053308],[27.301632,47.05209],[27.301343,47.051014],[27.300132,47.050238],[27.299526,47.048981],[27.297404,47.04913],[27.296986,47.047882],[27.297304,47.047631],[27.29663,47.046988],[27.29727,47.046105],[27.29746,47.043897],[27.294627,47.042628],[27.293288,47.040847],[27.292144,47.040048],[27.291204,47.038624],[27.285688,47.037631],[27.285529,47.038006],[27.284195,47.038249],[27.282731,47.036858],[27.27888,47.037739],[27.278921,47.037226],[27.278436,47.037038],[27.277976,47.037255],[27.276796,47.036139],[27.276637,47.034788],[27.276902,47.034487],[27.277792,47.033791],[27.279604,47.033894],[27.278758,47.03296],[27.279069,47.032616],[27.280431,47.033206],[27.28053,47.033568],[27.280727,47.033088],[27.281117,47.033141],[27.281501,47.033739],[27.281705,47.033303],[27.281299,47.032926],[27.282596,47.033093],[27.282422,47.032406],[27.28311,47.031822],[27.282135,47.031097],[27.283638,47.030793],[27.283743,47.030145],[27.287363,47.029965],[27.288022,47.030599],[27.288454,47.030188],[27.288309,47.02979],[27.28695,47.028569],[27.288113,47.02799],[27.287618,47.027489],[27.288625,47.027551],[27.289003,47.027186],[27.287596,47.026504],[27.288375,47.025896],[27.289652,47.025721],[27.28919,47.024687],[27.289434,47.02426],[27.289968,47.02464],[27.290513,47.024506],[27.290695,47.024859],[27.291164,47.024809],[27.29131,47.023917],[27.291658,47.023607],[27.291024,47.023255],[27.29198,47.022876],[27.29165,47.0225],[27.291773,47.022174],[27.292936,47.021874],[27.293511,47.020082],[27.295478,47.019785],[27.294004,47.019487],[27.293344,47.019738],[27.292256,47.019006],[27.279359,47.015938],[27.281489,47.013277],[27.280701,47.012951],[27.28091,47.012155],[27.280627,47.011543],[27.280855,47.011418],[27.281619,47.012162],[27.28193,47.013036],[27.284179,47.013793],[27.286349,47.011952],[27.288453,47.012368],[27.28905,47.012939],[27.290115,47.011805],[27.291387,47.01244],[27.291818,47.010965],[27.291298,47.010994],[27.290784,47.011559],[27.289323,47.011391],[27.288927,47.011886],[27.288553,47.011822],[27.28881,47.011147],[27.290474,47.010407],[27.29213,47.009917],[27.294268,47.010375],[27.295644,47.011197],[27.295178,47.012219],[27.29393,47.012496],[27.295063,47.012544],[27.296236,47.013289],[27.2972,47.012802],[27.297055,47.012269],[27.297792,47.012189],[27.298026,47.013785],[27.296813,47.019944],[27.300971,47.021084],[27.305946,47.02198],[27.306736,47.02295],[27.307888,47.022782],[27.307851,47.02216],[27.308843,47.022264],[27.309163,47.02182],[27.312916,47.021492],[27.315651,47.021794],[27.317093,47.021479],[27.316008,47.021196],[27.31578,47.020568],[27.315195,47.020538],[27.315674,47.020251],[27.314054,47.019601],[27.312694,47.018349],[27.311425,47.018427],[27.311943,47.017788],[27.318608,47.019466],[27.31887,47.018258],[27.320069,47.017496],[27.321115,47.018207],[27.322085,47.019703],[27.323442,47.020414],[27.323979,47.021861],[27.325584,47.022069],[27.326689,47.020184],[27.327036,47.020091],[27.326963,47.019567],[27.327506,47.01829],[27.328017,47.018199],[27.328473,47.017424],[27.328416,47.016092],[27.328105,47.015689],[27.326568,47.015661],[27.328953,47.014554],[27.330903,47.014089],[27.331506,47.013623],[27.331582,47.012945],[27.332638,47.012578],[27.33229,47.013778],[27.332531,47.015459],[27.331915,47.015944],[27.331265,47.015984],[27.330658,47.017993],[27.33084,47.018669],[27.330365,47.019344],[27.330967,47.019767],[27.330682,47.020157],[27.330969,47.02073],[27.331422,47.020982],[27.332103,47.020787],[27.33251,47.021519],[27.329109,47.023149],[27.328682,47.023891],[27.327206,47.023543],[27.3255,47.024178],[27.324911,47.024826],[27.328217,47.027042],[27.329231,47.027379],[27.331216,47.030099],[27.332513,47.031013],[27.333932,47.031303],[27.334368,47.031726],[27.334329,47.032296],[27.333897,47.032327],[27.333841,47.032861],[27.332799,47.033998],[27.334046,47.03414],[27.335092,47.035888],[27.335733,47.038231],[27.338138,47.039583],[27.338751,47.040459],[27.338777,47.041458],[27.342723,47.040891],[27.342773,47.040516],[27.344294,47.040245],[27.344511,47.042999],[27.347805,47.042925],[27.348588,47.041976],[27.347596,47.041321],[27.348156,47.040919],[27.34833,47.040047],[27.349312,47.038917],[27.349251,47.038429],[27.351543,47.03913],[27.354413,47.039438],[27.355936,47.039316],[27.356452,47.038999],[27.358881,47.039268],[27.360804,47.0388],[27.363474,47.039736],[27.365123,47.039924],[27.367059,47.039437],[27.367869,47.039583],[27.368981,47.03888],[27.371079,47.041523],[27.373898,47.040417],[27.374944,47.040886],[27.376027,47.04004],[27.380384,47.04036],[27.383158,47.041419],[27.383933,47.042315],[27.384553,47.042248],[27.387481,47.043251],[27.387727,47.044435],[27.387128,47.044887],[27.387722,47.047059],[27.387098,47.049243],[27.386994,47.055765],[27.386388,47.056818],[27.38474,47.058383],[27.387206,47.06231],[27.384544,47.06341],[27.383158,47.063353],[27.382988,47.062733],[27.381441,47.062886],[27.381016,47.063212],[27.38013,47.06413],[27.380112,47.064983],[27.381745,47.06656],[27.382523,47.066723],[27.383038,47.068534],[27.377338,47.071275],[27.378562,47.073645],[27.380882,47.075909],[27.382046,47.078435],[27.382476,47.080186],[27.383227,47.081251],[27.383852,47.081283],[27.385119,47.082255],[27.387375,47.084699],[27.387163,47.085172],[27.38499,47.085893],[27.38069,47.086556],[27.380454,47.086882],[27.381304,47.087819],[27.381113,47.089502],[27.38363,47.091167],[27.384209,47.0921],[27.369102,47.092016],[27.369149,47.094414],[27.368033,47.095448],[27.36723,47.095663],[27.365925,47.094569],[27.364693,47.094265],[27.364091,47.094663],[27.362901,47.094822],[27.36334,47.095912],[27.363236,47.096837],[27.364029,47.098323],[27.363788,47.098865],[27.364514,47.099066],[27.36491,47.099882],[27.364846,47.101021],[27.365446,47.101659],[27.36443,47.101708],[27.364183,47.102542],[27.363322,47.103086],[27.361913,47.102356],[27.361142,47.102381],[27.362107,47.103016],[27.360499,47.102924],[27.362373,47.10426],[27.362387,47.107061],[27.364266,47.105672],[27.366029,47.105554],[27.366423,47.105038],[27.367637,47.105206],[27.36909,47.106291],[27.366324,47.107485],[27.365941,47.108889],[27.366243,47.110362],[27.363785,47.110607],[27.361016,47.111802],[27.351096,47.11376],[27.34918,47.114363],[27.347643,47.115511],[27.345537,47.11409],[27.343694,47.115987]]]]},"properties":{"FID":55,"localId":"ROSPA0163","CharacterS":"Hotărârea de guvern nr. 663/2016","text":"Pădurea Floreanu - Frumușica - Ciurea","Arie":18917.223,"Tip_anp":"Arie de protecție specială avifaunistică"}},{"type":"Feature","id":56,"geometry":{"type":"MultiPolygon","coordinates":[[[[28.113473,46.838794],[28.108148,46.841389],[28.113708,46.838648],[28.113473,46.838794]]],[[[28.110008,46.919048],[28.10716,46.917158],[28.104666,46.914452],[28.101754,46.914878],[28.096954,46.914244],[28.094171,46.911469],[28.092649,46.91058],[28.091482,46.910584],[28.089749,46.911101],[28.087738,46.910887],[28.081735,46.905361],[28.081324,46.904382],[28.08199,46.903474],[28.081785,46.902769],[28.082322,46.901899],[28.081228,46.900501],[28.080534,46.900173],[28.081163,46.899107],[28.080766,46.898544],[28.081532,46.897295],[28.084093,46.895066],[28.085053,46.89493],[28.084777,46.893621],[28.085568,46.892473],[28.08582,46.889826],[28.086106,46.889429],[28.087762,46.888033],[28.08989,46.88716],[28.091619,46.887061],[28.096277,46.887929],[28.097062,46.887698],[28.10159,46.884849],[28.104857,46.87885],[28.104856,46.878226],[28.104088,46.877654],[28.098974,46.875744],[28.095022,46.870591],[28.09713,46.869712],[28.097219,46.869129],[28.096762,46.868825],[28.096856,46.868347],[28.099148,46.868217],[28.099559,46.867727],[28.100724,46.867909],[28.10789,46.861452],[28.108909,46.860966],[28.111505,46.858803],[28.113343,46.856279],[28.114146,46.855668],[28.11501,46.852594],[28.116483,46.851517],[28.110347,46.847125],[28.109867,46.846307],[28.107382,46.846077],[28.107434,46.844431],[28.106151,46.842374],[28.10778,46.841571],[28.107431,46.841956],[28.107601,46.842919],[28.109261,46.844351],[28.11012,46.844143],[28.110938,46.842522],[28.11382,46.842179],[28.114196,46.842752],[28.114701,46.845773],[28.115269,46.847205],[28.11755,46.849213],[28.11909,46.84992],[28.119821,46.849833],[28.121056,46.848552],[28.123843,46.847862],[28.124744,46.849844],[28.125865,46.850892],[28.126181,46.852277],[28.123345,46.852952],[28.120872,46.852539],[28.119203,46.852599],[28.117213,46.853833],[28.117269,46.854914],[28.11949,46.85542],[28.121217,46.858079],[28.116126,46.859975],[28.113499,46.861369],[28.110565,46.863175],[28.107577,46.865746],[28.107746,46.866606],[28.109534,46.86752],[28.111022,46.869908],[28.102717,46.869537],[28.098733,46.869815],[28.098249,46.870384],[28.098291,46.871115],[28.09896,46.872233],[28.101571,46.873795],[28.103758,46.874031],[28.105463,46.873313],[28.112158,46.875901],[28.113005,46.876855],[28.113847,46.877242],[28.116436,46.877555],[28.117557,46.877988],[28.115784,46.88051],[28.112786,46.881579],[28.112304,46.882363],[28.112296,46.883728],[28.11311,46.885593],[28.113364,46.893128],[28.111498,46.895215],[28.110523,46.895593],[28.109512,46.895393],[28.109244,46.894566],[28.110063,46.890368],[28.109596,46.889455],[28.108488,46.889005],[28.107565,46.889524],[28.10606,46.892432],[28.10321,46.895758],[28.102321,46.895731],[28.097619,46.892148],[28.096808,46.891913],[28.095858,46.892302],[28.095329,46.894812],[28.094332,46.895966],[28.089312,46.896084],[28.087249,46.895023],[28.085989,46.894973],[28.085394,46.895477],[28.085504,46.896564],[28.086459,46.897963],[28.087303,46.89849],[28.087984,46.900108],[28.084826,46.900815],[28.083425,46.901709],[28.082954,46.902674],[28.083085,46.903205],[28.08506,46.905336],[28.085922,46.907015],[28.087034,46.907733],[28.088104,46.907391],[28.09048,46.905689],[28.091778,46.905258],[28.095136,46.90563],[28.095569,46.906021],[28.095332,46.9065],[28.093396,46.908851],[28.093816,46.909799],[28.095612,46.91052],[28.097813,46.910699],[28.09904,46.910512],[28.099926,46.909953],[28.110008,46.919048]]],[[[28.111914,46.920766],[28.11054,46.921181],[28.111324,46.920879],[28.109935,46.919176],[28.111914,46.920766]]],[[[28.105703,46.923973],[28.105941,46.92383],[28.106004,46.923817],[28.105703,46.923973]]],[[[28.087479,46.934791],[28.089172,46.935452],[28.086632,46.935964],[28.086606,46.935091],[28.087479,46.934791]]],[[[28.078814,46.984919],[28.078102,46.985096],[28.077577,46.985943],[28.078544,46.987154],[28.077092,46.98624],[28.077639,46.985079],[28.077408,46.98495],[28.077847,46.984435],[28.079791,46.98402],[28.080391,46.982977],[28.081479,46.982042],[28.086011,46.980497],[28.083275,46.979598],[28.082951,46.979958],[28.082348,46.979812],[28.082481,46.979478],[28.082977,46.979565],[28.083348,46.978731],[28.082595,46.978546],[28.083598,46.975015],[28.082278,46.971011],[28.077209,46.966653],[28.075255,46.964342],[28.075281,46.963824],[28.076896,46.961102],[28.081677,46.954625],[28.08298,46.953167],[28.085061,46.951808],[28.088837,46.94712],[28.091314,46.946659],[28.093001,46.947382],[28.094227,46.946637],[28.094947,46.945609],[28.094576,46.944471],[28.093229,46.944494],[28.090679,46.943866],[28.089783,46.943158],[28.087176,46.942056],[28.086912,46.94148],[28.08705,46.940583],[28.08783,46.939283],[28.086925,46.939161],[28.086999,46.938672],[28.086127,46.938626],[28.085386,46.939339],[28.082803,46.940732],[28.079962,46.939157],[28.079499,46.938566],[28.079528,46.93792],[28.081846,46.934603],[28.083333,46.933543],[28.090746,46.932493],[28.09163,46.932807],[28.093795,46.932367],[28.094708,46.932551],[28.095084,46.932273],[28.095062,46.933071],[28.09601,46.93319],[28.102133,46.931964],[28.103084,46.931034],[28.09882,46.930782],[28.095832,46.929345],[28.095733,46.928526],[28.096635,46.92759],[28.099064,46.926253],[28.101242,46.925781],[28.102201,46.92521],[28.101788,46.925018],[28.102003,46.924866],[28.102871,46.92498],[28.105645,46.924002],[28.101551,46.926116],[28.097829,46.927494],[28.096076,46.92869],[28.096504,46.929411],[28.099987,46.930755],[28.101481,46.930266],[28.101738,46.929764],[28.101348,46.92893],[28.104738,46.929274],[28.104719,46.931747],[28.103782,46.93229],[28.099067,46.933357],[28.084442,46.93397],[28.082894,46.935059],[28.081144,46.93713],[28.081371,46.938165],[28.083609,46.939207],[28.085004,46.939177],[28.086107,46.937938],[28.089098,46.938862],[28.088267,46.939541],[28.087455,46.941158],[28.087434,46.941722],[28.087953,46.942045],[28.088789,46.941732],[28.089831,46.940299],[28.091443,46.939586],[28.096422,46.941123],[28.098174,46.949133],[28.097435,46.949811],[28.09342,46.949144],[28.09181,46.947024],[28.090943,46.946848],[28.090188,46.947189],[28.089556,46.948666],[28.089708,46.9498],[28.090098,46.950833],[28.091425,46.952289],[28.093191,46.956648],[28.088462,46.955945],[28.086439,46.956145],[28.08451,46.956817],[28.081006,46.959071],[28.079045,46.96138],[28.078338,46.962784],[28.07909,46.964015],[28.080309,46.964697],[28.085072,46.969231],[28.084393,46.970915],[28.084597,46.971694],[28.085326,46.97255],[28.08727,46.9737],[28.090155,46.97407],[28.095592,46.979243],[28.089968,46.980859],[28.088605,46.981819],[28.087431,46.98343],[28.083236,46.98506],[28.078814,46.984919]]],[[[28.037447,47.028895],[28.035653,47.029711],[28.037585,47.028543],[28.038437,47.027615],[28.038992,47.02596],[28.039779,47.025044],[28.040012,47.023623],[28.039774,47.022018],[28.040612,47.020607],[28.04149,47.020069],[28.043389,47.01988],[28.04427,47.020274],[28.045227,47.021351],[28.045718,47.022956],[28.046689,47.02272],[28.047323,47.022988],[28.047692,47.022349],[28.048273,47.022417],[28.05008,47.020495],[28.051414,47.01812],[28.051683,47.01624],[28.050915,47.015865],[28.049815,47.016179],[28.048044,47.017864],[28.043803,47.019649],[28.041514,47.019612],[28.039205,47.019033],[28.036572,47.017722],[28.035552,47.016565],[28.032708,47.014593],[28.031195,47.012843],[28.031089,47.011484],[28.032461,47.009864],[28.038513,47.00709],[28.03889,47.007586],[28.039189,47.006842],[28.039974,47.006185],[28.043014,47.005246],[28.044982,47.003321],[28.048069,47.001841],[28.051837,47.000854],[28.054507,46.999262],[28.058413,46.998432],[28.063757,46.996712],[28.074475,46.991768],[28.079279,46.990706],[28.079344,46.991025],[28.077004,46.991331],[28.074405,46.992142],[28.063003,46.997269],[28.058635,46.998677],[28.054594,46.999534],[28.054303,47.000248],[28.055642,47.001359],[28.054358,47.005518],[28.053325,47.006002],[28.051052,47.00461],[28.053542,47.002624],[28.053381,47.001782],[28.05296,47.001463],[28.050348,47.001462],[28.045875,47.003194],[28.043919,47.005212],[28.040734,47.00615],[28.039462,47.007151],[28.039362,47.00766],[28.040251,47.007967],[28.042397,47.00699],[28.043344,47.007495],[28.043458,47.007975],[28.04254,47.009529],[28.039722,47.011945],[28.037081,47.012028],[28.036202,47.011316],[28.036285,47.010425],[28.035832,47.010012],[28.034044,47.010258],[28.032621,47.010924],[28.032133,47.012256],[28.033371,47.014127],[28.03784,47.018132],[28.041088,47.019159],[28.04325,47.01921],[28.045434,47.018606],[28.047667,47.017209],[28.049482,47.015591],[28.053336,47.01422],[28.051119,47.021276],[28.048944,47.024214],[28.045323,47.02361],[28.045178,47.022337],[28.044224,47.020739],[28.043275,47.020154],[28.041707,47.0203],[28.040487,47.021512],[28.040337,47.024036],[28.038745,47.027671],[28.037447,47.028895]]],[[[28.03353,47.030046],[28.034425,47.030109],[28.031063,47.029992],[28.03353,47.030046]]],[[[27.995889,47.028895],[27.995028,47.02908],[27.994422,47.02978],[27.99478,47.031476],[27.99408,47.032943],[27.993577,47.031083],[27.993966,47.029433],[27.993782,47.028955],[27.994673,47.028426],[27.99509,47.027651],[28.003773,47.026217],[28.009358,47.024335],[28.011567,47.023256],[28.01186,47.021878],[28.012471,47.021702],[28.012736,47.021079],[28.017679,47.019597],[28.020157,47.0196],[28.021976,47.022506],[28.02337,47.023081],[28.024752,47.024761],[28.02461,47.026601],[28.02422,47.026396],[28.024402,47.024555],[28.023411,47.023659],[28.021403,47.023117],[28.017507,47.023053],[28.014346,47.023838],[28.00874,47.026167],[28.005879,47.02702],[27.997185,47.028941],[27.995889,47.028895]]],[[[27.895821,47.079028],[27.89499,47.078433],[27.895775,47.077478],[27.895625,47.075615],[27.896619,47.073483],[27.898644,47.071972],[27.896688,47.07025],[27.895759,47.070295],[27.898053,47.066717],[27.896989,47.06587],[27.900075,47.06419],[27.904643,47.061073],[27.909202,47.059554],[27.918231,47.053603],[27.919816,47.053448],[27.91974,47.054038],[27.920369,47.054753],[27.920344,47.05559],[27.92168,47.056828],[27.920703,47.058304],[27.923339,47.058912],[27.923988,47.059383],[27.928265,47.057288],[27.930622,47.056943],[27.932559,47.05763],[27.933463,47.059271],[27.934665,47.060042],[27.941709,47.059817],[27.94427,47.058845],[27.945038,47.057595],[27.944975,47.056338],[27.942298,47.051633],[27.942238,47.050477],[27.942647,47.049591],[27.957635,47.040603],[27.960619,47.039995],[27.971424,47.040832],[27.973736,47.039602],[27.976501,47.036677],[27.979214,47.03457],[27.985266,47.033144],[27.986081,47.033104],[27.98747,47.033776],[27.987715,47.035342],[27.988434,47.036157],[27.992412,47.036438],[27.991691,47.037931],[27.988298,47.037328],[27.987249,47.036107],[27.986997,47.034751],[27.986409,47.034408],[27.984075,47.034518],[27.981007,47.035428],[27.978283,47.037091],[27.976836,47.038764],[27.976222,47.040648],[27.971213,47.044795],[27.968463,47.044668],[27.963237,47.043559],[27.961218,47.04271],[27.960747,47.041224],[27.959705,47.041168],[27.958515,47.042425],[27.958057,47.045896],[27.958876,47.0467],[27.960239,47.046645],[27.961635,47.049452],[27.958998,47.04886],[27.955345,47.047487],[27.951648,47.046864],[27.948646,47.047785],[27.946239,47.049604],[27.944477,47.049782],[27.944053,47.050609],[27.944591,47.051925],[27.946782,47.053087],[27.947279,47.053955],[27.95006,47.054168],[27.952056,47.054828],[27.95387,47.054459],[27.958651,47.054825],[27.957419,47.058132],[27.950098,47.059891],[27.94692,47.05989],[27.945313,47.060261],[27.943866,47.061461],[27.941857,47.06482],[27.939542,47.065789],[27.939407,47.063884],[27.938246,47.062763],[27.936117,47.062085],[27.933026,47.061919],[27.93079,47.062403],[27.928646,47.063626],[27.918041,47.067073],[27.916403,47.066966],[27.915391,47.067934],[27.913965,47.068397],[27.904383,47.076745],[27.903498,47.076177],[27.90239,47.074732],[27.900622,47.073635],[27.897938,47.073083],[27.897165,47.073803],[27.89698,47.074907],[27.896404,47.074706],[27.895821,47.079028]]],[[[27.895023,47.084939],[27.89434,47.085952],[27.892805,47.086674],[27.894431,47.084554],[27.895313,47.082794],[27.895023,47.084939]]],[[[27.884196,47.089913],[27.882829,47.090065],[27.880624,47.09095],[27.87978,47.091704],[27.879596,47.092881],[27.879004,47.093158],[27.878807,47.092555],[27.879373,47.091279],[27.881606,47.089837],[27.884054,47.089285],[27.886257,47.089751],[27.885639,47.090041],[27.884196,47.089913]]],[[[27.830446,47.117057],[27.829117,47.118177],[27.827745,47.120173],[27.82559,47.121981],[27.825767,47.122689],[27.827237,47.123638],[27.827153,47.12397],[27.828568,47.12453],[27.826025,47.123901],[27.824152,47.122925],[27.823957,47.122669],[27.824236,47.121778],[27.826432,47.119248],[27.827451,47.11744],[27.827395,47.116843],[27.826143,47.116886],[27.826089,47.116208],[27.828405,47.115849],[27.832934,47.113831],[27.836486,47.11346],[27.841966,47.110489],[27.845632,47.109373],[27.846419,47.10756],[27.847668,47.106688],[27.849012,47.106382],[27.853293,47.106873],[27.854098,47.106239],[27.854637,47.104766],[27.857214,47.104008],[27.859242,47.102632],[27.864394,47.102831],[27.865761,47.103813],[27.86701,47.102095],[27.868796,47.101771],[27.869381,47.101914],[27.870297,47.102783],[27.871241,47.102877],[27.873607,47.101836],[27.877412,47.100755],[27.880342,47.099084],[27.882161,47.098855],[27.881918,47.098673],[27.882444,47.098665],[27.882873,47.098184],[27.880551,47.095696],[27.879102,47.093419],[27.883199,47.098511],[27.879466,47.100061],[27.873285,47.103339],[27.870549,47.103267],[27.868715,47.102115],[27.867674,47.102188],[27.866919,47.102663],[27.866786,47.103649],[27.867959,47.104512],[27.872145,47.104564],[27.874036,47.10815],[27.872186,47.108206],[27.863514,47.106515],[27.864473,47.104686],[27.864194,47.104129],[27.862845,47.103542],[27.860128,47.103439],[27.856959,47.10497],[27.854284,47.107673],[27.854311,47.10898],[27.855912,47.110449],[27.855074,47.11301],[27.84872,47.113212],[27.840509,47.114737],[27.836123,47.114868],[27.832293,47.115974],[27.830446,47.117057]]],[[[27.846972,47.132739],[27.846541,47.132998],[27.842538,47.133323],[27.842109,47.132981],[27.84311,47.131981],[27.844747,47.132684],[27.845601,47.132398],[27.847467,47.13095],[27.848495,47.129713],[27.848322,47.128912],[27.847421,47.127707],[27.845349,47.12627],[27.845029,47.126235],[27.844279,47.126983],[27.843434,47.128419],[27.842108,47.129636],[27.840097,47.130453],[27.838682,47.130562],[27.837605,47.130099],[27.836865,47.127816],[27.837549,47.128087],[27.837594,47.128912],[27.838147,47.129824],[27.838987,47.130126],[27.840241,47.12994],[27.841978,47.129078],[27.843594,47.127091],[27.843986,47.125637],[27.843898,47.124167],[27.848574,47.123905],[27.851686,47.126992],[27.851705,47.127668],[27.850017,47.130679],[27.846972,47.132739]]],[[[27.799346,47.1832],[27.798274,47.181518],[27.797647,47.181425],[27.797106,47.180186],[27.789881,47.181196],[27.789757,47.181932],[27.789367,47.182035],[27.786075,47.181773],[27.786635,47.177699],[27.78943,47.172703],[27.790676,47.171105],[27.792957,47.1703],[27.797801,47.166857],[27.799189,47.167563],[27.804295,47.165718],[27.807172,47.165231],[27.804801,47.162894],[27.800108,47.164123],[27.79949,47.162901],[27.79688,47.160673],[27.796424,47.15775],[27.792782,47.155693],[27.789605,47.155067],[27.787023,47.153527],[27.787048,47.153162],[27.786616,47.153195],[27.786067,47.152734],[27.786079,47.152353],[27.784345,47.151893],[27.783733,47.152194],[27.783506,47.152012],[27.783997,47.15157],[27.783881,47.151193],[27.780022,47.143709],[27.779955,47.142944],[27.780359,47.142164],[27.783082,47.14028],[27.788011,47.139493],[27.796929,47.137479],[27.797586,47.137593],[27.79756,47.137383],[27.798357,47.137281],[27.798613,47.137718],[27.801339,47.137228],[27.804924,47.137359],[27.808635,47.137055],[27.813037,47.137524],[27.818546,47.135727],[27.822879,47.134722],[27.825103,47.135144],[27.827378,47.136777],[27.828539,47.135774],[27.828904,47.134343],[27.830767,47.132913],[27.833813,47.13261],[27.83653,47.132949],[27.838793,47.133628],[27.837711,47.133716],[27.833419,47.132976],[27.83096,47.13333],[27.829193,47.134738],[27.829196,47.135719],[27.829599,47.136173],[27.828718,47.138373],[27.824955,47.135562],[27.822476,47.13517],[27.82023,47.135847],[27.817473,47.137754],[27.814085,47.138296],[27.807054,47.137658],[27.801326,47.137818],[27.792156,47.140027],[27.784222,47.140696],[27.782682,47.141326],[27.780998,47.142665],[27.780731,47.143524],[27.781153,47.144302],[27.783688,47.144822],[27.789137,47.143668],[27.799151,47.143997],[27.795384,47.148881],[27.792193,47.149188],[27.789708,47.147442],[27.787321,47.146798],[27.784804,47.147669],[27.784207,47.148851],[27.784327,47.149947],[27.784004,47.149978],[27.784373,47.150041],[27.785276,47.151272],[27.787269,47.153049],[27.789103,47.153852],[27.79636,47.153451],[27.797492,47.153097],[27.798242,47.1524],[27.800764,47.152829],[27.801418,47.15353],[27.801196,47.155194],[27.802444,47.157216],[27.809157,47.161836],[27.811099,47.163918],[27.807123,47.165841],[27.803488,47.166716],[27.800049,47.168491],[27.797461,47.169282],[27.796414,47.170295],[27.795947,47.172202],[27.796722,47.174596],[27.796656,47.176598],[27.799346,47.1832]]],[[[27.793657,47.18774],[27.788298,47.189035],[27.7869,47.190053],[27.786254,47.19131],[27.786592,47.194206],[27.786191,47.195503],[27.786256,47.197403],[27.787721,47.20243],[27.789016,47.204363],[27.789077,47.204931],[27.787601,47.20332],[27.786856,47.201863],[27.786477,47.200481],[27.786616,47.199876],[27.785516,47.198037],[27.784486,47.194074],[27.785446,47.19114],[27.786145,47.190045],[27.789356,47.188173],[27.791532,47.187474],[27.793968,47.187252],[27.797421,47.187855],[27.801203,47.190032],[27.802041,47.189813],[27.802414,47.190727],[27.800998,47.190597],[27.797042,47.188243],[27.793657,47.18774]]],[[[27.781886,47.212647],[27.777917,47.208868],[27.776385,47.205375],[27.776224,47.20415],[27.776809,47.203561],[27.777981,47.203197],[27.77911,47.203246],[27.781291,47.204076],[27.787266,47.207559],[27.788482,47.207792],[27.789355,47.207487],[27.789417,47.208059],[27.788595,47.208254],[27.785789,47.207612],[27.780119,47.20409],[27.778533,47.203629],[27.777499,47.203906],[27.776895,47.204764],[27.77697,47.20541],[27.778517,47.208373],[27.780291,47.210078],[27.781886,47.212647]]],[[[27.705535,47.300144],[27.703995,47.299795],[27.703973,47.294172],[27.706637,47.290691],[27.706665,47.290135],[27.70617,47.289594],[27.703673,47.289352],[27.699739,47.290529],[27.692698,47.291955],[27.691108,47.291958],[27.690647,47.291495],[27.693538,47.291608],[27.699194,47.290385],[27.703693,47.288953],[27.706145,47.289128],[27.706887,47.289781],[27.707028,47.290381],[27.704705,47.294368],[27.704143,47.297588],[27.70428,47.298659],[27.704977,47.299393],[27.706747,47.298555],[27.707061,47.298984],[27.709898,47.297335],[27.711655,47.296821],[27.717391,47.293278],[27.71719,47.292933],[27.719226,47.292505],[27.725017,47.294373],[27.728908,47.293413],[27.731825,47.29214],[27.734293,47.289517],[27.734041,47.289238],[27.735174,47.287733],[27.734983,47.286735],[27.731562,47.284597],[27.732995,47.279759],[27.733112,47.278718],[27.732855,47.278492],[27.734554,47.27394],[27.73446,47.273394],[27.739276,47.271338],[27.741024,47.270133],[27.744678,47.271122],[27.744361,47.270219],[27.744921,47.270206],[27.743658,47.266845],[27.743868,47.264141],[27.740211,47.259826],[27.739539,47.259941],[27.739353,47.258199],[27.739549,47.256409],[27.739982,47.256562],[27.740294,47.257283],[27.740824,47.25746],[27.741185,47.257144],[27.741473,47.254332],[27.742216,47.25267],[27.744232,47.250513],[27.745791,47.24749],[27.744647,47.246824],[27.744089,47.244642],[27.744357,47.24279],[27.745469,47.240961],[27.747009,47.238965],[27.749972,47.237216],[27.753481,47.236824],[27.754661,47.237018],[27.754214,47.234263],[27.753178,47.233043],[27.752986,47.232373],[27.754024,47.230664],[27.755373,47.22981],[27.757054,47.229287],[27.76061,47.229365],[27.765658,47.230503],[27.772607,47.230762],[27.773337,47.229953],[27.770491,47.226118],[27.769577,47.225529],[27.768329,47.223782],[27.769056,47.221299],[27.769685,47.220721],[27.771041,47.220436],[27.775172,47.220305],[27.780347,47.219462],[27.781095,47.218867],[27.783488,47.215228],[27.785715,47.218816],[27.778485,47.220866],[27.775789,47.220698],[27.771338,47.220956],[27.770093,47.221187],[27.769516,47.221627],[27.769311,47.222355],[27.770639,47.223091],[27.77438,47.23103],[27.76614,47.231391],[27.759661,47.229876],[27.755848,47.230127],[27.754467,47.23089],[27.753963,47.232225],[27.755507,47.235078],[27.757402,47.23645],[27.758323,47.239594],[27.757088,47.239941],[27.75557,47.238374],[27.754324,47.237628],[27.752103,47.237743],[27.749825,47.238412],[27.74654,47.240957],[27.745621,47.242029],[27.744742,47.244306],[27.745157,47.24591],[27.748662,47.249288],[27.750141,47.249116],[27.750513,47.248146],[27.756876,47.250382],[27.7515,47.254512],[27.74707,47.253264],[27.746856,47.251695],[27.746424,47.251248],[27.745543,47.251084],[27.744333,47.251412],[27.74275,47.253545],[27.742051,47.255629],[27.742102,47.256582],[27.743531,47.257526],[27.74557,47.257975],[27.747837,47.258069],[27.749168,47.257548],[27.75708,47.259298],[27.748975,47.261941],[27.745915,47.263377],[27.744785,47.264403],[27.744383,47.265262],[27.744362,47.266736],[27.747314,47.276021],[27.741932,47.276382],[27.738982,47.275235],[27.737712,47.275723],[27.737502,47.276474],[27.737898,47.277802],[27.737759,47.285483],[27.735721,47.288757],[27.732998,47.291988],[27.728402,47.29513],[27.726799,47.295517],[27.724548,47.295037],[27.72101,47.293548],[27.719163,47.293481],[27.717571,47.294319],[27.713447,47.298423],[27.705535,47.300144]]],[[[27.663499,47.308157],[27.66221,47.308034],[27.661636,47.304989],[27.660306,47.304205],[27.658271,47.30478],[27.656199,47.307133],[27.654998,47.307722],[27.653223,47.308014],[27.650363,47.307883],[27.648644,47.307668],[27.648423,47.307381],[27.652187,47.307671],[27.654722,47.307399],[27.656001,47.306728],[27.65819,47.304355],[27.660591,47.303836],[27.662139,47.30497],[27.662161,47.306454],[27.662609,47.307878],[27.663402,47.307993],[27.664237,47.307544],[27.663499,47.308157]]],[[[27.679589,47.299706],[27.680593,47.305281],[27.679611,47.309246],[27.675942,47.310164],[27.674704,47.309782],[27.674604,47.308407],[27.676481,47.305907],[27.676739,47.304267],[27.676432,47.301891],[27.675991,47.300939],[27.674829,47.299829],[27.673534,47.299316],[27.671267,47.299568],[27.669828,47.300329],[27.668089,47.302546],[27.666473,47.305686],[27.665195,47.306748],[27.668175,47.301468],[27.669155,47.300371],[27.670576,47.299425],[27.67343,47.298868],[27.674702,47.299367],[27.675842,47.298886],[27.678782,47.299549],[27.679278,47.297858],[27.67982,47.29718],[27.681412,47.296455],[27.681836,47.294684],[27.682545,47.294264],[27.682175,47.292405],[27.681991,47.287481],[27.682813,47.286002],[27.683502,47.28509],[27.685178,47.284111],[27.686182,47.283966],[27.687648,47.284289],[27.689171,47.285748],[27.689363,47.286436],[27.688963,47.288546],[27.689511,47.290035],[27.690372,47.291219],[27.688612,47.289454],[27.688691,47.286464],[27.687607,47.284772],[27.6861,47.284322],[27.684669,47.285138],[27.683283,47.286694],[27.682828,47.288444],[27.682764,47.292347],[27.683652,47.294715],[27.683054,47.296949],[27.681516,47.297049],[27.680627,47.297474],[27.679875,47.298432],[27.679589,47.299706]]],[[[27.57725,47.33502],[27.577123,47.331422],[27.579215,47.330799],[27.57911,47.329755],[27.579798,47.329414],[27.580011,47.328384],[27.580858,47.327259],[27.583907,47.326499],[27.587603,47.326735],[27.589186,47.325877],[27.592102,47.322392],[27.590948,47.320738],[27.596105,47.31648],[27.598767,47.316131],[27.601604,47.316692],[27.608403,47.316608],[27.610758,47.317387],[27.612803,47.317162],[27.613023,47.316247],[27.616711,47.315874],[27.620824,47.314302],[27.616554,47.310495],[27.623842,47.306884],[27.625633,47.305682],[27.626544,47.304477],[27.627636,47.304385],[27.628345,47.304722],[27.630805,47.303491],[27.632029,47.303031],[27.632302,47.303182],[27.633923,47.302167],[27.641712,47.300954],[27.646241,47.299304],[27.648449,47.299213],[27.649212,47.299979],[27.649311,47.302513],[27.649049,47.303577],[27.647039,47.305582],[27.646832,47.305313],[27.648196,47.303861],[27.648732,47.302602],[27.648887,47.300257],[27.64867,47.29976],[27.648115,47.299519],[27.646519,47.29956],[27.641697,47.301278],[27.63478,47.302221],[27.633116,47.302919],[27.632783,47.303554],[27.632936,47.304452],[27.634829,47.306374],[27.637894,47.312134],[27.633434,47.312106],[27.631795,47.309833],[27.630781,47.309293],[27.629703,47.309304],[27.628017,47.310047],[27.627166,47.310954],[27.6272,47.312971],[27.621545,47.326049],[27.620459,47.325242],[27.618424,47.321114],[27.617461,47.319905],[27.609561,47.317286],[27.60606,47.316982],[27.605184,47.317535],[27.605217,47.318474],[27.606464,47.319741],[27.608088,47.320757],[27.610472,47.326345],[27.603816,47.328362],[27.601214,47.325395],[27.599947,47.321807],[27.60165,47.320155],[27.601988,47.31924],[27.601867,47.318465],[27.601235,47.317552],[27.600391,47.317194],[27.598132,47.317306],[27.595169,47.318528],[27.593231,47.319971],[27.592419,47.321139],[27.592391,47.321787],[27.592809,47.322359],[27.594652,47.323269],[27.595202,47.327145],[27.594436,47.327501],[27.590775,47.327846],[27.583722,47.32687],[27.581712,47.327317],[27.580435,47.328538],[27.580628,47.329319],[27.581348,47.330173],[27.584508,47.331517],[27.587655,47.332006],[27.594224,47.332274],[27.595203,47.332106],[27.595823,47.331367],[27.59691,47.331247],[27.596341,47.332056],[27.594997,47.332836],[27.583526,47.332918],[27.582592,47.333196],[27.583428,47.334783],[27.57725,47.33502]]],[[[27.57775,47.372124],[27.581764,47.373656],[27.581514,47.378066],[27.579507,47.377337],[27.57762,47.374875],[27.574495,47.372677],[27.573184,47.372202],[27.5708,47.372134],[27.569064,47.372846],[27.568734,47.374167],[27.56971,47.375516],[27.569165,47.376451],[27.56858,47.374869],[27.566756,47.375198],[27.565169,47.374618],[27.566024,47.372899],[27.567863,47.370674],[27.574201,47.365947],[27.577434,47.364685],[27.587877,47.362741],[27.58971,47.361986],[27.591494,47.360662],[27.592292,47.359531],[27.593226,47.357131],[27.594093,47.353492],[27.593721,47.351547],[27.592277,47.347518],[27.593476,47.347932],[27.594024,47.347049],[27.596777,47.344903],[27.597694,47.345617],[27.600605,47.345917],[27.601828,47.346387],[27.602399,47.346788],[27.601932,47.347785],[27.602523,47.348215],[27.604759,47.344498],[27.603881,47.342052],[27.603952,47.341256],[27.603129,47.340657],[27.605195,47.338437],[27.607288,47.337327],[27.607369,47.335738],[27.603369,47.332288],[27.602012,47.330684],[27.602564,47.330623],[27.614677,47.340399],[27.611883,47.340193],[27.610585,47.339124],[27.608311,47.338321],[27.606732,47.338375],[27.605291,47.339096],[27.604597,47.340006],[27.604446,47.341071],[27.604771,47.341876],[27.605916,47.343102],[27.60544,47.349509],[27.602374,47.348957],[27.6011,47.348269],[27.599982,47.34692],[27.598314,47.346045],[27.59619,47.346235],[27.594812,47.347686],[27.594803,47.349483],[27.597151,47.353484],[27.59993,47.367541],[27.597721,47.368049],[27.597004,47.368798],[27.593974,47.368771],[27.593757,47.367274],[27.592763,47.366279],[27.589022,47.364781],[27.58803,47.365033],[27.585621,47.367161],[27.58328,47.368086],[27.579374,47.368409],[27.575728,47.367337],[27.57447,47.367617],[27.573317,47.368327],[27.573056,47.369715],[27.57366,47.370778],[27.57775,47.372124]]],[[[27.568506,47.377582],[27.568549,47.377917],[27.5671,47.379563],[27.567801,47.380498],[27.568955,47.381083],[27.569041,47.381754],[27.56739,47.380687],[27.566713,47.379509],[27.567439,47.378128],[27.568611,47.377402],[27.568506,47.377582]]],[[[27.578853,47.398802],[27.577171,47.399147],[27.575225,47.398964],[27.570608,47.396183],[27.568752,47.39448],[27.568433,47.392807],[27.568849,47.390157],[27.567591,47.386095],[27.567842,47.385096],[27.569252,47.383397],[27.569317,47.383902],[27.568554,47.384629],[27.568116,47.385925],[27.569333,47.390261],[27.568914,47.392523],[27.569204,47.394108],[27.570419,47.395578],[27.5753,47.398643],[27.577184,47.398801],[27.579256,47.398063],[27.580165,47.398119],[27.581402,47.398612],[27.581455,47.398884],[27.580359,47.3984],[27.578853,47.398802]]],[[[27.578128,47.407624],[27.57702,47.407879],[27.575427,47.408817],[27.574254,47.410378],[27.573891,47.411811],[27.574163,47.414407],[27.573916,47.415583],[27.573537,47.411379],[27.574614,47.40893],[27.576892,47.40752],[27.578287,47.407265],[27.580348,47.407804],[27.581663,47.408968],[27.581166,47.409057],[27.57961,47.407856],[27.578128,47.407624]]],[[[27.456008,47.513351],[27.45576,47.513002],[27.453767,47.512613],[27.452735,47.511579],[27.452186,47.509534],[27.452418,47.507813],[27.452895,47.506925],[27.453851,47.505649],[27.456501,47.503219],[27.457999,47.501247],[27.458007,47.50054],[27.459327,47.499755],[27.461569,47.49679],[27.462495,47.494215],[27.463874,47.49294],[27.463855,47.490825],[27.464978,47.489661],[27.466988,47.488341],[27.468537,47.488234],[27.469963,47.487057],[27.470899,47.487004],[27.472607,47.485928],[27.471452,47.485465],[27.472842,47.485133],[27.473279,47.485315],[27.473556,47.484793],[27.474762,47.484551],[27.475095,47.484145],[27.477988,47.484385],[27.479806,47.484921],[27.481153,47.484021],[27.484611,47.484046],[27.485937,47.48256],[27.487115,47.482057],[27.490688,47.481745],[27.490572,47.480995],[27.493146,47.479272],[27.496339,47.478459],[27.497361,47.477842],[27.499242,47.478024],[27.502619,47.47774],[27.503098,47.476941],[27.502255,47.476873],[27.502766,47.476386],[27.502062,47.476061],[27.502262,47.475771],[27.501838,47.474519],[27.508611,47.476095],[27.512599,47.472861],[27.514085,47.472559],[27.519976,47.472787],[27.532049,47.474275],[27.535292,47.474243],[27.541644,47.473089],[27.544491,47.472173],[27.549087,47.47022],[27.551032,47.468968],[27.552753,47.467377],[27.55578,47.462918],[27.562931,47.455689],[27.563884,47.453349],[27.563631,47.452101],[27.562639,47.450757],[27.560541,47.449591],[27.557437,47.448625],[27.556295,47.447602],[27.556171,47.445982],[27.55718,47.443168],[27.557201,47.441954],[27.556694,47.440029],[27.555896,47.438744],[27.552436,47.435738],[27.551049,47.43354],[27.550828,47.431744],[27.55166,47.428343],[27.552781,47.42657],[27.554275,47.42516],[27.557687,47.422885],[27.559741,47.421934],[27.562005,47.421297],[27.568026,47.420938],[27.570137,47.420046],[27.573109,47.419421],[27.573036,47.419768],[27.570488,47.42048],[27.569944,47.421358],[27.570117,47.422196],[27.567571,47.424107],[27.56698,47.423139],[27.565923,47.422442],[27.563635,47.422308],[27.561604,47.423562],[27.560384,47.423366],[27.559328,47.424615],[27.5565,47.425579],[27.554218,47.427892],[27.552511,47.433226],[27.552853,47.434165],[27.553667,47.434643],[27.55763,47.435376],[27.558652,47.435839],[27.560163,47.437003],[27.561014,47.438329],[27.561174,47.439204],[27.560845,47.440101],[27.557358,47.445181],[27.557121,47.446502],[27.557648,47.447294],[27.558727,47.447706],[27.560957,47.447638],[27.572082,47.453219],[27.573065,47.454962],[27.573381,47.462472],[27.573062,47.463157],[27.567185,47.463818],[27.56462,47.462874],[27.562513,47.462581],[27.560638,47.462842],[27.559502,47.463412],[27.557986,47.464748],[27.557527,47.465764],[27.548561,47.472871],[27.545743,47.474481],[27.54385,47.476301],[27.541919,47.478876],[27.540611,47.483987],[27.540638,47.485271],[27.539325,47.488143],[27.532377,47.486643],[27.531887,47.485604],[27.533148,47.48308],[27.535776,47.482517],[27.537238,47.481343],[27.537464,47.479639],[27.536538,47.478377],[27.535116,47.477867],[27.532922,47.47803],[27.52781,47.480808],[27.522691,47.482423],[27.520231,47.479618],[27.519714,47.47752],[27.518615,47.476344],[27.517621,47.474462],[27.516673,47.473887],[27.515102,47.473676],[27.513926,47.474056],[27.513017,47.474786],[27.512159,47.477065],[27.512803,47.483576],[27.51322,47.484472],[27.514914,47.486376],[27.514586,47.489745],[27.512426,47.488548],[27.51089,47.487082],[27.508327,47.486148],[27.50726,47.485292],[27.507016,47.483954],[27.508952,47.481896],[27.509139,47.480443],[27.507852,47.478907],[27.505867,47.478302],[27.503243,47.478189],[27.496755,47.479119],[27.494205,47.479756],[27.492753,47.480575],[27.491191,47.483159],[27.49179,47.484166],[27.493477,47.484926],[27.493248,47.488885],[27.490893,47.488684],[27.483993,47.486892],[27.48135,47.486685],[27.477193,47.485007],[27.475482,47.485029],[27.473717,47.48633],[27.473072,47.488828],[27.472197,47.490137],[27.468785,47.492444],[27.467494,47.493869],[27.467397,47.495562],[27.468192,47.497902],[27.467961,47.49903],[27.467283,47.499892],[27.465546,47.500972],[27.461704,47.502232],[27.458181,47.503812],[27.454578,47.507021],[27.454216,47.50785],[27.454367,47.508967],[27.455927,47.511296],[27.456008,47.513351]]],[[[27.422972,47.562664],[27.421082,47.563038],[27.418844,47.564722],[27.41835,47.565677],[27.417866,47.568015],[27.416756,47.569967],[27.416474,47.571215],[27.417444,47.572597],[27.420472,47.574638],[27.424088,47.578512],[27.42228,47.577354],[27.421594,47.576307],[27.420373,47.575408],[27.418311,47.574693],[27.416165,47.571927],[27.415865,47.570789],[27.416209,47.569184],[27.417082,47.568093],[27.417452,47.565473],[27.419918,47.562632],[27.422721,47.562149],[27.4305,47.562621],[27.429357,47.560944],[27.423491,47.555816],[27.42302,47.554479],[27.423288,47.552986],[27.427633,47.5517],[27.430834,47.548994],[27.430922,47.548153],[27.429722,47.547565],[27.429062,47.546281],[27.428201,47.545891],[27.429924,47.544164],[27.433947,47.540698],[27.437319,47.538686],[27.441526,47.536721],[27.442135,47.536204],[27.442197,47.53565],[27.442864,47.535597],[27.443675,47.535037],[27.442328,47.53387],[27.442504,47.530746],[27.443618,47.529187],[27.445345,47.528271],[27.446425,47.528077],[27.44853,47.526565],[27.449154,47.525734],[27.449827,47.52359],[27.449267,47.52339],[27.450772,47.52167],[27.451692,47.521194],[27.451949,47.520331],[27.451729,47.518722],[27.452592,47.515951],[27.45452,47.515387],[27.456039,47.514165],[27.456071,47.514979],[27.455386,47.515672],[27.455242,47.516644],[27.456414,47.519011],[27.460405,47.521823],[27.465746,47.527481],[27.4626,47.526452],[27.459831,47.524274],[27.456318,47.522857],[27.454543,47.521259],[27.452541,47.521327],[27.451253,47.522001],[27.449556,47.526615],[27.444399,47.529806],[27.44402,47.530803],[27.444536,47.531426],[27.445779,47.531982],[27.450628,47.532349],[27.453549,47.533014],[27.456597,47.536637],[27.452224,47.53677],[27.448557,47.534797],[27.445628,47.534984],[27.443151,47.536454],[27.441725,47.538317],[27.435419,47.541933],[27.430928,47.544099],[27.429695,47.545872],[27.429772,47.546607],[27.430421,47.547218],[27.432272,47.547714],[27.434128,47.547131],[27.439484,47.548538],[27.433314,47.55115],[27.430126,47.55149],[27.425019,47.553245],[27.424065,47.553892],[27.423935,47.554643],[27.424252,47.555395],[27.42701,47.557662],[27.428249,47.559194],[27.429778,47.559826],[27.432082,47.563157],[27.430285,47.563408],[27.426053,47.562755],[27.422972,47.562664]]],[[[27.428045,47.582751],[27.426662,47.582958],[27.427454,47.582118],[27.428045,47.582751]]],[[[27.404971,47.582771],[27.40066,47.584805],[27.397473,47.5872],[27.392397,47.588872],[27.391488,47.588253],[27.397762,47.585848],[27.398777,47.584493],[27.400727,47.58376],[27.401848,47.582765],[27.402846,47.582352],[27.402777,47.582036],[27.403365,47.582063],[27.403621,47.581365],[27.404926,47.580291],[27.407001,47.579722],[27.410505,47.580493],[27.410957,47.580298],[27.411127,47.580626],[27.412997,47.581296],[27.413337,47.581118],[27.413767,47.581505],[27.415918,47.581349],[27.414979,47.582008],[27.414989,47.582375],[27.421068,47.58321],[27.417277,47.58338],[27.411269,47.582591],[27.404971,47.582771]]]]},"properties":{"FID":56,"localId":"ROSPA0168","CharacterS":"Hotărârea de guvern nr. 663/2016","text":"Râul Prut","Arie":7659.161,"Tip_anp":"Arie de protecție specială avifaunistică"}},{"type":"Feature","id":57,"geometry":{"type":"Polygon","coordinates":[[[27.293428,47.522878],[27.286051,47.522177],[27.283573,47.52146],[27.281065,47.520118],[27.279214,47.5186],[27.278567,47.517656],[27.276713,47.516357],[27.272881,47.514902],[27.296446,47.4982],[27.297821,47.496216],[27.29847,47.492243],[27.29953,47.491567],[27.302974,47.490815],[27.302472,47.490189],[27.302407,47.489408],[27.304185,47.487384],[27.303538,47.486967],[27.300607,47.486441],[27.300792,47.484681],[27.300415,47.483853],[27.300728,47.481482],[27.300475,47.480694],[27.299576,47.480767],[27.298739,47.486701],[27.288981,47.484583],[27.288702,47.485235],[27.287042,47.48492],[27.286703,47.484508],[27.286535,47.482569],[27.286955,47.482008],[27.287801,47.481752],[27.288926,47.48158],[27.29013,47.481819],[27.290054,47.48126],[27.290791,47.480773],[27.291218,47.479751],[27.294801,47.476528],[27.293604,47.47626],[27.293919,47.475587],[27.294941,47.475528],[27.295246,47.47517],[27.296749,47.475194],[27.297504,47.474441],[27.297906,47.473376],[27.298749,47.473506],[27.298504,47.471538],[27.299286,47.46817],[27.299033,47.46752],[27.300682,47.467259],[27.302156,47.467658],[27.305332,47.44656],[27.312372,47.443537],[27.313536,47.442585],[27.31401,47.44176],[27.313869,47.441535],[27.311633,47.441492],[27.310302,47.440946],[27.309109,47.439278],[27.308385,47.439479],[27.308317,47.440113],[27.306334,47.439075],[27.306092,47.437011],[27.306546,47.435153],[27.305996,47.433728],[27.305,47.432678],[27.305213,47.431402],[27.303192,47.433511],[27.30174,47.433958],[27.289942,47.430996],[27.281246,47.430678],[27.268563,47.436432],[27.266325,47.437053],[27.266266,47.436791],[27.26526,47.43672],[27.263887,47.437059],[27.260011,47.437172],[27.257948,47.438232],[27.25648,47.438433],[27.256384,47.438933],[27.257213,47.439295],[27.257642,47.439965],[27.257725,47.440719],[27.257346,47.441331],[27.254312,47.44265],[27.253503,47.442584],[27.252785,47.442984],[27.252497,47.442634],[27.25224,47.442993],[27.249367,47.442813],[27.248064,47.443442],[27.248194,47.444458],[27.248756,47.44452],[27.248975,47.44543],[27.248745,47.44617],[27.24978,47.446293],[27.248317,47.450095],[27.24719,47.451385],[27.246758,47.452387],[27.242663,47.453155],[27.241958,47.45372],[27.240789,47.453412],[27.238659,47.453809],[27.23686,47.452788],[27.234981,47.452264],[27.235356,47.451317],[27.229939,47.451451],[27.228589,47.451939],[27.22835,47.452899],[27.230739,47.453146],[27.230794,47.453448],[27.231775,47.453872],[27.232641,47.453692],[27.233494,47.454861],[27.233234,47.457],[27.232664,47.457481],[27.231957,47.458953],[27.231378,47.458938],[27.230645,47.461263],[27.230066,47.460455],[27.229686,47.46301],[27.2284,47.464088],[27.220871,47.460637],[27.221925,47.459471],[27.221726,47.458126],[27.219469,47.45371],[27.217763,47.453894],[27.216897,47.448271],[27.217962,47.445853],[27.217952,47.444928],[27.218434,47.443644],[27.221635,47.441662],[27.22482,47.440456],[27.224958,47.440798],[27.232752,47.441028],[27.233184,47.440208],[27.233957,47.440269],[27.231916,47.437123],[27.229738,47.435132],[27.229699,47.432496],[27.230248,47.431124],[27.230693,47.43083],[27.231547,47.430585],[27.23365,47.430678],[27.23392,47.43028],[27.234717,47.430349],[27.235014,47.429606],[27.235486,47.429549],[27.235333,47.429046],[27.234496,47.429094],[27.234813,47.428484],[27.235442,47.427895],[27.235772,47.428131],[27.236678,47.427845],[27.237317,47.426862],[27.234997,47.423618],[27.2338,47.423626],[27.233009,47.424422],[27.233118,47.422753],[27.232528,47.420752],[27.231622,47.420336],[27.231222,47.418729],[27.230203,47.418805],[27.23011,47.418299],[27.230791,47.41786],[27.231112,47.417154],[27.234077,47.415324],[27.234428,47.41548],[27.23733,47.413519],[27.234557,47.411569],[27.236155,47.4107],[27.236174,47.410369],[27.235083,47.409104],[27.236535,47.407048],[27.238744,47.406465],[27.242896,47.403534],[27.245226,47.405095],[27.246856,47.403568],[27.247658,47.403925],[27.252611,47.402145],[27.255827,47.399624],[27.249466,47.392995],[27.24791,47.394586],[27.247564,47.394309],[27.246941,47.394803],[27.246651,47.394307],[27.248967,47.392863],[27.252822,47.387321],[27.254596,47.38634],[27.257086,47.383841],[27.257709,47.382925],[27.258019,47.381147],[27.259557,47.379016],[27.25954,47.378081],[27.262247,47.372662],[27.26361,47.370835],[27.267765,47.366891],[27.268804,47.365295],[27.276418,47.357291],[27.277145,47.356787],[27.277987,47.35728],[27.281187,47.357027],[27.283637,47.35943],[27.287449,47.361861],[27.287927,47.361253],[27.288612,47.361066],[27.287757,47.36043],[27.287155,47.358934],[27.288348,47.360078],[27.288898,47.360227],[27.29049,47.358512],[27.290236,47.358078],[27.291902,47.35472],[27.292604,47.354799],[27.293161,47.355691],[27.293805,47.355304],[27.294357,47.355729],[27.293623,47.356852],[27.294655,47.357584],[27.29636,47.35724],[27.298778,47.35535],[27.301982,47.356181],[27.303026,47.357406],[27.312887,47.353157],[27.320633,47.350335],[27.320008,47.349146],[27.321493,47.348578],[27.321899,47.347544],[27.321225,47.34758],[27.321161,47.347341],[27.31947,47.347702],[27.319139,47.348145],[27.318865,47.34797],[27.317394,47.348685],[27.317591,47.349071],[27.316955,47.349288],[27.316492,47.349068],[27.310678,47.35114],[27.309956,47.351665],[27.309818,47.351441],[27.307142,47.351869],[27.305465,47.352622],[27.299542,47.352806],[27.296819,47.352563],[27.294694,47.351987],[27.291233,47.352001],[27.284383,47.351326],[27.279658,47.351595],[27.278357,47.352826],[27.275079,47.353302],[27.271134,47.352006],[27.268151,47.353092],[27.263825,47.355704],[27.260481,47.35684],[27.258174,47.356875],[27.258191,47.357157],[27.257799,47.35717],[27.257448,47.357076],[27.257505,47.356767],[27.254996,47.356438],[27.25399,47.356431],[27.253563,47.356883],[27.252681,47.3569],[27.25245,47.356341],[27.251792,47.356741],[27.247985,47.356855],[27.246536,47.356582],[27.243078,47.3572],[27.241073,47.359278],[27.240985,47.358216],[27.239712,47.357561],[27.236023,47.359732],[27.234121,47.361491],[27.228963,47.363579],[27.225974,47.366009],[27.219815,47.366688],[27.219051,47.367088],[27.218713,47.367793],[27.217844,47.367377],[27.217077,47.367933],[27.214947,47.368169],[27.213217,47.36768],[27.211722,47.367877],[27.210739,47.367235],[27.210341,47.366925],[27.21179,47.366198],[27.212296,47.365552],[27.211857,47.36448],[27.212295,47.36279],[27.210845,47.362468],[27.206283,47.364347],[27.205642,47.364902],[27.203459,47.365512],[27.202079,47.365527],[27.201331,47.366442],[27.198673,47.366055],[27.19092,47.367589],[27.187231,47.369067],[27.181425,47.372168],[27.17624,47.373784],[27.171037,47.37368],[27.163812,47.37471],[27.160075,47.376965],[27.155006,47.381056],[27.152828,47.382178],[27.145149,47.380961],[27.146591,47.379996],[27.147501,47.380643],[27.148722,47.380733],[27.152223,47.37934],[27.153584,47.379653],[27.154085,47.379471],[27.155397,47.378146],[27.154568,47.377558],[27.15484,47.376955],[27.15642,47.375808],[27.156442,47.374911],[27.157028,47.374583],[27.156947,47.374329],[27.159001,47.373348],[27.159529,47.373602],[27.161381,47.372299],[27.162533,47.372853],[27.163501,47.372531],[27.165146,47.3687],[27.165194,47.36673],[27.165757,47.365992],[27.166669,47.368327],[27.16626,47.369946],[27.166734,47.371157],[27.167663,47.370532],[27.169198,47.371016],[27.17242,47.369901],[27.173824,47.368451],[27.172951,47.370195],[27.17313,47.370594],[27.176964,47.37108],[27.177521,47.370553],[27.180177,47.370735],[27.182249,47.368459],[27.183862,47.367593],[27.186119,47.367049],[27.186698,47.366514],[27.186894,47.365665],[27.189678,47.365895],[27.189965,47.365462],[27.189373,47.36369],[27.189987,47.361653],[27.19136,47.361693],[27.191186,47.363395],[27.191436,47.363999],[27.193804,47.36336],[27.19621,47.363959],[27.198698,47.364113],[27.200055,47.36461],[27.201372,47.364275],[27.202334,47.364444],[27.203729,47.363961],[27.205075,47.36222],[27.205943,47.36215],[27.207028,47.361329],[27.208266,47.361581],[27.208965,47.361402],[27.210335,47.360294],[27.215797,47.359746],[27.215748,47.360385],[27.216143,47.360387],[27.216143,47.360869],[27.216665,47.360872],[27.216787,47.360432],[27.222637,47.361055],[27.223445,47.360794],[27.223502,47.358965],[27.22281,47.357968],[27.220496,47.357225],[27.218457,47.357349],[27.217839,47.356552],[27.215053,47.355844],[27.214816,47.354713],[27.215547,47.35402],[27.217509,47.350647],[27.219642,47.350586],[27.220074,47.347921],[27.220032,47.345986],[27.221281,47.344782],[27.222902,47.340609],[27.222941,47.338161],[27.224728,47.335013],[27.224797,47.331676],[27.225646,47.329555],[27.22832,47.326071],[27.23058,47.32418],[27.237338,47.319848],[27.23988,47.31892],[27.241649,47.317207],[27.243364,47.316687],[27.244898,47.316715],[27.246056,47.317951],[27.246662,47.317505],[27.247954,47.317529],[27.249737,47.318594],[27.251714,47.318167],[27.253142,47.318256],[27.253517,47.318588],[27.253606,47.319673],[27.254283,47.317897],[27.253957,47.317326],[27.254013,47.316604],[27.254351,47.316344],[27.269633,47.319905],[27.275828,47.321884],[27.276792,47.321144],[27.278485,47.320772],[27.277751,47.321979],[27.275087,47.324774],[27.275244,47.326426],[27.275625,47.328129],[27.276969,47.328443],[27.277882,47.329209],[27.280404,47.329477],[27.28072,47.329813],[27.280537,47.331136],[27.279724,47.331649],[27.277777,47.334328],[27.276571,47.336313],[27.274907,47.340327],[27.270553,47.344833],[27.269247,47.348626],[27.270629,47.349339],[27.276032,47.34931],[27.277258,47.350055],[27.282853,47.350253],[27.283751,47.350876],[27.28608,47.350786],[27.286506,47.351243],[27.287445,47.350988],[27.287606,47.351307],[27.287605,47.35062],[27.288668,47.35047],[27.289204,47.34999],[27.291259,47.350736],[27.293471,47.34959],[27.29424,47.349799],[27.294283,47.349338],[27.296636,47.350745],[27.298868,47.350842],[27.301324,47.347712],[27.303942,47.345158],[27.306679,47.347023],[27.308096,47.346004],[27.307409,47.344781],[27.309305,47.343085],[27.310948,47.342138],[27.312048,47.342517],[27.313903,47.341497],[27.314499,47.341755],[27.319073,47.339473],[27.320938,47.339234],[27.321405,47.339435],[27.320195,47.34267],[27.321003,47.343117],[27.322512,47.342006],[27.323822,47.341775],[27.328239,47.33993],[27.334045,47.336686],[27.334252,47.336816],[27.334009,47.337133],[27.337778,47.339008],[27.343221,47.337546],[27.339267,47.334066],[27.352389,47.331108],[27.353812,47.332783],[27.35415,47.332656],[27.353902,47.332349],[27.354101,47.332293],[27.362299,47.330574],[27.374646,47.336482],[27.376588,47.335872],[27.376942,47.336085],[27.380384,47.334267],[27.38167,47.334465],[27.382175,47.334091],[27.382555,47.334337],[27.398307,47.329071],[27.398271,47.327923],[27.399686,47.325022],[27.398527,47.323987],[27.39809,47.321943],[27.404662,47.320532],[27.407197,47.319365],[27.411664,47.31475],[27.42022,47.308889],[27.424191,47.307682],[27.432673,47.307383],[27.434743,47.306406],[27.434688,47.307022],[27.43599,47.309969],[27.439118,47.308939],[27.440564,47.308781],[27.440579,47.308368],[27.445925,47.307803],[27.445841,47.307383],[27.454025,47.306662],[27.454647,47.306384],[27.454724,47.304123],[27.453984,47.303541],[27.456633,47.302479],[27.460982,47.301533],[27.46233,47.300828],[27.466103,47.301289],[27.470628,47.304018],[27.472885,47.304599],[27.474656,47.304154],[27.476536,47.302725],[27.477102,47.303047],[27.478989,47.301422],[27.479332,47.301628],[27.479903,47.301187],[27.480161,47.30172],[27.481176,47.301978],[27.481088,47.30264],[27.485696,47.303435],[27.485928,47.30227],[27.489881,47.302923],[27.489753,47.303905],[27.493296,47.30447],[27.494001,47.301825],[27.495158,47.301886],[27.495612,47.300526],[27.496619,47.300418],[27.506383,47.303932],[27.506865,47.302996],[27.506528,47.302298],[27.506886,47.301462],[27.508392,47.301015],[27.509815,47.301666],[27.50951,47.303087],[27.511629,47.306926],[27.515224,47.310334],[27.517655,47.311123],[27.51824,47.310781],[27.520195,47.311148],[27.522298,47.312295],[27.527135,47.312121],[27.529684,47.311452],[27.534466,47.311034],[27.538537,47.309228],[27.539972,47.307977],[27.54091,47.30538],[27.541744,47.304521],[27.540549,47.302717],[27.541966,47.301402],[27.542323,47.301652],[27.542302,47.302178],[27.543065,47.302797],[27.544533,47.303214],[27.544226,47.303736],[27.543267,47.304235],[27.543463,47.304726],[27.542993,47.305176],[27.543652,47.305711],[27.542614,47.306653],[27.543669,47.307339],[27.545928,47.306432],[27.546473,47.306741],[27.547081,47.306322],[27.546696,47.30796],[27.548305,47.309],[27.54846,47.307787],[27.551082,47.307127],[27.550689,47.306679],[27.548545,47.306276],[27.547909,47.305774],[27.54877,47.303594],[27.551373,47.30333],[27.551522,47.302742],[27.554971,47.300843],[27.555403,47.301154],[27.554472,47.301737],[27.554319,47.302566],[27.558663,47.303149],[27.56459,47.306066],[27.583341,47.317571],[27.589278,47.318881],[27.591107,47.318746],[27.579255,47.326939],[27.578521,47.328058],[27.578984,47.329737],[27.578215,47.329704],[27.578128,47.330097],[27.57713,47.32998],[27.577054,47.331121],[27.575836,47.331258],[27.574131,47.330678],[27.574871,47.331936],[27.576901,47.332232],[27.577043,47.337299],[27.57199,47.337408],[27.571966,47.338541],[27.564348,47.338393],[27.564255,47.338902],[27.563784,47.339167],[27.562312,47.338853],[27.560785,47.340252],[27.556234,47.340477],[27.556211,47.353273],[27.554131,47.353389],[27.552474,47.356319],[27.551054,47.356337],[27.550974,47.354775],[27.54918,47.354467],[27.548709,47.355367],[27.545623,47.355365],[27.542166,47.354637],[27.543523,47.358064],[27.542767,47.361438],[27.542393,47.361868],[27.542527,47.375288],[27.540765,47.375319],[27.535107,47.374528],[27.535273,47.38712],[27.528722,47.385918],[27.526712,47.391304],[27.527125,47.39152],[27.527087,47.392657],[27.524614,47.3926],[27.524658,47.39592],[27.523065,47.396013],[27.52305,47.409551],[27.517821,47.409023],[27.51784,47.414233],[27.516822,47.415257],[27.514672,47.41648],[27.51535,47.416998],[27.517922,47.416861],[27.520122,47.417146],[27.520125,47.418263],[27.521645,47.418547],[27.521681,47.421872],[27.519305,47.421836],[27.518158,47.422257],[27.51787,47.422707],[27.51391,47.423715],[27.509643,47.423939],[27.507577,47.423706],[27.507491,47.42058],[27.506785,47.420558],[27.506346,47.419672],[27.504075,47.418813],[27.504057,47.415253],[27.504717,47.414561],[27.506823,47.414183],[27.50732,47.413382],[27.50728,47.410305],[27.5044,47.410933],[27.505131,47.409157],[27.504181,47.409067],[27.504425,47.407992],[27.506079,47.407672],[27.506089,47.407147],[27.506636,47.407157],[27.506982,47.406758],[27.507788,47.407003],[27.50647,47.404087],[27.507169,47.402797],[27.508149,47.402096],[27.505371,47.402014],[27.502913,47.403701],[27.50196,47.403168],[27.502261,47.402857],[27.501322,47.401992],[27.501185,47.401383],[27.503524,47.398602],[27.506089,47.397494],[27.507062,47.397802],[27.507486,47.397539],[27.507868,47.396551],[27.507367,47.396027],[27.50932,47.39599],[27.507139,47.392944],[27.506905,47.391089],[27.505928,47.389689],[27.508146,47.387406],[27.508345,47.386637],[27.507338,47.38575],[27.5052,47.385297],[27.504139,47.384434],[27.504222,47.38377],[27.505966,47.382828],[27.506851,47.381262],[27.506269,47.379444],[27.506595,47.379233],[27.503768,47.379052],[27.504915,47.378759],[27.505615,47.377722],[27.504452,47.377459],[27.504737,47.37662],[27.506313,47.376857],[27.506859,47.376035],[27.506452,47.375833],[27.506913,47.375166],[27.507027,47.374146],[27.508303,47.372692],[27.508041,47.372516],[27.508229,47.37236],[27.510065,47.37147],[27.511894,47.371602],[27.51347,47.37031],[27.512855,47.368794],[27.517286,47.361805],[27.514747,47.361492],[27.515195,47.359829],[27.513998,47.356582],[27.51123,47.356476],[27.510538,47.355511],[27.509793,47.352987],[27.511025,47.352202],[27.509488,47.351734],[27.510798,47.349227],[27.511815,47.349285],[27.512014,47.347438],[27.510371,47.346655],[27.51005,47.346794],[27.510438,47.346481],[27.509886,47.346017],[27.508876,47.346442],[27.508351,47.345258],[27.508898,47.345169],[27.509833,47.343739],[27.510767,47.343207],[27.510777,47.342401],[27.511134,47.342564],[27.512409,47.341152],[27.51372,47.340685],[27.513179,47.340417],[27.514372,47.340154],[27.51508,47.340463],[27.515995,47.339133],[27.517822,47.337897],[27.51766,47.337764],[27.51822,47.337245],[27.516966,47.336805],[27.510417,47.338003],[27.509097,47.337908],[27.505005,47.333754],[27.505333,47.333633],[27.504707,47.332922],[27.501208,47.329679],[27.500674,47.327508],[27.50093,47.324233],[27.498582,47.324227],[27.497602,47.323305],[27.493325,47.323304],[27.485729,47.325753],[27.482674,47.325687],[27.482656,47.324675],[27.481775,47.324163],[27.477559,47.323851],[27.475744,47.324673],[27.474422,47.326218],[27.473699,47.326608],[27.47174,47.326828],[27.468206,47.327994],[27.467142,47.327851],[27.464386,47.328649],[27.4528,47.328352],[27.443587,47.326713],[27.437879,47.326304],[27.43762,47.325466],[27.436936,47.325424],[27.436525,47.325761],[27.435289,47.328937],[27.436655,47.331652],[27.437284,47.333774],[27.437373,47.33544],[27.436566,47.336847],[27.436748,47.337567],[27.433554,47.339069],[27.432739,47.338564],[27.430316,47.338685],[27.429508,47.337479],[27.428797,47.33717],[27.428344,47.337853],[27.42226,47.34001],[27.419653,47.342053],[27.415962,47.343587],[27.415884,47.343893],[27.41484,47.343959],[27.413778,47.345148],[27.41368,47.343688],[27.411712,47.342942],[27.408843,47.342672],[27.40875,47.343004],[27.409328,47.343085],[27.408965,47.343618],[27.410938,47.34568],[27.411125,47.346401],[27.410801,47.347771],[27.409233,47.348971],[27.408531,47.347961],[27.407488,47.348009],[27.407385,47.348388],[27.407816,47.348999],[27.406637,47.34963],[27.407407,47.350247],[27.405459,47.352725],[27.405992,47.352996],[27.405327,47.353481],[27.404702,47.353242],[27.404496,47.353458],[27.405007,47.353709],[27.400329,47.357863],[27.39423,47.361784],[27.390251,47.365916],[27.367653,47.3723],[27.363832,47.374138],[27.361769,47.375903],[27.35886,47.380522],[27.356448,47.385236],[27.356783,47.3874],[27.358509,47.390558],[27.35799,47.390793],[27.358563,47.391429],[27.358122,47.392856],[27.358439,47.39409],[27.359728,47.395602],[27.359963,47.396598],[27.359709,47.397649],[27.35693,47.400975],[27.356055,47.401473],[27.355021,47.403165],[27.354957,47.403708],[27.355512,47.404602],[27.354952,47.405789],[27.355553,47.407651],[27.352883,47.409287],[27.351024,47.411734],[27.352063,47.413756],[27.353453,47.413362],[27.357747,47.413323],[27.359438,47.414069],[27.361369,47.415487],[27.360745,47.416123],[27.360032,47.416148],[27.359514,47.416598],[27.359654,47.417036],[27.359412,47.417277],[27.358837,47.417304],[27.359042,47.41778],[27.358146,47.418429],[27.358602,47.418579],[27.357547,47.419677],[27.357728,47.419998],[27.357041,47.419826],[27.356618,47.420213],[27.356756,47.420527],[27.355934,47.422217],[27.3563,47.422604],[27.3567,47.422557],[27.359545,47.425558],[27.359682,47.426418],[27.358693,47.429051],[27.354654,47.431157],[27.351988,47.431528],[27.34804,47.432645],[27.340713,47.436642],[27.338679,47.4394],[27.338511,47.440447],[27.340664,47.444687],[27.340929,47.446368],[27.335775,47.446006],[27.33455,47.444844],[27.331452,47.443511],[27.330704,47.444503],[27.332005,47.44592],[27.332436,47.445627],[27.332883,47.446163],[27.332655,47.446912],[27.338463,47.448811],[27.338483,47.449266],[27.337558,47.450779],[27.337038,47.450636],[27.336112,47.451566],[27.335466,47.451401],[27.33467,47.451889],[27.332974,47.453858],[27.331797,47.454274],[27.330967,47.455746],[27.334662,47.458525],[27.335526,47.458538],[27.335046,47.459886],[27.335304,47.460588],[27.337773,47.461856],[27.338174,47.461549],[27.338062,47.462146],[27.337363,47.462824],[27.335588,47.463702],[27.333176,47.464024],[27.331163,47.465301],[27.328956,47.465967],[27.327812,47.466651],[27.327357,47.467522],[27.32658,47.467175],[27.325721,47.468157],[27.326153,47.468647],[27.325457,47.469336],[27.326195,47.469635],[27.326075,47.469958],[27.325394,47.471297],[27.324855,47.471164],[27.324595,47.471469],[27.325091,47.471818],[27.32368,47.474308],[27.324089,47.476245],[27.324958,47.47744],[27.324575,47.477487],[27.324721,47.477967],[27.325206,47.477919],[27.3258,47.479196],[27.325299,47.47942],[27.325839,47.479429],[27.325796,47.479851],[27.325337,47.479765],[27.325222,47.480091],[27.325649,47.480192],[27.325173,47.480239],[27.325532,47.480475],[27.324837,47.481928],[27.324422,47.481961],[27.324678,47.482236],[27.32393,47.483586],[27.322877,47.483354],[27.321683,47.485146],[27.319785,47.486722],[27.319436,47.48736],[27.318529,47.48768],[27.317941,47.487392],[27.316284,47.487645],[27.315158,47.486958],[27.314327,47.487404],[27.314547,47.487524],[27.31371,47.488157],[27.315374,47.489303],[27.314838,47.490248],[27.314896,47.490914],[27.315677,47.49117],[27.315477,47.491578],[27.314955,47.491444],[27.314618,47.491979],[27.313723,47.492401],[27.312144,47.492407],[27.312054,47.49268],[27.313285,47.493638],[27.312613,47.493881],[27.31171,47.49354],[27.31089,47.494083],[27.310763,47.493798],[27.309653,47.493558],[27.309,47.494609],[27.308199,47.494193],[27.307395,47.495455],[27.306763,47.495357],[27.306502,47.495808],[27.306419,47.496712],[27.307389,47.497561],[27.310383,47.497773],[27.310595,47.497512],[27.312222,47.497991],[27.313679,47.497968],[27.313911,47.497583],[27.313286,47.497371],[27.313569,47.496515],[27.314219,47.49598],[27.314159,47.49538],[27.31518,47.495157],[27.315505,47.496685],[27.315957,47.497338],[27.316298,47.497312],[27.317605,47.5014],[27.316635,47.501521],[27.316926,47.50245],[27.317894,47.502332],[27.318041,47.502749],[27.317325,47.50273],[27.317577,47.5039],[27.31702,47.50463],[27.317427,47.504676],[27.317242,47.505121],[27.31657,47.505],[27.316325,47.505512],[27.317113,47.505843],[27.3169,47.506366],[27.315486,47.508118],[27.314942,47.507942],[27.314148,47.509208],[27.312571,47.508513],[27.309942,47.511732],[27.308993,47.511338],[27.30663,47.513532],[27.307152,47.513812],[27.306714,47.514198],[27.307535,47.514587],[27.307218,47.514836],[27.307697,47.515098],[27.301345,47.520554],[27.296809,47.522803],[27.295406,47.522001],[27.294936,47.522566],[27.294214,47.522172],[27.293428,47.522878]],[[27.315838,47.446666],[27.316243,47.446671],[27.316072,47.447415],[27.316278,47.447426],[27.315906,47.448095],[27.316614,47.448743],[27.319023,47.449472],[27.318863,47.449978],[27.321152,47.450268],[27.321423,47.449729],[27.322142,47.449857],[27.32288,47.449193],[27.322631,47.446847],[27.326008,47.444065],[27.325476,47.443899],[27.324846,47.4446],[27.323714,47.444297],[27.323877,47.444005],[27.323647,47.443947],[27.322735,47.444529],[27.321827,47.444195],[27.319518,47.444157],[27.319064,47.444768],[27.318771,47.44471],[27.31885,47.444054],[27.318,47.443892],[27.317092,47.444762],[27.31689,47.445611],[27.316467,47.445625],[27.316519,47.446252],[27.316006,47.446327],[27.315838,47.446666]],[[27.318714,47.421905],[27.317344,47.422985],[27.318115,47.423667],[27.320211,47.422508],[27.322207,47.422348],[27.32345,47.421396],[27.328804,47.420887],[27.330111,47.420162],[27.329915,47.41993],[27.330128,47.419724],[27.33236,47.419081],[27.332138,47.418513],[27.332861,47.418469],[27.3328,47.417995],[27.333342,47.417554],[27.333315,47.416937],[27.334979,47.416355],[27.334337,47.413958],[27.332406,47.411269],[27.330139,47.409372],[27.330512,47.409056],[27.328802,47.408124],[27.328779,47.407727],[27.324062,47.405047],[27.32482,47.403517],[27.324548,47.40306],[27.323329,47.402913],[27.322154,47.40456],[27.320856,47.403876],[27.320407,47.4042],[27.318002,47.403691],[27.316216,47.407841],[27.316507,47.408254],[27.316245,47.408548],[27.316851,47.408887],[27.316648,47.409941],[27.321782,47.412892],[27.319137,47.416243],[27.319835,47.416553],[27.317505,47.419509],[27.321465,47.420707],[27.318714,47.421905]]]},"properties":{"FID":57,"localId":"RORMS0020","CharacterS":"unknown/unspecified","text":"Zona umedă Jijia","Arie":19432.521,"Tip_anp":"Zonă umedă de importanţă internaţională"}}]}