{"type":"FeatureCollection","features":[{"type":"Feature","id":259,"geometry":{"type":"Polygon","coordinates":[[[27.56851953253447,47.209902880377697],[27.568443277669328,47.209894284563447],[27.568333266357058,47.209881883327363],[27.568266192725872,47.209872747836158],[27.567930539277768,47.209827032511981],[27.567769841458556,47.209816283033952],[27.56737741467823,47.2097608519204],[27.56682448708597,47.209694069285916],[27.566498743574215,47.209642368950583],[27.566316018751881,47.209613367671423],[27.56620993880086,47.209596040800285],[27.565990696726324,47.209560231252354],[27.565940693080197,47.209533228203426],[27.565928843367566,47.209493068989289],[27.565934957437342,47.209454094325814],[27.566017586637848,47.209338311408672],[27.566098917205309,47.209224122175407],[27.566138974819562,47.209123088324809],[27.566163949331305,47.209059025407718],[27.566188923783564,47.208994962484738],[27.566292203479804,47.20880452680457],[27.566307714353766,47.208691654346666],[27.566295306477773,47.208635661519843],[27.566264593837396,47.208592321023247],[27.566218703547275,47.208568223163667],[27.566109846495358,47.208525743907181],[27.565898813302731,47.20851117769547],[27.565457940219538,47.208448697718339],[27.56510383799931,47.208385856488647],[27.564922402637652,47.208347235360186],[27.564839309012562,47.208334401093239],[27.56481020624296,47.208334983690307],[27.56479055085445,47.208327410289684],[27.56480838105659,47.208301746947441],[27.566195676977827,47.206374538852387],[27.566296869679679,47.20626490436905],[27.566340382748468,47.206187296133379],[27.566327819588508,47.206170873933289],[27.566179554052436,47.206145934071721],[27.565825083293145,47.206024226175131],[27.565433235413238,47.205926382028139],[27.565162946648122,47.205866588112535],[27.564878074685506,47.205811677842881],[27.564435954231051,47.205707305883017],[27.564339463092065,47.205678715238619],[27.564031127166192,47.205636211247985],[27.563629835461828,47.205431065543436],[27.56317666983584,47.205096249874394],[27.56302133796267,47.204878008461968],[27.56283954567192,47.204603013871292],[27.562719015057869,47.204461004406951],[27.562624536422227,47.20439841519341],[27.562616777741614,47.204394915093566],[27.562493997878885,47.204339432263303],[27.562404314130728,47.204292339894593],[27.562252165119666,47.204198605377044],[27.562218456251369,47.204150183533969],[27.562241950566534,47.204042272816459],[27.562258840257698,47.203957607869583],[27.561904958314063,47.203694361409639],[27.561708710996669,47.20360034301482],[27.561489149613191,47.203523254893],[27.561205029828464,47.203344182526884],[27.560978041686958,47.203238146611483],[27.560753662190589,47.203187619872416],[27.560602415630623,47.203135104350224],[27.560557904557051,47.203178321352802],[27.560566815224515,47.20322565472997],[27.560567443341945,47.203342686729485],[27.560514603484393,47.203561300450346],[27.560452496737085,47.203735406221384],[27.560393936238622,47.203896356834932],[27.560056612387523,47.204182611808299],[27.559895713565826,47.204386150926474],[27.559786638129673,47.204656734400537],[27.559660167517659,47.204980138280547],[27.559538179328584,47.205224416340371],[27.559381996485492,47.205563910274172],[27.559196131673296,47.206014914826838],[27.558929733329599,47.205974144184971],[27.55808816084102,47.205456341585048],[27.556134815248836,47.204254428549156],[27.555842211765231,47.204033282936287],[27.555459420942274,47.203884758705549],[27.555108617532238,47.203825127116097],[27.555084303217857,47.203883021420609],[27.555146002617803,47.203905729776402],[27.555180202274009,47.20392298060618],[27.555292823849673,47.203973539852086],[27.555438850174131,47.204172613428206],[27.555437661602785,47.204288083102682],[27.555393614655529,47.204430784756283],[27.555331988791579,47.204589282029914],[27.555310588826,47.204675421952508],[27.555296367842697,47.204776746192231],[27.555275416652837,47.204871740226849],[27.555190462664939,47.205107474574575],[27.555143937199642,47.205232828269388],[27.555101690693242,47.205336256231298],[27.555072934017083,47.205433789611703],[27.55492685202994,47.20560561488135],[27.554881904011395,47.205659484162091],[27.554777851054617,47.205776056630704],[27.554747044701504,47.205851596785266],[27.554740577195485,47.205865525338496],[27.554657328116054,47.206025021349447],[27.554554629497321,47.206276722477767],[27.554541385683407,47.206400018827864],[27.554557403950323,47.206438908270997],[27.554558248926089,47.206512759122454],[27.554547079491339,47.20654306154087],[27.55448660205705,47.206699714352347],[27.554435472456671,47.206814361129901],[27.554352838531816,47.207011835552763],[27.55427257595289,47.207225319310488],[27.55422187189405,47.207321456772824],[27.554145556787677,47.207503267422744],[27.553939115010611,47.207816372180552],[27.553819457770931,47.207962074325266],[27.553720390656601,47.208101726146111],[27.553689990011797,47.208159169005704],[27.553669505366646,47.208224654460032],[27.553594700996786,47.208315275947648],[27.553504803245303,47.208336733399413],[27.553439041824468,47.208380065546621],[27.553330873881283,47.208486117513289],[27.553287632815373,47.208530679779678],[27.553188751821711,47.208615695138462],[27.553057225621068,47.208714865111403],[27.553040906664108,47.208729075074984],[27.55286889472983,47.208944663531334],[27.552753847299154,47.209161928678732],[27.552689554508323,47.209307892497776],[27.552648295914977,47.209408922018888],[27.552615608967663,47.209515827570925],[27.552566909140296,47.209651206794952],[27.552534925536079,47.209727069623639],[27.552526378526679,47.209757278193933],[27.552512641555168,47.209845569883655],[27.552486157493021,47.209951033618609],[27.552420005102174,47.210031762869171],[27.552379643280126,47.210087247630206],[27.552307047588357,47.210152452233089],[27.552168943627045,47.210225283766263],[27.552156723408789,47.210242975148645],[27.55219249351811,47.210305122518378],[27.552231147560391,47.21039994379462],[27.552274882316546,47.210520756923152],[27.552332676493243,47.210625350914896],[27.552388769274973,47.210743353589606],[27.552413929031616,47.210857612646478],[27.552462179703618,47.210978183458664],[27.552517315239836,47.211013744066726],[27.552618245698579,47.21107884169222],[27.552397909964945,47.211433403400711],[27.552163832594168,47.211747688985433],[27.551998177888034,47.211908927964707],[27.551893929769577,47.21200095351336],[27.551536123745755,47.212367883498189],[27.551380639226686,47.212654887274098],[27.55124121253241,47.21301500163613],[27.551113417946784,47.213290028917946],[27.551007088393835,47.213447852277234],[27.550817728770415,47.213699112489238],[27.550688400600659,47.213919111167016],[27.550586513047101,47.214201133772228],[27.550496674083348,47.214549138957679],[27.550344404437645,47.214905746819909],[27.550129761046605,47.215196527007997],[27.549804492805951,47.215549864930239],[27.549463820531322,47.215914907180199],[27.549333807622851,47.216055083132972],[27.549029250332833,47.216414282768966],[27.548881825698228,47.216692939640232],[27.548754688906431,47.21712975312871],[27.548731118400891,47.217268159631878],[27.548710777267786,47.217386371632323],[27.548629952366031,47.217854002386517],[27.548586032307643,47.218062028314158],[27.548486965740903,47.218410802032935],[27.548407361397071,47.218639004943789],[27.548334006950004,47.218817705302307],[27.548257321910135,47.218991619072646],[27.548156869127187,47.219194095995398],[27.548056154191176,47.219384664629217],[27.547902230625436,47.219677224081387],[27.547774212827594,47.219916212280211],[27.547591015930099,47.220261977777419],[27.547431222094378,47.220558429437034],[27.547310767019006,47.220774834436845],[27.547128316246759,47.221072377400858],[27.547040445359272,47.221201670013073],[27.546920111731971,47.221369173742858],[27.546814207021225,47.221504791777086],[27.546661561432032,47.221690228556085],[27.546566869637832,47.221649435928846],[27.546461323730103,47.221603527183802],[27.546418736059458,47.221585620921005],[27.546105675172232,47.221468223319981],[27.545935712634833,47.221404194981609],[27.545618889291692,47.221285097071984],[27.545359931483922,47.221191567309518],[27.544797477368878,47.222223833445909],[27.544652239812049,47.222460524323708],[27.544638269459405,47.22250439335609],[27.544577150283274,47.222578454906646],[27.544518710849218,47.222559116042135],[27.544329421231367,47.222482291409065],[27.542468174199644,47.221834828795373],[27.542125758559653,47.222132549559518],[27.541658985049494,47.223088305080744],[27.541445098015458,47.223511438333418],[27.541034345671147,47.224411348353954],[27.540877533945675,47.224742677893431],[27.540720720282099,47.225074007207077],[27.541509042291072,47.225462974310751],[27.541047049153484,47.225784981097583],[27.540280726839278,47.226315098435528],[27.539583340282764,47.226797956427824],[27.539392756831624,47.226737484441209],[27.538646366904985,47.226483440666748],[27.536918574319053,47.225895332610563],[27.535401624526365,47.225378959508241],[27.535027164097407,47.225544576523873],[27.534845126964196,47.225582679037046],[27.534366018616627,47.225506475095912],[27.534123522736841,47.225468188121575],[27.533917611431548,47.22543201576498],[27.533371931041437,47.225304527117551],[27.533474167932319,47.225102507732764],[27.531865548140946,47.224728573808932],[27.530777345004033,47.22703440242077],[27.530618388115666,47.227256292295841],[27.530466834238304,47.227425119894008],[27.53025423806622,47.227820648389809],[27.530229333265048,47.227866966100017],[27.530159605724084,47.227850433784504],[27.529244571633576,47.227605226510271],[27.525576112661021,47.22662873570097],[27.52479204683792,47.226463390216743],[27.524272640422655,47.226343508968561],[27.523966835503881,47.226272925729063],[27.523753233672476,47.226223623566582],[27.523173349921304,47.226111753319913],[27.522738321440812,47.226040140649403],[27.521708790069688,47.225955521730739],[27.521318276549135,47.225930158995311],[27.520728979835855,47.225907802348637],[27.52042711708831,47.225905228017069],[27.520417609746779,47.22590543497131],[27.520421611394799,47.225833692964294],[27.520423584631544,47.225798310250823],[27.520422893931897,47.225754598086816],[27.520422199271085,47.225710885940465],[27.520413892584472,47.225674777851964],[27.520411123697361,47.225662742422131],[27.52039947704727,47.225650048135485],[27.520387655511517,47.225637164774923],[27.52036418601865,47.225611586228872],[27.52033382832548,47.225597385087418],[27.520303469318812,47.22558318304403],[27.520432449600722,47.225551226923102],[27.520578521291892,47.225531972583894],[27.520671684619078,47.225507440656685],[27.520713580481285,47.225496408049096],[27.520749542506511,47.225454328094713],[27.520747632325893,47.225346683081668],[27.52073603537551,47.225200138656675],[27.520791131715775,47.224938344171804],[27.520848915205217,47.224393055146507],[27.520893230538253,47.223974853730589],[27.52090187685107,47.22389325797252],[27.52102308155656,47.223595957256833],[27.522281181745594,47.222201382164236],[27.522582370456245,47.221902143332237],[27.522672157019997,47.221685161975188],[27.522887401450454,47.221266475768346],[27.522947304680052,47.221169803854536],[27.523015861975679,47.221090088664475],[27.523218403352981,47.220833728715576],[27.523420942802698,47.220577370204474],[27.523847237584782,47.219991776547694],[27.524070895947872,47.219700767156404],[27.524177210776632,47.219538255709949],[27.524315995818743,47.219288107282644],[27.524450359278074,47.21902017458752],[27.524645652376901,47.218667165872453],[27.524835739412335,47.218241236528932],[27.524986369361546,47.21792449484262],[27.525211882495729,47.217435484431391],[27.525351478741541,47.217187073032989],[27.525479025512926,47.216909849687504],[27.525546896734717,47.216763103907368],[27.525663515349752,47.216557104607737],[27.525800791165651,47.216314616149255],[27.5261895745594,47.215509174181221],[27.526319255284285,47.215240508340734],[27.526438679238744,47.21503637058435],[27.526383135917143,47.21500283658299],[27.526268276288604,47.214933491223611],[27.526410553717305,47.214847864329279],[27.526566840922317,47.214720689999211],[27.526723126060194,47.214593515462198],[27.526929077433685,47.214415430311341],[27.527065651452435,47.214299705597547],[27.527294032973863,47.21409738273934],[27.527572268295593,47.213850892214296],[27.527988826905421,47.213471327984436],[27.528115917926748,47.213366755190108],[27.528196482966408,47.213300464718614],[27.528311360868063,47.213228543114887],[27.528405984709121,47.213169300047305],[27.528514383391027,47.213108304350328],[27.528817170347882,47.212946352280355],[27.529001865327889,47.212847564069783],[27.529147771257144,47.212769523381368],[27.529230058582439,47.212725509799817],[27.529303509907109,47.212674754841707],[27.529367081543811,47.212618146094677],[27.529450687065601,47.212516213989744],[27.529585846582275,47.212333592828593],[27.529688386146852,47.212183015546536],[27.529673916158533,47.212170915626473],[27.529464514793389,47.211995802559088],[27.529003589949593,47.211745450181212],[27.52882456198126,47.211649409126025],[27.528452407678301,47.21146404825987],[27.528245845039297,47.21159793683983],[27.528065268444916,47.211800416608739],[27.527951593713453,47.212094958797735],[27.527906010026808,47.212353555953818],[27.527815323099635,47.212560471263544],[27.527749867610478,47.212709818727284],[27.52760068708891,47.212863064719841],[27.527052547198515,47.212575660831533],[27.526753148798079,47.212378108800507],[27.526249842424075,47.212083555313285],[27.526073837586203,47.211942555983008],[27.525597820945411,47.211571020273695],[27.52507062471738,47.211165109949903],[27.524478123492148,47.210687953882619],[27.523997099575094,47.21031483085163],[27.523786191643648,47.210143660081229],[27.523100408057733,47.209607177946893],[27.523290220811731,47.209313084603707],[27.523498125243812,47.208797971716088],[27.523559166074751,47.208650149501295],[27.523728697339031,47.208436603317601],[27.524701079987235,47.207695917980686],[27.524817093968565,47.207490380897831],[27.524933108379706,47.207284843687567],[27.525459316278489,47.20678805317219],[27.525368310915226,47.206743288310989],[27.524964307624572,47.206040782458857],[27.525226562803432,47.20562725004055],[27.525205483634327,47.205588332012987],[27.524990622512675,47.205426097132559],[27.525277637929211,47.205178202886735],[27.525864022113215,47.204718595937663],[27.526235263423608,47.204427612206239],[27.526362283756143,47.204396201766464],[27.526497200350178,47.204391126715912],[27.526627739581755,47.204367350310093],[27.526796440663603,47.204246606251075],[27.527115043177769,47.20397442460358],[27.527145599923738,47.203881698750124],[27.527112868903895,47.203789318964496],[27.527071633310527,47.203624540599499],[27.527088431345572,47.203426343076579],[27.52710980468007,47.203174195752815],[27.527016662999113,47.203069753339634],[27.526994815600304,47.202700236180711],[27.527012793262269,47.202547688763318],[27.527133884551883,47.20230877204127],[27.527219213969186,47.202140410310591],[27.527270631533487,47.202038960660275],[27.527492482117385,47.201850718113846],[27.527248467011919,47.201631967196249],[27.527188217999299,47.201517491396714],[27.527127969247719,47.201403015562228],[27.526968642857433,47.201248279144515],[27.526860143007983,47.201142903880282],[27.526691142457235,47.201026272408306],[27.526632112183357,47.200845436844453],[27.526459392884984,47.200498083200252],[27.526311163888707,47.199878439847957],[27.526316856567579,47.199735951606662],[27.526321627119785,47.199616637777268],[27.526354231678798,47.199478236282452],[27.526413993961608,47.199316603705626],[27.526473758525739,47.199154971082343],[27.526505164153026,47.198852468889775],[27.526523953786803,47.198671477123227],[27.526536992534655,47.198545892017918],[27.526612705716179,47.198449769619472],[27.526717312199832,47.19831696161706],[27.526774298728348,47.198244613696524],[27.526817250928026,47.198092768421382],[27.527051007809746,47.19718637418201],[27.527210165056996,47.19723821373298],[27.52768190752284,47.197359636105055],[27.527604943453209,47.197243182173573],[27.527527930206737,47.197059925487622],[27.527441229468948,47.196911806522138],[27.527321752989963,47.196739087122324],[27.527169303328812,47.196625220916658],[27.527104802712966,47.196528886583842],[27.527073938497821,47.196425104204664],[27.527110503211109,47.196240921512697],[27.527213517984254,47.195829881825013],[27.527255926057983,47.195583306385771],[27.527332292479066,47.19538337034065],[27.527357861087054,47.195316430808035],[27.527420679049552,47.195262103943634],[27.527521479340788,47.195109327915389],[27.527533544800587,47.195044370789908],[27.52756449130327,47.194767105551122],[27.527658962973444,47.194448545236405],[27.527952129316731,47.193786059672505],[27.528131062708091,47.193381700523219],[27.528558620095144,47.192243914403903],[27.528684582240761,47.191949502833864],[27.528735531323957,47.191717741068054],[27.528741631797971,47.191584470470502],[27.52878433520338,47.191381954023051],[27.528823376071827,47.191184319042179],[27.528879940832574,47.190897957209287],[27.528922283905622,47.190683593135098],[27.528992806007938,47.190321659535392],[27.529089545895079,47.190323419247342],[27.53025170971631,47.190344562164455],[27.530543523225422,47.190349869178881],[27.530554817514926,47.190298604656135],[27.530935117667212,47.189298756096967],[27.531135883615885,47.187980481823686],[27.531300663468301,47.187495597764098],[27.531413967200915,47.187326545710633],[27.531554408258366,47.18688282976747],[27.53142277797264,47.186583561868012],[27.531461946636153,47.186432844293513],[27.531448041763724,47.184752863662922],[27.531704909709234,47.183631336699371],[27.53170511583718,47.183630434092677],[27.532524276376751,47.183728575225913],[27.534015550143412,47.183904737095524],[27.534060246835228,47.183762083343019],[27.534311846737925,47.182882173912162],[27.53466176268909,47.181658379711628],[27.53488741170446,47.180869170568485],[27.535064651715828,47.180249253653059],[27.535158787350483,47.179882796007504],[27.535454417067889,47.178836442877063],[27.536237125649336,47.176337395300742],[27.536242622410892,47.176319064792693],[27.536327859524526,47.176305212105845],[27.536397303246705,47.176288686956397],[27.536471686597444,47.176270986823845],[27.536503570601276,47.176221864895155],[27.536542437377303,47.176124300941737],[27.536590190427965,47.176004428525573],[27.536630076297516,47.175904305086675],[27.536776666129381,47.175589896783499],[27.53681412456605,47.175509557086343],[27.536870177637024,47.175389332499236],[27.53695215639771,47.175189870512718],[27.537014400000281,47.175023499433017],[27.536749968567801,47.17502711066571],[27.536420799422643,47.175030450325011],[27.536197229759743,47.175032718035354],[27.536013187230047,47.1750317552791],[27.535655054336743,47.175029883130478],[27.535276808041061,47.175032437526738],[27.53515772590309,47.17503145151322],[27.535026258720755,47.175018643374898],[27.534717683224191,47.174999927381329],[27.534466280528317,47.174960369634718],[27.534376948621702,47.17494631314382],[27.534249355034639,47.174917977101572],[27.533936931111565,47.174848591905103],[27.533770626427177,47.174807288908873],[27.533702949965107,47.174805154811445],[27.533644437165499,47.174793924581074],[27.533547087319572,47.174775239060011],[27.533400096404634,47.174754101236871],[27.533264094098371,47.174743609513079],[27.533092396809536,47.174737380757406],[27.532684507001612,47.174733008794554],[27.53251951477846,47.174729529444996],[27.532510013864531,47.174729328847938],[27.532508645513253,47.174729342407119],[27.532201564371931,47.174732345009133],[27.532175615743093,47.174750424791149],[27.532173902501064,47.174895954964647],[27.532177332294047,47.175089462929904],[27.532171001739147,47.175310701962729],[27.532167151756934,47.17544525216011],[27.532159011357852,47.175551522851812],[27.532141994053202,47.175773704158729],[27.532128228499371,47.17588903458013],[27.53209944653522,47.176027260376948],[27.53206022379549,47.176215637483359],[27.532017996205536,47.176363622494996],[27.531457705851551,47.176330832795252],[27.531046468550336,47.176309330152222],[27.530780513659071,47.176295424453109],[27.530625029836731,47.176290561139979],[27.53062428108742,47.176231165414123],[27.530285579163138,47.176209908956366],[27.53028570005684,47.17618427342866],[27.530277457028951,47.176187168611833],[27.530213029073082,47.176209796625109],[27.530221648880861,47.176335960895351],[27.530222719682978,47.176473093295499],[27.529289218817723,47.176470702445862],[27.529286144718114,47.17651726596096],[27.529237873147956,47.176579081995072],[27.529136654917846,47.17663333455662],[27.529020015393968,47.176661779415006],[27.528903375753554,47.176690225054784],[27.528832037119255,47.176719815747944],[27.528792645492359,47.176782993469217],[27.528785632177073,47.176969724294615],[27.52815649950772,47.176983481340585],[27.528079997684863,47.176985154083731],[27.528054497076088,47.176985711653437],[27.528042060102052,47.176904911039209],[27.527922927596077,47.176903511902019],[27.527157112585311,47.176947519933755],[27.526816612542412,47.176983088903143],[27.526390382043132,47.177027611987782],[27.525728691884602,47.177085613298303],[27.524828078796634,47.177164554487483],[27.524039265756763,47.177233688984508],[27.523501008685976,47.177320347110438],[27.523404330974152,47.177360228419701],[27.522673664705255,47.177414880088847],[27.522397417645067,47.177438217928703],[27.521972965212075,47.177479621873481],[27.521490914777161,47.177526642358551],[27.52098922446848,47.177582959206788],[27.520223036106565,47.177668960911802],[27.519927619928904,47.177697004171911],[27.51950229694631,47.177737375279058],[27.519112002306652,47.177774421314595],[27.519113309696909,47.177698681223248],[27.519147538511866,47.177376321827609],[27.519166211459694,47.177200462083036],[27.519222560620651,47.176762211334633],[27.519227056125153,47.176663308105709],[27.519272359608738,47.176351344794213],[27.519356842661935,47.175769610165055],[27.519468078335478,47.175103510913303],[27.51952327130412,47.174841066396752],[27.519656144332167,47.174209233162777],[27.519681337921824,47.174046395106416],[27.519728662937929,47.173827824207756],[27.519848996688818,47.173270432870716],[27.519906140801488,47.172959903745387],[27.51995424541618,47.172764341085141],[27.519993944741405,47.172639714081292],[27.520031328029514,47.17254942782445],[27.520074784931619,47.172482214980413],[27.519774594576017,47.172476634999029],[27.519541073472826,47.172472292450152],[27.519248825801242,47.172467376955034],[27.518403595459677,47.172442212493181],[27.517749583518185,47.172439384945513],[27.517331618311552,47.172436300548135],[27.516966359124442,47.172449234423574],[27.516683449328191,47.172476427353182],[27.516400535278748,47.172503619602971],[27.515796611315654,47.172581789244653],[27.514675714013432,47.172733645745296],[27.513524439081007,47.172894089648295],[27.512375873644149,47.173040468567507],[27.511286933891576,47.173181996825228],[27.510175840809918,47.173338649903208],[27.508763122226167,47.173525484933727],[27.507754278951023,47.173670028895174],[27.507294832663291,47.173735125894716],[27.507035570952887,47.173785757378788],[27.506746366978916,47.17382800992732],[27.506475585758405,47.173873150710484],[27.506117601509949,47.173933898922918],[27.504902213718108,47.174136473310639],[27.502896233813861,47.174467422662154],[27.502195069014594,47.174583834707079],[27.50149390110942,47.174700241569951],[27.500906280659137,47.174797451514962],[27.500318658058035,47.174894660251923],[27.499574561642486,47.17501491691803],[27.499181923512278,47.175084704872901],[27.498768578854037,47.175171839879425],[27.498175166467874,47.17530118930636],[27.496471518400028,47.175672964368196],[27.495551314391438,47.175872389844379],[27.494154796073282,47.176175635688949],[27.491645606530454,47.176723801610919],[27.489596451680825,47.177171418252549],[27.488415001370868,47.177431406015096],[27.488258544198825,47.177458356667898],[27.487802732935297,47.177555311825593],[27.48734691735179,47.17765226428557],[27.486799470464014,47.177777169449328],[27.485677279563951,47.178031338535902],[27.484589398126825,47.17827594895401],[27.483498403089623,47.178520752033982],[27.482377764746275,47.1787720287697],[27.481261295114766,47.179022089211529],[27.480119825015784,47.179277697524419],[27.478999993080009,47.179527376546666],[27.477750275815634,47.17980469071086],[27.477019859815762,47.179966206056562],[27.476685474577835,47.180040408355012],[27.476533554992283,47.180074644376347],[27.476482361422558,47.179960297363571],[27.476490814327679,47.179936657333748],[27.476490553480044,47.179887440205789],[27.476470470175421,47.179831664624565],[27.476463479477342,47.179798789771226],[27.476463130446039,47.179752842165072],[27.476629870435652,47.179686028485115],[27.476648975847219,47.179686204555701],[27.476663733324678,47.179649893584191],[27.476648885228823,47.179635526260476],[27.476704284213202,47.179141559542074],[27.477024294753992,47.178144849776302],[27.477145856507921,47.177686277284728],[27.47717447357045,47.177623376412612],[27.477310643472649,47.177030789272671],[27.477380489606841,47.176868839155361],[27.477874844599462,47.176126921659737],[27.478368832199056,47.175486980879356],[27.478734394061199,47.175009111399511],[27.479000060174339,47.174801046870229],[27.479722688476897,47.174351566542441],[27.480045334395591,47.174188538764106],[27.480482725277692,47.173987784037678],[27.480808489010556,47.173830320098808],[27.481243961748703,47.173652477116114],[27.481447769622068,47.173566179912463],[27.48145684023693,47.173519983917373],[27.481427286860949,47.173472934305309],[27.481374409747009,47.173396014939783],[27.481306637795072,47.173347239789358],[27.481260722669457,47.173255934891223],[27.481436313014449,47.17321272594031],[27.481674311191199,47.173163021074338],[27.482279191646604,47.173024371048136],[27.482803617943215,47.172904705433297],[27.48330398875245,47.172811155405697],[27.483818460349017,47.172720062324942],[27.484397581804963,47.172617518337901],[27.484375147547446,47.172487087026873],[27.484361435085777,47.172407356964676],[27.484659907369423,47.172366846729219],[27.484662207484561,47.172179599478426],[27.484825074807848,47.172170197079609],[27.48483807370182,47.172277298196299],[27.485246477329344,47.172339150779784],[27.485676511329508,47.172331365179168],[27.486607070951528,47.17234717981475],[27.486668472031088,47.172045296829097],[27.48668594853379,47.171741225695776],[27.486667878707102,47.171336253100769],[27.486654959927534,47.171014972707454],[27.486630555820494,47.170546623399986],[27.486614911594106,47.17018578984532],[27.48657448291349,47.16963397256167],[27.486540469957077,47.169093642471459],[27.486510611880966,47.168793801766391],[27.486504490284013,47.168685670931957],[27.486470464973067,47.168384453121291],[27.486439167038323,47.168177275362531],[27.486335221689881,47.167697416921044],[27.486349603496574,47.167533286689071],[27.486426152839556,47.167255175457392],[27.486519636101971,47.167037395740955],[27.486548789923823,47.166932222252093],[27.486564603293274,47.16677569234372],[27.48658579080719,47.165952948164971],[27.486613363558995,47.165655220089981],[27.486657878604603,47.165215174005695],[27.486677989449674,47.164731828047984],[27.486699002343066,47.164155875253769],[27.486693317988408,47.163597207715405],[27.48669831526513,47.163042135548217],[27.487770438704924,47.162518753668863],[27.490994841219166,47.16094469496209],[27.491201970233334,47.160832058725987],[27.491600375165675,47.160473883601],[27.49190280686954,47.160207375154776],[27.492055410552361,47.159993786536141],[27.492184880842153,47.159735937013295],[27.492318792225628,47.159892866580186],[27.492414163211375,47.159990471433552],[27.4925639510659,47.160064612523641],[27.492751721357408,47.160110012499004],[27.492939947497625,47.160113089191334],[27.493366725931285,47.160057696298765],[27.493730027849359,47.160057511470022],[27.493983493563881,47.160056091241202],[27.4943006506067,47.160041411663663],[27.494465994032783,47.160031187560925],[27.494529556131013,47.160028605966517],[27.494862171820955,47.159994829795963],[27.495078437022809,47.160059443418476],[27.495158410100515,47.160094945244637],[27.495280979591907,47.160153319810256],[27.495441746059996,47.160178807680175],[27.495718096269869,47.160112362002742],[27.495829747339144,47.160103176325968],[27.495972409408555,47.160112666824375],[27.496718663310673,47.160259763080049],[27.497163608007131,47.160335712588335],[27.497393521065824,47.160350930835506],[27.498190681662486,47.160329857685277],[27.499388890070332,47.16028377470235],[27.499638117880316,47.16022973069753],[27.500493811648532,47.159988643750857],[27.501423583465165,47.159843313459568],[27.502602661511546,47.159647523322697],[27.504152499420673,47.159388330312723],[27.505928101630957,47.159106657965751],[27.506923701305976,47.158980202334725],[27.508118446237937,47.158762435789917],[27.509341994023835,47.158522028762171],[27.50942797757298,47.158502112402246],[27.509907640989766,47.158425163612641],[27.51155999757572,47.15832192373432],[27.513131045967413,47.158251256117389],[27.514665459029167,47.1581098608358],[27.515220135927191,47.158099684573259],[27.515628785597343,47.158091053849645],[27.516192104681895,47.158027907260205],[27.518206602972143,47.157726788894713],[27.518823023406128,47.157666053608025],[27.519116968195405,47.157670563825477],[27.519727026361469,47.157740462746148],[27.52023754512107,47.157831137305436],[27.520629461687744,47.157945173464995],[27.521077021216293,47.158041338752057],[27.521369681351114,47.158096895062243],[27.522120021086401,47.158214527866853],[27.522882894542001,47.15833768754257],[27.523609053417584,47.158445346193801],[27.524352862130844,47.158550104712276],[27.525091446648556,47.158647476547422],[27.52534245527961,47.158688508198779],[27.526107415308694,47.158849062663244],[27.526789094541726,47.159060214069726],[27.527442344055153,47.159266755482172],[27.527776338894721,47.159332990636273],[27.527908148850557,47.159340538678585],[27.527969433020921,47.159357691822798],[27.528019671911583,47.159398382935464],[27.528892829271129,47.159678360680331],[27.529758231517313,47.159950348125932],[27.53025452698899,47.160101617475327],[27.530313432919009,47.160113878867882],[27.530357244677784,47.160015960002156],[27.530486317173708,47.159739536425292],[27.530571376853597,47.159544984597218],[27.530741302911618,47.159608016911633],[27.53106561332428,47.159713654157116],[27.531417038747328,47.159818993731569],[27.531804069832422,47.159919493100794],[27.532096198559174,47.159977014046099],[27.532729145720531,47.160168654123645],[27.532921128152292,47.160185612488768],[27.533390007497616,47.160187892686139],[27.533566981189882,47.160182250728106],[27.533787737353048,47.160168071850414],[27.534124857455495,47.160130653942666],[27.534899969669944,47.160038734690275],[27.535174401398162,47.160017821752845],[27.53530226908223,47.160013909265366],[27.535293982345863,47.159983411440273],[27.535365161048759,47.159784454035112],[27.535484684604487,47.159490713936727],[27.535528177853145,47.159413953735253],[27.535588362347944,47.159330484455928],[27.535676409031677,47.159228828388493],[27.535709521725117,47.159168341024667],[27.535903758630855,47.158695892737434],[27.536114221919373,47.158281975655385],[27.536268791227386,47.15805453298492],[27.536440993019802,47.157371815267069],[27.536560602025492,47.15700210419773],[27.536599754601369,47.156549702499689],[27.536607776107928,47.156166095593299],[27.536656193280127,47.155937968892701],[27.536648834008368,47.155250903081409],[27.536629631364537,47.154794176331428],[27.536588136399491,47.154135215277506],[27.536558914712685,47.153994736311596],[27.536284439092906,47.153453768035128],[27.536292228164672,47.153180208916396],[27.536080196420809,47.153074542419404],[27.535935553944221,47.152907977526937],[27.53585601641327,47.152666917564083],[27.535673365452713,47.152665740831864],[27.535738083526414,47.151980412581253],[27.535715361413995,47.151728971487671],[27.535804782622087,47.151449037504079],[27.53613755635898,47.151450160317673],[27.536406145399745,47.151282091364195],[27.536644991796106,47.15122713166236],[27.536608051971754,47.15111399940789],[27.536634077821244,47.151035948210698],[27.536744432804653,47.151009617044494],[27.536788728848549,47.150730735042657],[27.536907992340378,47.150120140650692],[27.5368204415891,47.149685080223179],[27.537392753227678,47.148110569233772],[27.537815547626863,47.147539599821108],[27.538262207627497,47.147514753577809],[27.538690145637151,47.147453624152945],[27.538926390572829,47.147522297700675],[27.538929473304051,47.147468821850786],[27.538944386621971,47.147349903200997],[27.538954602552909,47.147196623146463],[27.538972738544153,47.14701604018331],[27.539003552475048,47.146993866722497],[27.538808540997792,47.146832539175463],[27.538742137870088,47.146626976097096],[27.53873503499744,47.14639732930852],[27.538724666156863,47.146058516511289],[27.538714114752501,47.145944437361976],[27.53869118716846,47.1457349974472],[27.538664855026482,47.145489988710601],[27.538645214463372,47.145037941927342],[27.538730991525338,47.144883456142288],[27.538847292105004,47.144929476704064],[27.538979848335305,47.144959942234195],[27.539158530082979,47.144987666427099],[27.539296835443263,47.145002184271199],[27.539732592429463,47.145036237808533],[27.540067385581153,47.145045744325493],[27.540502166328952,47.145047681862309],[27.54061266438833,47.145048969150835],[27.541385030761155,47.145052741715482],[27.542196952450706,47.145056836575584],[27.542858733184023,47.14506275220922],[27.543782486909336,47.145068406976769],[27.543954011502347,47.145067728499896],[27.544915828589737,47.145076378869774],[27.54519787349296,47.145084692325646],[27.545505490257408,47.145109937395773],[27.545712395408202,47.145133897739917],[27.546090667030921,47.145189475336295],[27.546862630880018,47.145317341788306],[27.548168291242455,47.145533128259494],[27.549426620681054,47.145742700093685],[27.550718284344136,47.145956848194935],[27.551983589894537,47.146166535671391],[27.553035654092152,47.14633989300782],[27.553452085941721,47.146407769162096],[27.553497031857304,47.146279416053297],[27.55324074680097,47.1460341897128],[27.553290596414168,47.145998973330968],[27.5532359640141,47.145905008725499],[27.553165216437488,47.145822818246486],[27.553019333895289,47.145689600567934],[27.552867969418411,47.145549528855902],[27.552353840666381,47.145067313927001],[27.551916452925283,47.144680661557331],[27.54925642176449,47.142259219872017],[27.548933613927435,47.141978429895246],[27.548753929952682,47.141803862775568],[27.548859381951377,47.141722986833855],[27.551171818315982,47.140446029488842],[27.551683130738805,47.140166072838731],[27.552280331763583,47.139852433903208],[27.553147205430317,47.139411565696456],[27.553518384013554,47.139237714589825],[27.553539306621776,47.139189062577351],[27.553556413088366,47.139155065184042],[27.554032273716455,47.138929748456022],[27.555137632086016,47.138416536261381],[27.555873827887357,47.138074148121994],[27.556689518061358,47.13769442526683],[27.557388240772923,47.137370098616259],[27.558339279128436,47.136922961923403],[27.559074087932661,47.136585147335616],[27.560044511589229,47.136136570001071],[27.560421304065002,47.135949712793163],[27.560835699516314,47.135752230086183],[27.561325332400113,47.135523292511685],[27.561868930656814,47.13527455492158],[27.562724695598153,47.134876063290413],[27.563533032297563,47.134486780051837],[27.5637606914804,47.134378206855814],[27.562963066131317,47.133635129272491],[27.56267118795871,47.133336295884966],[27.56260402541632,47.133229600198554],[27.562124315654838,47.132752044507065],[27.561470123069057,47.132140194173104],[27.560843011268073,47.131561486037278],[27.56080399954142,47.131498404366866],[27.560423289957832,47.13110492993578],[27.560039430738072,47.130714350063407],[27.5601527198728,47.130654966948576],[27.560205737148124,47.130630755231991],[27.560732917573176,47.130242938994961],[27.561270912282502,47.129844775624392],[27.561819227843145,47.129448935601978],[27.562310484545865,47.129081436044451],[27.562604569316925,47.12885684493267],[27.563333638880245,47.128285704327006],[27.56359997505588,47.128069734557769],[27.564365062452001,47.127519115838183],[27.564634278158128,47.127316478857885],[27.564929783118597,47.127097725580256],[27.564938386906295,47.127082101179937],[27.565205366761131,47.126877164826496],[27.565252225838982,47.126835638146936],[27.56518545894501,47.126704259655],[27.565126842489327,47.126574312181219],[27.565093424853618,47.126477855520008],[27.565075721037292,47.126404080579711],[27.565063732702328,47.126309380000897],[27.564961076922511,47.126297269427766],[27.564665673848999,47.126222475510119],[27.563903002832319,47.125875894742201],[27.56316382733009,47.12549684971075],[27.56301060158906,47.125637011905653],[27.562729692054997,47.12547821363458],[27.561284437431244,47.124740926167689],[27.560906419580139,47.124552199236994],[27.560841970273405,47.124514717098101],[27.560506706250415,47.124226687830621],[27.560392678208487,47.124104028825961],[27.560323481658646,47.124024682037522],[27.560262395393664,47.123981680475211],[27.560191123290732,47.12391067736025],[27.560085685006076,47.123828242069571],[27.56003949188057,47.123857606292155],[27.559899610143052,47.123715678508944],[27.559856030093467,47.123649540342988],[27.560013261949575,47.123468881632768],[27.560044555173853,47.123434073227102],[27.560835679322111,47.122956384762915],[27.561379937566443,47.122639042996084],[27.561846225255369,47.122360890265028],[27.562032186477989,47.122201850934829],[27.562376705542398,47.121995543464642],[27.562699168915039,47.121920675210937],[27.562940472227211,47.121818675515989],[27.563269213342252,47.121658275471269],[27.563645396399288,47.121475099536212],[27.563974259990886,47.12131184339551],[27.564201710671949,47.1211922935654],[27.564353012940995,47.121024075187108],[27.564411882878332,47.120942786885564],[27.564674212405258,47.120829572030829],[27.564859709917407,47.120747964241232],[27.565253897049519,47.120631605130519],[27.565219628527874,47.120576455306654],[27.565107094133904,47.120397427179753],[27.5637695797896,47.118442578126974],[27.563230160262901,47.11757709277839],[27.563014363158935,47.117232152624688],[27.562635734882569,47.116615239785453],[27.56192700625218,47.115482831244265],[27.561450564994459,47.11472239740516],[27.561291752509462,47.114468918091958],[27.560819315346087,47.113707709599531],[27.56061956664097,47.113338940597821],[27.560608066788969,47.113309156571134],[27.560575534523434,47.11322600750001],[27.560540096755243,47.11306900479407],[27.560526376876183,47.112932353251814],[27.560521588541807,47.112791166788291],[27.560518953200823,47.112602697349324],[27.560521610903233,47.112246332788857],[27.56052371491619,47.112068475606506],[27.560504035405057,47.111997532317027],[27.56048000655867,47.11193490973131],[27.560421946838389,47.111827453356732],[27.560139592382079,47.111436062773407],[27.559995815948966,47.111249586406743],[27.559952552871184,47.111184672203201],[27.559874532797892,47.111079870522801],[27.559394353122617,47.110458095713739],[27.559183873845601,47.110187605366242],[27.559116752678563,47.110089049879967],[27.559066319215326,47.109988308125686],[27.559036430348822,47.109878867896057],[27.559031253091543,47.109858104549076],[27.559030400016066,47.10982220151341],[27.55902954427771,47.109786295790933],[27.559055747975751,47.109649297063996],[27.559145924608806,47.10937452310484],[27.559314753115949,47.108821849296099],[27.559403844533119,47.108510931121309],[27.559462077694452,47.108295997132728],[27.559509203898987,47.108087011460725],[27.559535638282139,47.10790707091914],[27.559553033097732,47.107643823863121],[27.559553089348523,47.107641393959611],[27.559553290323802,47.107633028755913],[27.559561572270848,47.107288529921874],[27.559563519018639,47.107207294317902],[27.559578139523786,47.106593589480489],[27.559603856073256,47.106223010170353],[27.559629574943685,47.105852432618725],[27.559681010346729,47.105111275637569],[27.559891673844554,47.105121987485006],[27.560635513685455,47.105158698912241],[27.56137065919458,47.105214629598407],[27.561943904474081,47.105207521800985],[27.562583752206042,47.10519958370093],[27.565870562302322,47.105158751879081],[27.566365625017543,47.105201975763734],[27.56707322214789,47.105387266878196],[27.569137990503734,47.105468654429231],[27.569198202526429,47.105823890163933],[27.569272282044111,47.106273605511156],[27.569412015267467,47.10674321612872],[27.569549454909861,47.107166108975008],[27.569722398686043,47.107565930731297],[27.569939725557152,47.107993949024724],[27.570163503565997,47.108373696735129],[27.570457868665716,47.108753151848383],[27.570734285921127,47.108989299841795],[27.571221204652172,47.109475291800422],[27.571701116425071,47.109862951782162],[27.571890864555019,47.109977092438392],[27.572021586250663,47.110062768874215],[27.572281342938368,47.110211418099631],[27.572780465186071,47.110584796608535],[27.573273072374885,47.110978655797076],[27.573848074513613,47.111439367470396],[27.573861871958609,47.111466309504728],[27.573866634236325,47.111487890433445],[27.573934011976998,47.111529144468868],[27.573957310574567,47.111539189866775],[27.574043630407665,47.111574397231671],[27.574350345172189,47.111858015154624],[27.574793239803139,47.112307248838391],[27.575266570584954,47.112787767298073],[27.575650715630722,47.113091191082766],[27.576070383983225,47.113528753680825],[27.576372747776471,47.113949886857867],[27.576638838812524,47.114374654590407],[27.576851947850539,47.11484252912134],[27.577245018385657,47.115363399042003],[27.577429822089996,47.115658880134738],[27.577497212962477,47.115951959100776],[27.577463466889593,47.116369404847539],[27.577556840386354,47.116377226295612],[27.577633476792755,47.116385317443964],[27.577995998065585,47.116315298113712],[27.578149029550406,47.116246039154305],[27.578385017903749,47.116125037536754],[27.578589346271233,47.116023658459298],[27.578722375344576,47.115988473132646],[27.578862340883656,47.115992449659977],[27.578984313991334,47.116065552531381],[27.579117730563521,47.116171679020063],[27.579353194556443,47.116284967765402],[27.579545860778996,47.116431138440035],[27.579710040959839,47.116538196509786],[27.579790569920288,47.116614060267075],[27.579808366026271,47.116611035738572],[27.579877609031822,47.116492312957639],[27.580053632746765,47.116289424422867],[27.580084093068415,47.116261193591534],[27.580142664679087,47.116289034716999],[27.580182306742543,47.116305593848175],[27.580455289271622,47.116401475035644],[27.580734007377419,47.116471822621989],[27.580929431455786,47.11648811979461],[27.581230776760162,47.11650654999297],[27.581303919502385,47.116484640638326],[27.581348871715189,47.11639746249454],[27.581553099408644,47.116388652782121],[27.583852799540836,47.116121286974334],[27.583835324651698,47.11622089082271],[27.583733251369459,47.116494259827945],[27.583652798054676,47.116613270632733],[27.583602389176423,47.116722376507667],[27.583557730328941,47.116869474004851],[27.583551678348293,47.116905164541755],[27.583538473738241,47.117051432279382],[27.583539007580431,47.117122206349777],[27.583577261670982,47.117342744728532],[27.58357435383606,47.117440664446505],[27.583511690097758,47.117582611944677],[27.583414261066512,47.117730582880711],[27.583343296887413,47.117867468543459],[27.583325491720657,47.118016476341722],[27.583326026537961,47.118166126823091],[27.583311908203459,47.118256252321864],[27.583313873956605,47.118486294497636],[27.583318702074461,47.11869791543014],[27.583332588834278,47.118905499339078],[27.583341274984011,47.119067844917538],[27.583331374338425,47.119232694075649],[27.583332407306496,47.119445766885995],[27.583334066297507,47.119625412967416],[27.58334141838575,47.119856981717042],[27.583340711721132,47.12006370404724],[27.583348602445525,47.120343576362274],[27.58336347991067,47.120465413730997],[27.583408255614863,47.120774895253518],[27.583417648909773,47.120936028659273],[27.583388958704372,47.12130089460878],[27.583360114464877,47.121491058778602],[27.583335966944048,47.121643681129342],[27.583298087955487,47.121827477976119],[27.583280782813656,47.121991357812142],[27.583238155908305,47.122134737274337],[27.583133282846553,47.122261276879996],[27.582991857055191,47.122439657121191],[27.582871203181451,47.122613505970797],[27.582784026649897,47.122795379395093],[27.582719559599163,47.123016701381076],[27.582687521115513,47.123171443273023],[27.582673615234416,47.123413934578501],[27.582671909984469,47.123659834571413],[27.582669122145848,47.123831461998677],[27.582676276428899,47.123966025797365],[27.582681698992289,47.124033153880369],[27.582765641677316,47.124402179731881],[27.582834560880944,47.124598724770912],[27.582912300543047,47.124842551217036],[27.5829886049459,47.125104218331494],[27.583089475703126,47.12542118450947],[27.583169193291511,47.125609443326248],[27.583238384128343,47.125775071112656],[27.583360321908231,47.126020455676766],[27.583488625940561,47.126294377322992],[27.58361352810104,47.126554535692769],[27.583712229564547,47.1267572166105],[27.58377119969434,47.12695787187576],[27.583796676679203,47.12707054485093],[27.583871738910911,47.127258124064099],[27.583944960456218,47.12744058790512],[27.583959497180921,47.127522299343795],[27.584112784949671,47.127514218119593],[27.584294608440548,47.127502854224524],[27.584288875527559,47.127449627072359],[27.584291556317392,47.12744339356783],[27.585227267514487,47.127300205762275],[27.585510262404377,47.127252642662604],[27.585733346776255,47.127213661240141],[27.58589649365814,47.127175860636882],[27.586023538421678,47.12715313898417],[27.586190061159581,47.127131864612629],[27.586639697630584,47.127024864043939],[27.58676673422687,47.127316179163842],[27.586864679294354,47.127530024881558],[27.586923900157263,47.127649475683825],[27.587007083980915,47.127663013452803],[27.58717120999124,47.127630035566426],[27.587231103538173,47.12765647416402],[27.587283029113706,47.127705040638119],[27.587319099796286,47.127756237685027],[27.58742093254731,47.127925803383057],[27.587505312209295,47.128049926506357],[27.587654424329518,47.128275314338289],[27.587862829805182,47.128596050956979],[27.588063013448323,47.128913493610753],[27.588267912247247,47.129200231875743],[27.58843238225792,47.129465995661256],[27.588589529716231,47.129701192608493],[27.588659548551135,47.129822972515242],[27.588606817436776,47.129851204817882],[27.588224297054087,47.129945694210981],[27.587779532336427,47.130032108748139],[27.587555366044661,47.130078424533949],[27.587465368413273,47.130097018293121],[27.587570634716599,47.13016700125268],[27.58779418266548,47.130405130530278],[27.58821114324417,47.130875167899518],[27.588519970392127,47.131233366926615],[27.588818286168085,47.131575817608784],[27.589156777919619,47.13196850066447],[27.589227278955587,47.132024550196732],[27.589329514830446,47.13206375393343],[27.589424007937829,47.13207192258907],[27.589554010084445,47.13205458458274],[27.58978825278238,47.131970073399366],[27.589961031841447,47.131901750023651],[27.590460612831947,47.131715083658555],[27.590740482686826,47.131610937054958],[27.590873948081093,47.13154831767401],[27.590959539168047,47.131491298394707],[27.591036379372028,47.13141328279697],[27.59108655090758,47.131341452717642],[27.591161088036706,47.131196167347923],[27.591268485528246,47.130921837176899],[27.591297953913134,47.130834948533476],[27.591336338964997,47.13076976254856],[27.591378161583538,47.130729688272325],[27.591471650627028,47.130688033416249],[27.591619769725359,47.130650470557498],[27.591470652986633,47.130329617415086],[27.591383575823063,47.130053591526099],[27.591286594268016,47.12989971500555],[27.591266469956331,47.129837200369167],[27.591283742311031,47.129707344288001],[27.59118343541196,47.129455336267654],[27.59106162523176,47.12922032317104],[27.590894204922275,47.128895722147924],[27.590761003362427,47.128665058902961],[27.590551996802507,47.128278513115703],[27.590458360690658,47.128195643624409],[27.590383975203565,47.12804593944648],[27.59036595481815,47.127992879412986],[27.590681963492639,47.127873444264104],[27.590907494803634,47.127790025774196],[27.591413929389308,47.1275989167194],[27.591593966255214,47.127526656951702],[27.591690283635995,47.127498139632813],[27.591729938719634,47.127494703391676],[27.591749563763049,47.127644312576471],[27.591835600273157,47.127776080869516],[27.591987454344626,47.127916181811671],[27.592122461023241,47.128063500127404],[27.592249398346166,47.128196015017792],[27.592398947807332,47.128431160596968],[27.592562818312746,47.128712302000139],[27.592651478992373,47.128867499224661],[27.592757343107483,47.129039316845621],[27.592844699282953,47.129170164165714],[27.592985752537736,47.129376631200032],[27.593150415350117,47.129613335259343],[27.593373406287178,47.129913874418854],[27.593611751504348,47.130169361290704],[27.593779434808113,47.130463968209412],[27.593825055415987,47.130608097046299],[27.593919104908203,47.13083585605461],[27.594033198558176,47.131088803375455],[27.594127148273468,47.131389969625516],[27.594299828676061,47.131634105502428],[27.594422477708189,47.131831615388265],[27.594515931148251,47.131833306253284],[27.594555184709051,47.131818179253152],[27.594649102094149,47.131771471378102],[27.594736504124185,47.131697913961887],[27.594776594579567,47.131566978766251],[27.594869628187872,47.131284742553781],[27.594942118117714,47.131058617493323],[27.595007222450036,47.130826493585793],[27.595107197063797,47.130477698986851],[27.595165106710738,47.130309115418804],[27.595274787178695,47.130041326846971],[27.595371970609275,47.129838989598817],[27.595478690200917,47.129645499597508],[27.595479373096786,47.129632849422443],[27.595477315896293,47.129619712270127],[27.595421166421012,47.129619659504471],[27.59533024462516,47.129620108686424],[27.595271688709428,47.129633282790586],[27.595170674901695,47.129636109527688],[27.594930990113539,47.12963577718817],[27.594911518188418,47.129547241261179],[27.594876448072181,47.129448896880596],[27.594825669712399,47.129328261752001],[27.594808863567263,47.129271486899604],[27.594939010615988,47.128953150694322],[27.595035791400413,47.128696800811198],[27.595157743576852,47.128377262387275],[27.595202891959236,47.12812668323555],[27.595202695606307,47.127959806171461],[27.595257605583772,47.127788643771872],[27.595322686258843,47.127554749648269],[27.59533800847418,47.12738967262041],[27.595353333236414,47.1272245955725],[27.595388088891035,47.126850191999303],[27.595425509878307,47.126687618664903],[27.595462930622119,47.12652504351508],[27.595484163220529,47.126449316104427],[27.595529507123938,47.126393607601571],[27.595782034948083,47.126439158232898],[27.595852023603669,47.1264525485443],[27.596113756648574,47.126502623648122],[27.596214458909287,47.126521890157179],[27.596569376646087,47.126613937247861],[27.596923312620753,47.126691658984512],[27.597239724298788,47.126752043311889],[27.597295654297426,47.1267590243501],[27.597468503882766,47.126780602307484],[27.597700677821599,47.126821669184849],[27.597811344479975,47.126841244039007],[27.598002946548931,47.126890995119616],[27.598180925818944,47.126912228470992],[27.598165844402768,47.126861008912535],[27.598322124981998,47.126727701824116],[27.598473845632043,47.12659828414175],[27.598611505313883,47.126498119497704],[27.598759791024623,47.126395227457564],[27.598895156969771,47.126301299689878],[27.599030522438387,47.12620737176286],[27.599020423406653,47.126196130432767],[27.599012620829257,47.126139058918213],[27.598993203989746,47.12599977483066],[27.598975655244004,47.125939864825902],[27.598786146786207,47.125557506222883],[27.598657805893499,47.125254353660829],[27.598600685926097,47.125119431082972],[27.598589426120967,47.125092835165113],[27.598612681951955,47.125070153237907],[27.598709321629801,47.125040301920421],[27.599400509544328,47.124837523761272],[27.599645858700043,47.124765542102658],[27.599891205881413,47.124693560827374],[27.599795730335664,47.124577734064282],[27.599686776790495,47.124391848966972],[27.599477654801188,47.124070152892408],[27.599418140263477,47.123965079897367],[27.599410279522086,47.123926545816573],[27.599414889550435,47.123897752255296],[27.599392304513309,47.123860474040988],[27.599515057944387,47.123825825907645],[27.599783012805776,47.123759235467432],[27.599894202291058,47.123723785410995],[27.599988431770008,47.123702407015479],[27.60012953300895,47.123674478557952],[27.600351705715099,47.12364919626998],[27.600537643441559,47.123633171422732],[27.600707316748462,47.123612644980852],[27.600816008737389,47.123600420826278],[27.600924700685692,47.123588197468578],[27.600954940764048,47.1237134649718],[27.601019417571237,47.123872006041402],[27.601087651657135,47.124004162343795],[27.601204104585751,47.124160454447818],[27.601375172399159,47.124401816864385],[27.601568352700109,47.124674376228249],[27.601710144487637,47.124843158865083],[27.601835680196892,47.124992588852599],[27.601942080475677,47.125107740097064],[27.602708524223679,47.124686639899622],[27.602671800879811,47.124613447711909],[27.602672833937298,47.124545223863798],[27.602714933404883,47.124438862024121],[27.602767474430781,47.124321869162209],[27.602923052000897,47.124362199184908],[27.602986396212305,47.124419689876667],[27.603035741471796,47.124472852115552],[27.603119183483418,47.124525522556198],[27.603205267149697,47.124531952298256],[27.603283188172639,47.124506166772271],[27.603422802369089,47.124469470254859],[27.603500771414311,47.124416706513266],[27.603600741803067,47.12438572038689],[27.603607342964544,47.124352140606113],[27.603573520958552,47.124304286980504],[27.603550922313033,47.124288341749065],[27.603551081398496,47.124273615595214],[27.603563270790577,47.124251295120175],[27.603585866523257,47.124223274984772],[27.603660160530101,47.124193576822435],[27.603780919202698,47.124153512071352],[27.604211183955286,47.124069960702826],[27.604301850858374,47.124047495222165],[27.604392516366172,47.124025029676929],[27.604577186860276,47.123958703659675],[27.6048425045391,47.123879549648009],[27.605079254547558,47.123765766322322],[27.605203874650407,47.123705871939173],[27.605316073206339,47.123635459802436],[27.605386798949912,47.123578199546841],[27.605418111986513,47.123539488523122],[27.605414980763662,47.123402477907511],[27.60541020478939,47.123193353055314],[27.605409151407674,47.123147219170448],[27.605458583770744,47.123093262311372],[27.60543150950156,47.122955796930299],[27.605415482927253,47.122874420853883],[27.60565812086427,47.122796222572511],[27.605804537636256,47.122788494176348],[27.605797433875136,47.122719363056277],[27.605820830651574,47.122699933703906],[27.60596117651346,47.122637563480168],[27.606101524703302,47.122575194870961],[27.606207211354327,47.12255124281522],[27.606432182269675,47.122546169081197],[27.606552080507551,47.122564185658092],[27.606693732240522,47.122597651783678],[27.606812153245851,47.122645389312829],[27.607024461843185,47.12273097586997],[27.60710752593095,47.122764459495045],[27.607157618418409,47.122820731332467],[27.607181319957284,47.12292812194994],[27.607217844793279,47.123235081362822],[27.607260483015857,47.123462989781906],[27.607287073127733,47.123530134086124],[27.607329249688306,47.123581782932241],[27.607353038124234,47.123610913067864],[27.607387938902288,47.123626683435901],[27.607414281301239,47.123661156885781],[27.607436570661442,47.123708342556036],[27.607543570047376,47.123814369865293],[27.607625729166624,47.123872290022526],[27.607703347883618,47.12390879323253],[27.60772982689463,47.123915524983886],[27.607839170385965,47.123873891365029],[27.608066185989124,47.123787454384974],[27.608353357948761,47.123678110977231],[27.608460210276338,47.123637424948839],[27.608513959237019,47.123588685531949],[27.608567432126602,47.123512163460802],[27.608576175698083,47.123397599847991],[27.608556361058415,47.123283679283787],[27.608471912925911,47.123105493875308],[27.608411210862922,47.122936458937417],[27.608392573184069,47.122792626114453],[27.608325235045157,47.122655741497887],[27.608343491605808,47.122353875341418],[27.608333745726338,47.12226211790621],[27.608235548713228,47.122186230397439],[27.608124912031652,47.122047761438047],[27.608036236814193,47.121951619528858],[27.607975110335445,47.121901082055544],[27.607764099435947,47.121777870781735],[27.607611155913279,47.121688566518785],[27.607539817031295,47.121625070095384],[27.607462976130492,47.121564636236876],[27.607447477910409,47.121537440044676],[27.607429630955373,47.121506121444817],[27.607415322352548,47.12144977514486],[27.607410864989362,47.121402976319636],[27.607419098051412,47.121251128824866],[27.607430116791871,47.121047861996274],[27.607417896647867,47.120713420577154],[27.607376952737003,47.120636674378652],[27.607361928400266,47.120560503421217],[27.607356890354023,47.120497768427207],[27.607319151748822,47.120234178754899],[27.60729512235751,47.120158945490971],[27.607270893776139,47.119986490483051],[27.607266375160737,47.119954329106292],[27.607320264293122,47.119911647338576],[27.607879417953082,47.119781558824059],[27.608035993509461,47.119810103747113],[27.608426778433195,47.119910072028176],[27.608932661460667,47.120045211033869],[27.609506032510755,47.120187141706609],[27.610125644588521,47.120355657070085],[27.610821415727482,47.12053198410846],[27.611358192138258,47.120668014883634],[27.611537249428011,47.120669279018074],[27.611538264347487,47.120633482525513],[27.611436033338286,47.120628846878425],[27.611439565746977,47.120424542459034],[27.611441503597177,47.120312460712697],[27.611462417236918,47.120067252095531],[27.611513513834261,47.119646062948874],[27.611557859888897,47.119335652118124],[27.611670732497032,47.118327265005647],[27.61172980664006,47.117711926605033],[27.61174489929963,47.117554702279904],[27.611761120022663,47.117385723330855],[27.611800938096188,47.116896540256199],[27.611842266706986,47.116320350424182],[27.611863271548494,47.116150191346435],[27.61188062637482,47.115944404632494],[27.611886437940566,47.115875489165809],[27.611894334390584,47.115728911683242],[27.61192363287471,47.115594506575903],[27.611977771291048,47.115346162312953],[27.612039163866921,47.115133286004486],[27.612119507084515,47.114790829043436],[27.612155791988002,47.114688593479244],[27.612167331370575,47.114624117885803],[27.612186425605966,47.114560484677561],[27.612234403969396,47.114378740465888],[27.612282383340474,47.114196997122626],[27.612331153343206,47.114067658395648],[27.612391937196861,47.113839770003345],[27.61243525623604,47.11361003034957],[27.612492698309147,47.113357384746379],[27.612523997135494,47.113219721128871],[27.612524640104365,47.113127450315268],[27.612525281754532,47.113035179507264],[27.612525986101424,47.112934013223864],[27.612532370293582,47.11288385405458],[27.612589516850161,47.112709399887642],[27.612684145527172,47.112443902296732],[27.612759932199427,47.112255921476539],[27.612823075591415,47.112079127844567],[27.612856466927816,47.111985634355058],[27.612892466030843,47.111819179550658],[27.612993379363058,47.111487593625355],[27.613068184646416,47.111241796252472],[27.613115858839407,47.111130599717065],[27.613129187526383,47.111099513707224],[27.613180228422777,47.111061123199903],[27.61322754319497,47.111005306082497],[27.61327401407036,47.110946715587431],[27.613356372953927,47.110821759704919],[27.613402215693274,47.110730207851496],[27.613435260790716,47.110664211327489],[27.613503607934518,47.11058652726944],[27.613589595069552,47.110507274699508],[27.613627875162919,47.110453661879475],[27.613682358291378,47.110377352285511],[27.613924653881885,47.110033737992467],[27.614022805142923,47.109894543921044],[27.614106792462429,47.109775435051148],[27.614289483541437,47.109487864404905],[27.614305523773293,47.109433761412213],[27.6143766022644,47.109332415569419],[27.614411898009152,47.109293462851149],[27.61447996723804,47.109240003989314],[27.614523750872486,47.109205618397496],[27.614538458225397,47.109167544579186],[27.614617664118335,47.10913751590396],[27.614584238772242,47.109096420345431],[27.614495504900749,47.108996823570074],[27.614313748816141,47.108768264184214],[27.614211146976256,47.108643970132754],[27.614051063296909,47.108441917446733],[27.613941719981234,47.108296555700996],[27.613880254461634,47.108214843729826],[27.613814398884198,47.108134741709293],[27.613766929801749,47.108076999909272],[27.613747597547345,47.108043779771066],[27.613739389072332,47.108008473534092],[27.613727091591485,47.107955576186043],[27.613727426228117,47.107902017242218],[27.613732747768847,47.10783592258025],[27.613751158347238,47.107739668159432],[27.61378221212599,47.107651525739954],[27.613791355668369,47.107606975811393],[27.613802817376854,47.107515748356427],[27.613837177563784,47.107427241752589],[27.613863510532038,47.107314615932047],[27.613898819693578,47.107245503471191],[27.61393860111054,47.107083924980053],[27.613975945717481,47.10693223643149],[27.614025018479758,47.106685622309222],[27.614058488408343,47.106606077637288],[27.614082077654928,47.106530452640605],[27.614102113534869,47.106409100337942],[27.614178775132331,47.106076629820571],[27.614287610915444,47.10560461403464],[27.614321714056008,47.105456708645846],[27.614346227051477,47.105380230953202],[27.614378723612784,47.105278856201728],[27.614431078564944,47.105073464072909],[27.614488211113844,47.104849331818961],[27.614501982624294,47.104781686280376],[27.614497018841419,47.104740418171119],[27.614585620323286,47.104752986318125],[27.61478587478614,47.104781393866133],[27.615016207655728,47.104814065991839],[27.615307052459347,47.104855323948726],[27.615595160641455,47.104904722543061],[27.615861287512917,47.104940294318979],[27.616051252375854,47.104965684645222],[27.616346369088269,47.105005129857339],[27.616498914406435,47.104993551028144],[27.616741029651667,47.105018751289791],[27.617056144381614,47.10507577201026],[27.617340908707266,47.105127299806696],[27.617674342884964,47.105187633269679],[27.617922396207945,47.105191249079517],[27.617990765455183,47.105253857168719],[27.618055388565338,47.105365366017907],[27.618157718892569,47.105580625365171],[27.618177900582992,47.105623079988383],[27.618147988066308,47.105660966401231],[27.618575750901702,47.105803416289476],[27.618856519368013,47.105896913529193],[27.619080444684098,47.105964224447881],[27.619300890198211,47.106069975212513],[27.61936557659326,47.106090266511295],[27.619501881066999,47.106094302249446],[27.619750222008523,47.106101657779114],[27.619891863223916,47.106081761104527],[27.619905230510039,47.106044796158251],[27.619894517829579,47.105992437090272],[27.619943117450166,47.105936343827928],[27.620014996436929,47.105853382390386],[27.620068817363304,47.105817928874139],[27.620138590104773,47.105799554763351],[27.62024283212984,47.105798044574314],[27.620408144208881,47.105815016964648],[27.6206266688082,47.105846721321193],[27.621327999572717,47.105951897022173],[27.622196128020288,47.106082081249113],[27.622228208771151,47.105982346082342],[27.6222526670985,47.105906313325711],[27.622184803237761,47.105781824124143],[27.62206843956017,47.105697993168128],[27.622054279896826,47.105673707163646],[27.622059459194062,47.105564401406724],[27.622079916733071,47.105499380443206],[27.622120708209511,47.105426727073883],[27.622119344374443,47.105348921478345],[27.622546565688889,47.105345430414339],[27.622562550956093,47.105425906516714],[27.62259251885553,47.105504500586292],[27.622667869716395,47.10563027075117],[27.622716907132943,47.105712122107391],[27.622768213840654,47.105778346671293],[27.622808124784079,47.105807889949318],[27.622854375892729,47.105832751841184],[27.62289289793646,47.105843439703179],[27.623089808811567,47.105858585128068],[27.623218142539795,47.10588276905353],[27.623271771225824,47.105896287449013],[27.623322327408921,47.105886291109073],[27.623378620433105,47.105845457596665],[27.623436396654387,47.105788193473828],[27.623497900309928,47.105695972728753],[27.623563262490805,47.105576082634975],[27.623575273978943,47.105554048873536],[27.623644234875243,47.105441584609515],[27.623688137631145,47.105369986376722],[27.623731710409526,47.105266990082114],[27.623750909558723,47.105134253730725],[27.623790189478431,47.104968867143668],[27.62382767676602,47.104900271540451],[27.623838831923088,47.104794019671026],[27.623885025624872,47.104664654723912],[27.623918868726932,47.104502570496869],[27.623949302439986,47.104445065396533],[27.623961623143689,47.104400805070561],[27.623980864371173,47.104348662029579],[27.623985116722615,47.104310830187828],[27.623986805438726,47.104214778527364],[27.623996729957458,47.104172198697299],[27.62407232210079,47.103999812983268],[27.624226761606145,47.103647611469704],[27.62430500823087,47.103469171232106],[27.624349445066564,47.103367830205855],[27.624376018288835,47.103294043188583],[27.624381158581876,47.103261061250528],[27.62439400945388,47.103217336996913],[27.624399908471112,47.103182069766362],[27.624396906707393,47.103132172476478],[27.624388752738312,47.103072306683821],[27.624362652631714,47.102980162511564],[27.624315568253969,47.10289199042964],[27.624460745664539,47.102852818920766],[27.624515510838606,47.102824352787025],[27.624628155185679,47.102718185395929],[27.624788058506937,47.102645612997399],[27.624972938262481,47.102610241253821],[27.625233521862491,47.102630360044969],[27.62548403805545,47.102683305369368],[27.625746276841614,47.10268436383344],[27.626058192244351,47.102666013671019],[27.626264393553377,47.10271731518624],[27.626528485081295,47.102794050193552],[27.626717989161214,47.102828793840139],[27.626875913212146,47.102837955907965],[27.627069907310442,47.102849209543621],[27.627177229135903,47.102884105372461],[27.627346407604101,47.102962547787378],[27.627515587885775,47.103040989941739],[27.627559168000268,47.103043584845842],[27.627621098887438,47.103027831738366],[27.627731096648425,47.10296316312818],[27.627934660056592,47.102903541755268],[27.628143312407715,47.102828660112614],[27.628348990802049,47.102734718185005],[27.628447762127987,47.102679071315357],[27.628557082778947,47.102617483157005],[27.628561821141588,47.102587526774528],[27.628528283811452,47.102542291074506],[27.628517948107433,47.102519706310368],[27.628490324045288,47.102459343829601],[27.628550607847032,47.102411334627078],[27.628644575451428,47.102336493747138],[27.628754388700404,47.102272497355656],[27.628935122552758,47.102202777957359],[27.629247262365187,47.102090505348549],[27.629383911712637,47.102035931870944],[27.629491840574939,47.102007516754298],[27.629667818063769,47.101961185509978],[27.629787933382399,47.101924543150083],[27.629900308593619,47.101877832356251],[27.629966907191125,47.101853972424735],[27.630023125245206,47.101819859808984],[27.63013083488865,47.101754503167719],[27.630167896496008,47.101732015029704],[27.630230215467574,47.101700540442089],[27.630239710599223,47.101652856581353],[27.6302871728574,47.101586508481923],[27.630312493350718,47.101531735684475],[27.630317616376626,47.101459205426529],[27.630365554779885,47.101355288936645],[27.630388418331012,47.101247461043506],[27.630453206898661,47.101167593333166],[27.630476278805439,47.101077658974461],[27.630503700883587,47.10097076341598],[27.630531121557578,47.10086386965633],[27.630536069044929,47.100768353310229],[27.630524126678853,47.100673127011412],[27.630546290607324,47.100578755898169],[27.630601706537778,47.100504199398685],[27.630686538127307,47.100411509708913],[27.630887916451218,47.100276671811812],[27.630946986568013,47.100231507983828],[27.630982600180872,47.100196669712552],[27.630976611854368,47.100154382074372],[27.630941439751226,47.100097752984254],[27.630993368464807,47.100058060951653],[27.631055649781548,47.100026058790831],[27.631133429101482,47.099941918534896],[27.63122300852546,47.099845013405947],[27.631270129547545,47.099755496144148],[27.631330659741668,47.099686658527823],[27.631381098337648,47.099600345346325],[27.63142058991685,47.099532768280199],[27.631446643530296,47.099326959690423],[27.631457457942222,47.099241520012683],[27.631478003619932,47.099079237630036],[27.631502579606622,47.098996696124722],[27.631539420054835,47.098698947332345],[27.631540183480592,47.098609605451109],[27.631541412096592,47.098465657209346],[27.631546240917732,47.098364285112666],[27.631613488670446,47.098219909831812],[27.631648524147753,47.098119287210643],[27.631679663396795,47.098029851587917],[27.631700086713952,47.097938985780402],[27.631764756259809,47.097858357548546],[27.631756999997997,47.097786283359483],[27.631775103296313,47.097679329048589],[27.631799533622523,47.097534991838785],[27.631847595113328,47.097393447921476],[27.631880164420423,47.097239385040446],[27.631897232056467,47.097158648580447],[27.631943621838612,47.097122224366409],[27.632093187281573,47.097012798851871],[27.632150530317759,47.096985989453401],[27.63236034348153,47.097005255498587],[27.63251538253024,47.097051135708583],[27.632677254388398,47.097084226878721],[27.632766189278364,47.09707570609126],[27.632848014983587,47.097031600659186],[27.632952050735664,47.096964673338249],[27.633111284332376,47.096898031136064],[27.633228996341867,47.096872235484142],[27.633346706918886,47.096846439718959],[27.633468568751795,47.096832241730617],[27.633621263765697,47.096814452659338],[27.633744273171953,47.096750164239175],[27.633838886263472,47.096681748575229],[27.634032478003366,47.096611133713473],[27.634150666712372,47.096607044618665],[27.634262859084625,47.096632751645586],[27.634416729359931,47.096611580510249],[27.634484139135214,47.096531709425989],[27.63450017496627,47.096450100012511],[27.634562576713922,47.096390497289029],[27.634702812366836,47.09637215579356],[27.634800982814816,47.096328472206487],[27.634849459137982,47.096279906861319],[27.634925438664016,47.096136546616926],[27.635033529804584,47.096057967752635],[27.635036103441351,47.095985382054835],[27.634980323735768,47.095923569111726],[27.635006547769198,47.095853204542387],[27.635107503908806,47.095775935770895],[27.635208459745865,47.095698666010954],[27.635345079920498,47.09562546279404],[27.635384623607006,47.095557613160132],[27.635347852124458,47.095515213920542],[27.63541390339444,47.095422950563709],[27.635434472085706,47.095259295831518],[27.635400949915375,47.095116400516567],[27.635359096961459,47.094938010319005],[27.635424938307594,47.094806782139472],[27.635278842741467,47.094748184343771],[27.635055098696224,47.094721804661653],[27.634909162079659,47.094659231707006],[27.634869706358312,47.094609531281769],[27.634820001039866,47.094310849890718],[27.634930463209464,47.094029410275731],[27.635025862498335,47.093910167530893],[27.635275320564755,47.093748905967338],[27.635385282102675,47.093604027762922],[27.635479318445423,47.093480129087638],[27.635540602536839,47.093417006324849],[27.635553976562477,47.093314883753166],[27.635567349232129,47.093212762085471],[27.635627001582662,47.09309703138323],[27.635714800433011,47.092989991006831],[27.635808359602215,47.092924129733511],[27.635920103598057,47.09279122101001],[27.635952247170238,47.092709193452848],[27.636017969006993,47.092637112817521],[27.636063361565654,47.092587326732939],[27.636048361906461,47.092529580158974],[27.636078190406131,47.092474582988466],[27.636156238612742,47.092417918704967],[27.636306727618152,47.092353670113241],[27.636352249109706,47.092282893825406],[27.636413067991842,47.092188331854167],[27.636578771080586,47.091928408024422],[27.636578106022409,47.091811890789664],[27.636555146550453,47.091747857957373],[27.636532185806018,47.091683824226998],[27.636495213556195,47.091643224376455],[27.636378357504356,47.091590897704485],[27.636116068890189,47.091493572848158],[27.636207963561475,47.091345624804397],[27.636383165241767,47.091104420560491],[27.636439865906542,47.091039109983747],[27.6364828206552,47.091018090682319],[27.636578302943278,47.091008169035696],[27.636787305550957,47.091002943426069],[27.637299667561422,47.090995274884882],[27.637516558373509,47.090992028750719],[27.637732998078683,47.091002099135132],[27.637836112213634,47.091016287248777],[27.637892848400845,47.091023958486005],[27.638157263329383,47.091165413060615],[27.638297260672122,47.091240307178708],[27.638361623798641,47.091205116455754],[27.638511070362437,47.091169246234109],[27.638651954684015,47.091119793290503],[27.638744380409275,47.091063296318687],[27.638819264623052,47.09099576216861],[27.638930173479107,47.090782965904594],[27.638962048935252,47.090658404995523],[27.638984962007129,47.090568870071472],[27.638978651374547,47.090495000174968],[27.638977836758709,47.090455312525322],[27.638843121207021,47.090438141377383],[27.638747540212506,47.090407067564492],[27.638615589862152,47.090339033792297],[27.638463191618186,47.090260458539369],[27.63825122570751,47.090165610712631],[27.638140068945457,47.090115870876929],[27.638154182045504,47.090098714583711],[27.63816978580298,47.090023691288039],[27.638203087378681,47.089941635906833],[27.638288221786816,47.089879430673399],[27.638359049670566,47.089866716767396],[27.638500058353923,47.089862010050751],[27.638637688317427,47.089883497308129],[27.638877773744994,47.089920979482464],[27.638993851756588,47.089893705795433],[27.639201663932191,47.089928011739389],[27.639520599429318,47.089980661566791],[27.639778136720789,47.090023173644752],[27.640055123080153,47.090164447454633],[27.640336342829066,47.090340557739161],[27.640512094284773,47.090428594277689],[27.640754259541524,47.090489658076088],[27.640907353335795,47.090448500999194],[27.641106696323806,47.090450480891946],[27.641227922011371,47.090425393399101],[27.641319063632743,47.090365315562195],[27.641366452862528,47.090285085396765],[27.641377527728189,47.090214241705958],[27.641536590142636,47.090128315313279],[27.641625785940214,47.090045727175969],[27.641849236072286,47.090107566603777],[27.642219263312697,47.090161468558755],[27.642319749103812,47.090088038403728],[27.642324410451714,47.090044842980362],[27.642200835709243,47.089998255165625],[27.642127658478945,47.089970666112961],[27.642014229115805,47.08990289955657],[27.641878867218903,47.08982202687087],[27.641743505731412,47.089741154022043],[27.641834748148948,47.089651115953735],[27.641916478305696,47.08957046543668],[27.642038378211033,47.089483927731138],[27.642250141353557,47.089444628429803],[27.642408087612473,47.08941531406235],[27.642494292358972,47.089438096562517],[27.642669373575554,47.089417354124947],[27.642780660135472,47.089383910600532],[27.642838821993195,47.089319730559076],[27.642869134034623,47.089259218987138],[27.642869042787364,47.089209807837818],[27.642828772121543,47.089168757895756],[27.642738741736625,47.089121132907508],[27.642698223120469,47.089088372079772],[27.642655361129098,47.089029692036959],[27.642593943388427,47.08891178249538],[27.642657874619587,47.088896248444456],[27.642637805911011,47.088801065196471],[27.642609404333978,47.088666375967136],[27.642590260783162,47.08857558066444],[27.642583907078802,47.088483952314476],[27.642587347017745,47.088392251019094],[27.642582463190852,47.088300580224534],[27.642578350606055,47.088223409149762],[27.642735795261363,47.088271981481633],[27.642871297385131,47.088288408448072],[27.642999658731348,47.088274739713825],[27.643052486709468,47.088188741635797],[27.643147889758161,47.087972679819956],[27.643193731664393,47.087900137011559],[27.643246472631301,47.087885104604382],[27.643293068525406,47.087907702212917],[27.643329097314258,47.087952894515915],[27.643374270827142,47.088009556430208],[27.643415104781717,47.088048843784904],[27.643454909350055,47.08806216495983],[27.643485872322309,47.088040501291793],[27.643531086763506,47.087998483548063],[27.643576193843398,47.087994263484475],[27.643620269556898,47.088023313665921],[27.6436552569626,47.088016592117384],[27.643668440650163,47.087993457146986],[27.643671798507885,47.087973402747224],[27.64369271526532,47.087951519222315],[27.643755197499335,47.087948266878612],[27.643799045907794,47.087959104070023],[27.643881388382965,47.08796678408298],[27.643922078781383,47.087954011184415],[27.643947104877999,47.087907213300397],[27.643972391582849,47.087879308443803],[27.644056302435335,47.087864634925694],[27.644103801280526,47.08784123224649],[27.644153735878444,47.087799555755609],[27.644223866194604,47.087741023630421],[27.644306927584495,47.087691002546514],[27.644347845076247,47.087620721342148],[27.644357417138952,47.087545371150689],[27.644325884443692,47.087472869017681],[27.644206779427826,47.087378022652253],[27.643984381641715,47.087285481133328],[27.643880066998687,47.087197558525403],[27.643730293635866,47.086983752513312],[27.643670703398744,47.08677978257915],[27.643656534759781,47.086657368742834],[27.6436405236662,47.086519039413822],[27.643822154830218,47.086456874413194],[27.643974955999418,47.086330389470113],[27.644081017762701,47.086242595083021],[27.644194271154301,47.086209430657313],[27.644271776314081,47.08612536647653],[27.644380371571668,47.086059276743761],[27.64450965832415,47.085980593818022],[27.644493379464286,47.08590804816729],[27.644471740375913,47.085811621411757],[27.644507198375482,47.085717123932298],[27.644611243590269,47.085560959501905],[27.644693856242519,47.085398929700673],[27.64474865917019,47.085315689467038],[27.644778571943075,47.08523610061193],[27.644784562725714,47.085144309246822],[27.644786056922374,47.085121399219368],[27.644790354121842,47.085055538956155],[27.644786472484043,47.084989667145209],[27.644775179372164,47.084949162015647],[27.644723058350372,47.084867894174572],[27.644686081088359,47.084787798182447],[27.644998010030427,47.084856044422104],[27.645240424705904,47.084900703595679],[27.645611405976965,47.084943915017213],[27.645816104126514,47.084973611112382],[27.645983860317159,47.084980115963113],[27.64640306810939,47.085043501384085],[27.646784556557215,47.085101182557544],[27.647087542483909,47.085161316313091],[27.64748530324372,47.08518726929006],[27.647992567056491,47.085254309340876],[27.648352289684677,47.085313010101437],[27.64862584517725,47.08537356194649],[27.649113733623079,47.085399596331726],[27.649213550863749,47.085395072960722],[27.649208460640928,47.085463312634296],[27.649168148721511,47.085525847919726],[27.649208047778128,47.085633405136825],[27.649342289159037,47.085914856818782],[27.649486477104212,47.086286664254381],[27.649588689639376,47.086550231513101],[27.649741500867648,47.086975082721992],[27.649809665664073,47.087207809194801],[27.649839048546266,47.087276816143465],[27.649879991850483,47.087320416341726],[27.649954990154942,47.087416990100941],[27.650006068066947,47.087554497722969],[27.650056623745826,47.087651767144756],[27.65009452782672,47.087724695870897],[27.650100516063411,47.087785454174458],[27.65017939384926,47.08796655722999],[27.650243125943671,47.088142030260819],[27.650288671561473,47.088235143634826],[27.65037609772147,47.088413886249128],[27.650505103488399,47.088403499853989],[27.650474095866691,47.088519974715759],[27.650446906971926,47.088622109203456],[27.65049662868508,47.088720204728681],[27.650553567416704,47.088766417928134],[27.650548616346164,47.088790242120432],[27.650469374897931,47.088815173949641],[27.650299023341983,47.088837214368759],[27.650012271060039,47.08885774022221],[27.64978321314808,47.088889495041364],[27.649800325035834,47.08902997240223],[27.649845670672075,47.089080538686723],[27.650123959545322,47.089062548523806],[27.650235566326153,47.089070365607853],[27.650406664749973,47.089128336270143],[27.650706913867129,47.089419789338699],[27.650892824141625,47.089520876807107],[27.650965226519556,47.089560244819346],[27.651188448774693,47.089645688825371],[27.651386527671995,47.089756332174616],[27.651528062667875,47.089869771475904],[27.651904313189085,47.090112539984425],[27.652175514060914,47.090252761889168],[27.652227376708272,47.090363087129028],[27.652466580472161,47.090371541352475],[27.652490566954988,47.090485355674716],[27.65243605433438,47.090490715363842],[27.652424967027013,47.090561501711235],[27.652382500978483,47.090664294162032],[27.652346443820317,47.090751574193142],[27.652266561054084,47.09079666791208],[27.651859896074146,47.09091061062238],[27.651549120177453,47.090997685358765],[27.651247830162546,47.091165084958497],[27.651168329076647,47.091213513340314],[27.651196537913012,47.091251811439633],[27.651253789807672,47.0913013915915],[27.651392187826108,47.091388275823668],[27.651540621116673,47.091467053499223],[27.651770598643957,47.091580378066602],[27.652092237157785,47.09173886834612],[27.652209673451779,47.091731774631178],[27.652294082353858,47.091746573666562],[27.652420106850041,47.091818996983001],[27.652457909988915,47.091869124647694],[27.652469578005007,47.091924944360954],[27.652444722348402,47.092015877038229],[27.65238154442083,47.092097700883947],[27.652394754726732,47.092120023303842],[27.653326208788076,47.092415117998577],[27.653550303047691,47.092486112247357],[27.65368608987395,47.092439267812821],[27.653838155678997,47.092442262951558],[27.654169720843885,47.092541044897082],[27.65423525417399,47.092586960589223],[27.654328777673747,47.092581315997329],[27.6543900930889,47.092577615490526],[27.654477239334067,47.092545630341583],[27.654707192479005,47.092370632974188],[27.654816602915041,47.092230037846946],[27.654926012777988,47.092089442614608],[27.655022064088811,47.092023747536317],[27.655086679798114,47.091942066983556],[27.655202436104268,47.091893390697606],[27.655264464340544,47.091867307773697],[27.65528908672918,47.091820486349953],[27.655289184527739,47.091741451449437],[27.655440468601665,47.091554162338845],[27.655566884723275,47.091395234265434],[27.655948713010535,47.091676751648421],[27.656290042592783,47.091928406492052],[27.656472371004096,47.091995275391724],[27.656674544853541,47.091872873866308],[27.656826827706148,47.09172045961013],[27.657031369113884,47.091599907493048],[27.657246570650891,47.091607041537912],[27.657587737107626,47.091682601350875],[27.657767618718307,47.091722439462252],[27.657975438567405,47.091828230861587],[27.658129475519914,47.091970600041442],[27.658176883768963,47.092144635283653],[27.658126607139039,47.092418418683984],[27.657994942922659,47.09273299983748],[27.657999196340619,47.092845221986174],[27.658155061285509,47.092969199045051],[27.658310926976856,47.093093177685127],[27.658453333307435,47.093118462403226],[27.658500679756386,47.093568754865011],[27.659064567737961,47.09354110084174],[27.659155893976607,47.093587306227093],[27.659192327794784,47.093776674885213],[27.659184185925469,47.093967591387603],[27.659127324006462,47.09428842923063],[27.65912581098145,47.094336669843152],[27.659122633193299,47.09443804720982],[27.659134431947333,47.094511324667721],[27.659146232063495,47.094584603015541],[27.659094350187395,47.094676802167349],[27.65897898156329,47.094791603162555],[27.658802330955709,47.09486112345688],[27.658624444056318,47.094965174832787],[27.658498208520879,47.095067609780621],[27.658393369815361,47.09503357485093],[27.6582440948734,47.094985113003453],[27.658163452890729,47.095059704661679],[27.657992340794504,47.095217973517606],[27.657847666613772,47.095351789396965],[27.657784860222684,47.095448447429668],[27.657726419980552,47.095570748118647],[27.657673277141953,47.095806423010274],[27.65760510213703,47.095921538308794],[27.657655571253763,47.096154477466406],[27.657714495871645,47.096330100601868],[27.657723317646912,47.09635639440372],[27.657607087797587,47.096398456503138],[27.657568661400134,47.0964512076647],[27.657567031819124,47.09651011411141],[27.657563598189984,47.096634307150346],[27.657599120645813,47.096819181218251],[27.657617539279862,47.097026225370016],[27.657582000826082,47.097045466061516],[27.657476943838695,47.097078323044045],[27.657475325017096,47.097116809677601],[27.657568160621206,47.097216403847128],[27.657726042100965,47.097385783328818],[27.657877592875067,47.097571752872341],[27.658050452865972,47.097748844995003],[27.65830599250009,47.097905790623088],[27.658498997232158,47.0980243245317],[27.658687384498997,47.098192794789284],[27.65885230143445,47.098340273610354],[27.658856174873904,47.098432824054612],[27.658792304870143,47.098552044723895],[27.658759591700683,47.098649322923315],[27.658668361012229,47.098701086818409],[27.65851841571483,47.098685575066632],[27.65836564364362,47.098749367378694],[27.658137187562453,47.098817705879824],[27.657834843609383,47.098926994639129],[27.657606079163987,47.099009683996144],[27.657404806692327,47.099120818211915],[27.6575442133393,47.099302354921917],[27.657708546459741,47.099639211689869],[27.657957778668209,47.100051654210134],[27.657961344013717,47.10017589516643],[27.657993115200043,47.100298250845803],[27.658154188573903,47.100425185392325],[27.658246555919526,47.100497974678831],[27.658345699990971,47.100458852847645],[27.658475268085951,47.100407724604203],[27.658604195489957,47.100399235492709],[27.658798331948137,47.100380856013572],[27.658982037079252,47.10036894055942],[27.659122833899811,47.100359807559897],[27.659260184337125,47.100336777814533],[27.659303848589662,47.100379118883531],[27.659365382473698,47.100586572244573],[27.659415261785995,47.100754737978029],[27.659406312674935,47.100958509881146],[27.659312486281255,47.101135895026907],[27.659253004423476,47.101520658697325],[27.659723280173942,47.10156475559392],[27.659869982155946,47.10157851081906],[27.659978681238957,47.101574667519209],[27.660008647026665,47.101554230797241],[27.660030741712433,47.101499709358478],[27.660191857696841,47.101102146543219],[27.660337965379501,47.100882162927654],[27.660724717944646,47.10094474890802],[27.660757118108137,47.100977646426564],[27.660972324245883,47.10101474525721],[27.661289445237184,47.101038280167835],[27.661312075414411,47.10110960236922],[27.66142376078319,47.101210763667616],[27.66156831703212,47.101290176039797],[27.661712875028055,47.101369588218695],[27.661845712088123,47.101404305973659],[27.662006899802606,47.101446432077893],[27.662156117527033,47.101505653495494],[27.662305335558695,47.101564872916832],[27.662484744637052,47.101672746879466],[27.662717714916727,47.101796345354416],[27.662900558127571,47.101893349124694],[27.663116968363422,47.102022647882862],[27.663427923915929,47.102260612509049],[27.663700930223786,47.102469535294119],[27.663999643478149,47.102661357649048],[27.664362130763706,47.10289413110381],[27.664500625483591,47.103006456865799],[27.664571974325895,47.103074100559276],[27.664643320725009,47.103141745121704],[27.664737865841168,47.10325171060947],[27.664775002336672,47.10338622818017],[27.664866342830891,47.103831084091176],[27.664913054068855,47.104047366189548],[27.664937932866078,47.104265327274305],[27.664971487717985,47.104474923229986],[27.665020876742958,47.104829308074038],[27.66506280392619,47.105010869596384],[27.665090187574677,47.105129446769219],[27.665132151833699,47.105246019853602],[27.665161144919569,47.105410720992793],[27.665180712547805,47.105592906326073],[27.665197171368792,47.105817417713794],[27.665218217846313,47.106104530282579],[27.665241548519187,47.10642273606441],[27.665252338076638,47.106569930734942],[27.665284117245474,47.106715702284525],[27.665308744120519,47.106786604396227],[27.6653602545565,47.106965010953658],[27.665410270994588,47.107163002700062],[27.665441994701972,47.107407578661295],[27.665416685338968,47.107559558817897],[27.665381940728068,47.107686724241375],[27.66539411042082,47.107722727283353],[27.665335382667145,47.107862860469019],[27.665224635607185,47.107864014843081],[27.665098807889944,47.107892149107784],[27.665008618629713,47.107912315900599],[27.664896487525606,47.107937387372075],[27.664810628155831,47.107947846340245],[27.664652430025487,47.107973467502369],[27.664477568697166,47.108019468042855],[27.664294509830675,47.108097842562529],[27.664089566287188,47.108195624154312],[27.663962155241311,47.108288276673527],[27.663820431615768,47.108391337934471],[27.663687110312445,47.108488287050776],[27.663547329535,47.108568744736097],[27.663442008196427,47.108625233660455],[27.663306913096836,47.108697693817476],[27.663193027078165,47.108758776420466],[27.663050596364606,47.108825604206729],[27.662932198966182,47.108856712113024],[27.662813801428666,47.108887819897475],[27.662543128750766,47.108939966320939],[27.662175466308199,47.109010796110461],[27.661997121166596,47.10906083628155],[27.661664486141007,47.109154167333564],[27.661295623529959,47.109232597874424],[27.661065327407734,47.109264536109578],[27.660902720691194,47.109301924343598],[27.660705163498129,47.109290453401933],[27.660393516354095,47.109272356479273],[27.660171522995682,47.109243414276214],[27.659977865981837,47.109218166087686],[27.659847129109092,47.109218991305106],[27.659601539609366,47.109273707454378],[27.659348772245398,47.109380455804995],[27.659250169494136,47.109414524382871],[27.659095049901303,47.10948904301182],[27.658947563417605,47.109547707816596],[27.658840426239671,47.109576263982596],[27.658647218555057,47.109627762108303],[27.658525966768028,47.109643234141451],[27.658404712284593,47.109658706961518],[27.658261127204383,47.10968700146141],[27.658185997190483,47.109732786320833],[27.658023973179645,47.109805753109463],[27.657874001476383,47.109889878939249],[27.657778678885723,47.109908120406729],[27.657423046921579,47.109895273026972],[27.657121858991236,47.10986294961949],[27.656787689637643,47.109827085510425],[27.656671429697713,47.109862706389883],[27.656573573624463,47.109990067104796],[27.656488195626984,47.110016812691391],[27.656376544472295,47.110035398538621],[27.656261622590605,47.110035819479286],[27.656149909408867,47.110017409381712],[27.656060029714705,47.110011527097988],[27.65598770107621,47.110012274305475],[27.655915954607082,47.110018566690485],[27.655837593346824,47.110039068852551],[27.655726420950295,47.110080988378513],[27.655645106633763,47.110111651472877],[27.655572246659389,47.110139124698556],[27.655489332967598,47.11016471080876],[27.655426336498937,47.110178059032194],[27.655363341327469,47.110191408113366],[27.65529767493825,47.110195673025025],[27.655235938919656,47.110211529050162],[27.65512231780065,47.110246339578381],[27.654978683083367,47.110282138700434],[27.654856637706231,47.110307372199614],[27.654770458180511,47.110325189943296],[27.654641438279182,47.1103348027629],[27.654500132486184,47.11035160895814],[27.654411122908709,47.110367386415021],[27.654312148116883,47.110398497706832],[27.654219263119739,47.110437387642165],[27.654141963751297,47.110480221680135],[27.654008053599306,47.110567648586368],[27.65392586219976,47.11063682240863],[27.653866127704088,47.110673040968102],[27.653776699790956,47.110714344936767],[27.65364488476477,47.110775226990874],[27.653535386470828,47.110814408243414],[27.653534108127641,47.110836066244055],[27.653650114984316,47.110858233813524],[27.653806524763237,47.110867457383833],[27.654081659654601,47.11101643906273],[27.654142383184766,47.111124385411095],[27.654150555484122,47.111206903876003],[27.654239219855395,47.11129878731456],[27.654441149741729,47.111357230775894],[27.654727499237168,47.111440104969347],[27.655083276008522,47.111521758023862],[27.655272293705504,47.111554599873536],[27.655415903526833,47.111644700372821],[27.65549078303922,47.111691678463238],[27.655580265503129,47.111724666441773],[27.655591489121594,47.111863873998992],[27.655602714087305,47.112003078844509],[27.655615756943003,47.112164834644041],[27.655649907431769,47.112257839770898],[27.655684056712083,47.112350843993234],[27.655718207431015,47.112443848195731],[27.655719283922146,47.112577522964571],[27.655754586768293,47.112669229253868],[27.655845742134282,47.112811520983122],[27.655900480763719,47.112896968073279],[27.656051155178194,47.112982024966989],[27.656243893729275,47.113090827413622],[27.65638567067613,47.113170861414815],[27.656590285590898,47.113219853326889],[27.657074263305642,47.113335733887908],[27.657228485502085,47.113320915603587],[27.657672143395452,47.113453695839894],[27.657845198719144,47.113468662029597],[27.657998694805414,47.113522605393037],[27.65815219120028,47.1135765485487],[27.658479516652854,47.113651567750161],[27.658688154377302,47.113699383661903],[27.658787375503188,47.113722123077757],[27.658831518374662,47.113827262004257],[27.658881734545844,47.114054601526043],[27.658909550652005,47.114180526674758],[27.658987780739491,47.114296139110465],[27.659142032913667,47.114463546565922],[27.659202579939635,47.114529256141687],[27.659242939496934,47.114592955499738],[27.659278795985916,47.114708394965454],[27.659427659875451,47.114963802703969],[27.659478213016886,47.115105451472907],[27.659543709399433,47.115237602510611],[27.659609206098285,47.115369752606398],[27.6596563522643,47.115436497457011],[27.659748949296336,47.115530490200655],[27.659879827775125,47.115663344260675],[27.659979050749033,47.115743146506205],[27.66004859966888,47.115821649290083],[27.66010941187567,47.115913168498601],[27.660146164278213,47.115992425337147],[27.660175282169934,47.116107103355453],[27.660197903506795,47.116256376223646],[27.660214220122068,47.116444243625168],[27.660213656916582,47.116568480964439],[27.660213014853003,47.116710108594475],[27.660212805991986,47.116756100860187],[27.660220532015355,47.116804688485118],[27.660229450115612,47.116860766890369],[27.660232437687334,47.116879560390728],[27.660234098707349,47.116890008115853],[27.659896353974688,47.117461760665449],[27.659558602071797,47.118033513098013],[27.659556028202612,47.118037729374848],[27.659419841503102,47.118130558569845],[27.659378865266518,47.118158777471869],[27.659147080954529,47.118342303896853],[27.658949835685402,47.118554921660603],[27.658864712084174,47.118676433770638],[27.658797114766969,47.11875214282415],[27.658729515918296,47.118827850045712],[27.658506756569519,47.118980912413875],[27.658132011356582,47.119160859118622],[27.657763747002114,47.119345299977731],[27.65753108664137,47.11944478192224],[27.657358833074504,47.119517775750282],[27.657092021837709,47.119637480108011],[27.656752778539147,47.119788727182637],[27.656289630405212,47.120001674968854],[27.65602928669065,47.12010267124959],[27.655863698289792,47.120181242480228],[27.655636854972837,47.120221587933116],[27.65535597862484,47.120253537734278],[27.655171134625867,47.12027400157811],[27.654998635009598,47.120304440590495],[27.654869571075984,47.120341756124972],[27.654631038683739,47.120437281137853],[27.654469342536306,47.120467345355962],[27.654287227210951,47.120510565878888],[27.654145798688884,47.120550324158046],[27.653842529203637,47.120700411375608],[27.65379959724606,47.120723597504416],[27.653778201602659,47.120737543299349],[27.653697286835264,47.120789859628935],[27.653603368599345,47.120892393086926],[27.653504831408217,47.121009313708605],[27.653412871647827,47.121138780385692],[27.65338077236289,47.121173093438188],[27.653346684296395,47.121209611687604],[27.653314047067994,47.121243172805471],[27.653221013984194,47.1213433981466],[27.653138422521277,47.121424613689129],[27.653085210177416,47.121471145680395],[27.653055549365121,47.121489402006169],[27.652962182877385,47.121543812587504],[27.652786645924223,47.121618133817073],[27.652694173460972,47.12165028730994],[27.652482835800431,47.121700979235996],[27.652322391164446,47.121730300796408],[27.651975238967637,47.121758445251864],[27.65185002498897,47.121759985762779],[27.651418956129657,47.121738408187383],[27.651215039512817,47.121733916561283],[27.65092135792916,47.121733328092972],[27.650141301994243,47.121782681148289],[27.650046768914727,47.121791499993542],[27.650069353270649,47.121867015069689],[27.6502473520523,47.122059276060575],[27.650525951271714,47.122387383551043],[27.650960510509691,47.122899067579787],[27.651011784723728,47.122959245948394],[27.650784422588806,47.123042961616889],[27.650417618402564,47.12317613050184],[27.650149282688208,47.123255069830165],[27.649516676558783,47.123508628441286],[27.649210161231164,47.123619333879532],[27.64915244656984,47.123780229485149],[27.649185389315402,47.123926951399731],[27.649254094046491,47.123997387355189],[27.649388414734453,47.124046583514797],[27.649491653521522,47.124072869827074],[27.649654627859086,47.124118079689488],[27.649712843783892,47.124146036627053],[27.649798722850516,47.124194363337985],[27.649760375572942,47.124202810999343],[27.649725245276549,47.12432593218179],[27.649639101309234,47.124455443741994],[27.649468983013939,47.124659718516831],[27.649290318339798,47.124863964087524],[27.649158619889459,47.12500879985604],[27.649076298925877,47.125110729271768],[27.649018870074464,47.125211603330513],[27.648941716730015,47.125408382888516],[27.648859106726846,47.125659885034665],[27.64881268284859,47.12584724794452],[27.648671749967697,47.12608208010689],[27.648616264862131,47.126215233538105],[27.64861942094922,47.126322258590903],[27.648642323238409,47.126611667158109],[27.648601146707257,47.126879947192862],[27.648524144626439,47.127083633782455],[27.648402880946005,47.127262741919203],[27.648298132389439,47.127399138159838],[27.648233710304403,47.127470492745054],[27.647703593454128,47.127933503778465],[27.647173467430179,47.128396513265834],[27.647119795907688,47.128669908789405],[27.646529450819042,47.129269913578291],[27.646308966222438,47.1296653181682],[27.645975097243817,47.130506017697968],[27.64598205313164,47.13071339168868],[27.645531404012235,47.131634351674393],[27.645455782219202,47.131873427823038],[27.645370327988434,47.132184094555029],[27.645247100326557,47.132320495702153],[27.644959105053264,47.132734296524241],[27.644877648651608,47.132809246411384],[27.644474328219793,47.133133122510152],[27.644353536920828,47.133263739963148],[27.644192893293962,47.133507602863908],[27.644132178340353,47.133637164113914],[27.643802116210971,47.134166726010541],[27.643099679557828,47.134905044276472],[27.642594756748341,47.135107283113264],[27.642486886115645,47.135191370832743],[27.641810558416491,47.135507632057525],[27.64170530013055,47.135754335931836],[27.641705087037735,47.135754490101611],[27.641530495104821,47.135765636445441],[27.640871642739384,47.135807696247277],[27.640862532252704,47.135808278134682],[27.639966667683733,47.136006404549448],[27.639897969225924,47.136116383066209],[27.638684084449636,47.136479222887395],[27.638684476741371,47.136480927732507],[27.638708183349767,47.13658401116912],[27.638737668916704,47.136712221530139],[27.638563778547667,47.136730840861993],[27.638479443702142,47.136739873120455],[27.638305227866329,47.136758528968151],[27.638513080374793,47.13747418910534],[27.63841400072759,47.137491254654265],[27.638686815157353,47.138228786028399],[27.640020775390543,47.13811821047252],[27.640319191026581,47.138082825043789],[27.640473801212011,47.13824970244444],[27.640592119784603,47.138194548092962],[27.640801207404607,47.138097080247327],[27.641020744699901,47.138035655873772],[27.641124727207895,47.13801888278028],[27.641207429338785,47.138005542894092],[27.641605164686805,47.137941382142309],[27.641810992710244,47.137908179719787],[27.641822176825162,47.137804601802891],[27.641833359580065,47.137701023890656],[27.641882261222285,47.137663653199851],[27.641942532914239,47.137635040985487],[27.642085159219707,47.137611730740517],[27.64259268235967,47.137569898403505],[27.642920899618588,47.137542844471497],[27.643427980063212,47.13750104421127],[27.643666507275423,47.137491985155648],[27.643757785885608,47.137498928443478],[27.643831182794933,47.137536602460273],[27.644005748036768,47.137569331683736],[27.644273174114797,47.137560361749713],[27.644531550947825,47.137512436827208],[27.644996152035837,47.137426260829344],[27.645225217339188,47.137432297444654],[27.645219885031473,47.137526539103632],[27.645207122292742,47.137752091320323],[27.645115617340849,47.138327997089881],[27.645068492045745,47.138550807436879],[27.645021367695975,47.13877361865012],[27.645009977741807,47.138898388796804],[27.645078919969013,47.139168844520491],[27.645114182278213,47.139292105636379],[27.645169607550564,47.139326724192571],[27.646337019923013,47.139301809397949],[27.647137978843791,47.139352600663045],[27.647128586763998,47.139444792942932],[27.647046307773127,47.140222666206881],[27.647026167492314,47.140345544958208],[27.647873429742688,47.14034873158058],[27.649678339769356,47.140399227076919],[27.651034095252456,47.140437138218516],[27.65176824867898,47.140468601369363],[27.652531849596681,47.140512147244586],[27.65431473739137,47.14061379539968],[27.655234128902748,47.140637457957048],[27.656174712795508,47.140687766131371],[27.657359995631964,47.140729671606685],[27.657983489804952,47.140761598524911],[27.65964387745468,47.140818545048944],[27.660015737390012,47.140831294823442],[27.66071875478853,47.140855396784168],[27.660780310278305,47.140830868818455],[27.661120285065198,47.140695398757551],[27.662077283924791,47.140314054527231],[27.664297577039608,47.139453823830287],[27.665058460365767,47.139154346859435],[27.665819335110346,47.138854864861699],[27.666284504506333,47.138677699960958],[27.667021620929706,47.138396958115003],[27.667481153000949,47.138221934029204],[27.668677779609215,47.137766153871404],[27.669097929413336,47.1376068685299],[27.670045556493708,47.137228921738952],[27.670627225613767,47.136970760469261],[27.67088761716785,47.136854355169049],[27.671682681761677,47.13650221519466],[27.672353847545555,47.136208049632145],[27.672699795880295,47.136072721450546],[27.673103450388403,47.135927796289096],[27.673942557809827,47.135673381839759],[27.674601336374316,47.13558302842803],[27.674619999746241,47.135642660188523],[27.674658623602372,47.135766045514373],[27.674715435266386,47.135986286255878],[27.674781900127552,47.136243930345501],[27.674738189111554,47.136342669347187],[27.674492958490294,47.136446821751193],[27.674309159253372,47.136547420216196],[27.674193204325544,47.136622837868096],[27.673794856421381,47.136925159729067],[27.673533740568541,47.137149672398799],[27.673378639055475,47.137227892984839],[27.673402091564739,47.137339979264745],[27.673673960079586,47.13756501114797],[27.67552167445789,47.13835339536201],[27.677065964966882,47.138987767157275],[27.677377089772108,47.139124114622568],[27.678060954336306,47.138879335608159],[27.67870581470633,47.139169241409775],[27.679685193161749,47.139609520602846],[27.680225465959399,47.139842604856973],[27.680556219652832,47.14005883357207],[27.681268185903654,47.13985623294684],[27.681757052878403,47.14033595657245],[27.681890792649273,47.140467194120106],[27.6822886470028,47.140509547167319],[27.682525192118128,47.140501700404492],[27.683147669307907,47.140481047237849],[27.684610049569056,47.140521092545953],[27.685514493596692,47.140519688797944],[27.685765702651651,47.140507774708958],[27.685857011708361,47.140494513031975],[27.686162834600363,47.140421554879346],[27.687705650432811,47.140019611592756],[27.689116773377222,47.139651955958165],[27.689362738930573,47.139577061882093],[27.689432627704001,47.139694945744964],[27.690692592227535,47.140164045070847],[27.691952577477426,47.140633129491903],[27.691934002487738,47.140688570425539],[27.691933248309468,47.140690821029189],[27.691837691955385,47.140890587378387],[27.691446516415159,47.141565866455053],[27.690976445284392,47.142279854139659],[27.690636887236082,47.142795594312972],[27.690271081697151,47.143279001303362],[27.690093240789544,47.143514013545968],[27.689778544902225,47.14397398011954],[27.689665313073853,47.144130086350636],[27.689665292357052,47.144130116170686],[27.689552037810433,47.144286250317442],[27.689366745105847,47.144573594312021],[27.688963461708049,47.145173924211811],[27.688582671256878,47.145712725492878],[27.687956104832701,47.14655244122617],[27.687848617050307,47.146696491682683],[27.687606095184858,47.146931479743486],[27.687329436274339,47.147199537623621],[27.687162979270969,47.147457104656056],[27.687015765975762,47.147720189132677],[27.686877002751419,47.148009331212563],[27.686817957249389,47.148139846073931],[27.686790202362619,47.148231150973551],[27.686774573948252,47.148323653762702],[27.686420455971636,47.148311066289267],[27.685856301879024,47.148265248414951],[27.685750743115506,47.148267303053075],[27.685659035538361,47.1483030220516],[27.685270053795723,47.148278620296722],[27.684691485479799,47.148246964787148],[27.684095795664462,47.148214370169349],[27.683792325130344,47.148187504506197],[27.683642792080317,47.148181119863786],[27.683378708146225,47.148181168546806],[27.683225697095068,47.148185191165986],[27.683040763360083,47.148196412922744],[27.682835520581097,47.148217914836735],[27.682630274960211,47.148239413700082],[27.682443434327954,47.148281295008161],[27.682140408440695,47.148372239784905],[27.681484858450894,47.14854429171119],[27.681070871406256,47.148661894205539],[27.680669363186112,47.148766382114893],[27.680529350540613,47.148814738163111],[27.680199059596966,47.148910863667624],[27.679897181940841,47.14899871726319],[27.679215129555836,47.149178735925247],[27.678548603186336,47.149367794802373],[27.677645159587666,47.14961424426847],[27.677370077297976,47.149692489569631],[27.677021509232276,47.149791635799254],[27.676574523516464,47.149912535029081],[27.675976003154918,47.150079407869683],[27.675382844732315,47.150247406777964],[27.675021033827086,47.150346857144356],[27.674771355230021,47.150415483591438],[27.674685880681814,47.150438977498709],[27.674600404738733,47.150462471350302],[27.674435750645515,47.150500660773289],[27.674292386864135,47.150533913103374],[27.674167045627748,47.150557597190122],[27.674071874355839,47.150575578488812],[27.673900317445884,47.150589604300215],[27.673530337444635,47.150629935094926],[27.672922107830772,47.150685159658188],[27.672144234528734,47.150755784120605],[27.671551007701673,47.150809640071422],[27.670971830960163,47.150865320150437],[27.670058150142651,47.150946033047326],[27.669144470449069,47.151026739545991],[27.668785512283431,47.151063572066448],[27.668440199886437,47.151090443405998],[27.66822411761332,47.150763866357131],[27.667985340989279,47.150467191196675],[27.667492770002529,47.150345883951111],[27.666817783467732,47.150533011583526],[27.666295019680177,47.150789836517838],[27.666163452170537,47.150854471756325],[27.665645455272255,47.150871546772862],[27.665616804962681,47.150872490727146],[27.665588154663229,47.150873435574084],[27.665618274778478,47.151049057532838],[27.665653321680406,47.151253399480836],[27.665654439984387,47.151342961146952],[27.665335184704997,47.151370837918854],[27.664924673273447,47.151414980232062],[27.663944833150783,47.151505714405133],[27.662956316054913,47.151597245388992],[27.662113834291596,47.151675246668802],[27.66179123619893,47.151705112564812],[27.661767250804193,47.151375992593074],[27.661758204665038,47.151251887992174],[27.661720890202677,47.150739854564328],[27.661574735334646,47.150787087269919],[27.661313033480752,47.150864613789089],[27.661143691903376,47.15089743270925],[27.660904446289802,47.150902940010361],[27.660416288864198,47.150914176214179],[27.66015709252185,47.150920140716778],[27.66003355143825,47.150901009857826],[27.659650151667165,47.150755625552186],[27.659444627385351,47.150864372375956],[27.659048029873965,47.150887492758081],[27.658596794508835,47.150913797350853],[27.657981127513072,47.150939924439271],[27.657328465620616,47.150977747181386],[27.656915049245093,47.151001704466196],[27.656654791710793,47.151016783578662],[27.656257281945006,47.151039815838274],[27.656264706752616,47.151180807872052],[27.656266621970932,47.151217233004509],[27.655635825419598,47.151235393936084],[27.655579396889458,47.15139557195495],[27.655587054825538,47.151467920710715],[27.655665224737611,47.152034381288864],[27.65569810848644,47.152272670395874],[27.655707366727356,47.152339758409184],[27.655707659210549,47.152341874097793],[27.655710887265755,47.152365268991346],[27.655447239829286,47.152390588926529],[27.655428692644975,47.152392370580472],[27.655502849963124,47.152751716145367],[27.65551133172097,47.152872921488971],[27.655515463879141,47.1529319761285],[27.655308615155079,47.152959135759517],[27.655234839469308,47.153093729086237],[27.655169311773953,47.153274139077517],[27.655111360339873,47.153433692017437],[27.65505165278995,47.15359807549649],[27.654973657282508,47.153929806322978],[27.654750783741697,47.154413319742737],[27.654465808680587,47.155031546834735],[27.654397978638031,47.155178693690608],[27.654293426806962,47.155315467040573],[27.654064339260824,47.155475872548145],[27.654048229984983,47.155483662794516],[27.653756986093192,47.155624494331086],[27.653514149677751,47.155758435034357],[27.653286987626434,47.155904612060375],[27.653215830801621,47.155975812212112],[27.653179745375311,47.156077210388553],[27.653179556782277,47.15616807173032],[27.653147397326926,47.156256245719518],[27.653012523517155,47.156393343726165],[27.652846230688056,47.156513316399916],[27.65262712187042,47.156616976596204],[27.652309007875107,47.15698010762749],[27.652027147550559,47.157301847702591],[27.651917593809753,47.157454928387246],[27.651867539200538,47.157475834326114],[27.651797457961131,47.15750510497049],[27.651764651341502,47.157503280451259],[27.651584350321624,47.157493255905678],[27.65133593322815,47.157479443958067],[27.651144347779848,47.157521479249141],[27.651000689776172,47.157617617451677],[27.65084443220174,47.157762453463612],[27.650675695079407,47.157918854900075],[27.650533683005342,47.158032186601808],[27.650373144029153,47.158115566329599],[27.650206289030752,47.158165617730234],[27.650048353306357,47.158227685339696],[27.6499490363144,47.158300626065817],[27.64989618279068,47.158375908200071],[27.64989704756367,47.158488263771055],[27.649897806559338,47.158586859347551],[27.649865643519888,47.158682982617862],[27.649773708648045,47.158829014371442],[27.649737404499756,47.158945410540284],[27.649753480297424,47.159082123502571],[27.649765930687145,47.159187986578893],[27.649766857992333,47.1591958739521],[27.649734958661284,47.159322442290907],[27.649614328822302,47.159457507234087],[27.649495250930777,47.159570901026719],[27.649425995185496,47.159636849934024],[27.649274715291735,47.159795729266264],[27.649082451021901,47.160094598063289],[27.648948463852001,47.160237141077296],[27.64881097762709,47.160308632272873],[27.648680488352667,47.160356254612573],[27.648534817640464,47.160374067756358],[27.64835415468853,47.160369309726057],[27.648179244146043,47.160338100909833],[27.647716193597699,47.160338680921591],[27.647119232958602,47.160339427081603],[27.646650841877381,47.160340009558617],[27.646400178382144,47.160391826932781],[27.64620431170977,47.160481388646282],[27.64607642457133,47.160581947121081],[27.645926661277194,47.160777847884916],[27.645909112888916,47.160800802253426],[27.646327559210846,47.160936676104861],[27.646926581424562,47.161131181117184],[27.647713280439778,47.161386618428352],[27.64835581020019,47.161595238842651],[27.648612458982598,47.161678567653553],[27.648943417338035,47.161786021210638],[27.649116284524045,47.161826900379303],[27.649133430933777,47.161855947728391],[27.649184613069952,47.161942661985535],[27.64921020895072,47.162019494137262],[27.649224744063474,47.16206312672395],[27.649245425141608,47.162125203000699],[27.649237288821766,47.16219711873736],[27.649247513937794,47.162286146438042],[27.64933525091309,47.162543193967146],[27.649375337922923,47.162660632677849],[27.64944615923773,47.162755838092707],[27.64950766190503,47.162818984972404],[27.649606425371402,47.162903592640681],[27.649714127597743,47.162995859483893],[27.649813578537689,47.163064082113188],[27.649906257473649,47.163127660229669],[27.64993688363344,47.163165482851333],[27.649977248116386,47.163226234305725],[27.650013649104238,47.163281022399985],[27.650099675565173,47.163387579180487],[27.650160982070204,47.163446744059193],[27.650270745281397,47.163517550634154],[27.650389948916146,47.163566623303154],[27.650544528146842,47.163598943932968],[27.65075113979827,47.16364214228976],[27.650957751781121,47.163685340271911],[27.651078554590651,47.163695785865571],[27.651371295269275,47.163735298178402],[27.651512926542853,47.163765523372113],[27.65162602253011,47.163809154772544],[27.651744032029065,47.163881365392221],[27.651836325061666,47.163969285209561],[27.652183376027828,47.164174640997082],[27.652341885482986,47.164286566774898],[27.652479766568309,47.164410549998486],[27.652700576202577,47.164591439829721],[27.652875883492666,47.164765879245742],[27.652964521268117,47.164881799056865],[27.653075308897289,47.164988489596773],[27.653186096971243,47.165095180025361],[27.653230189361143,47.165166852193863],[27.653261339616964,47.165253806590663],[27.653294506037359,47.165493249641713],[27.653328884662187,47.165741462041822],[27.653348847291795,47.165837729814491],[27.653366653176025,47.165923598565854],[27.653400727306646,47.166022439513554],[27.653439177803396,47.166067454985168],[27.653449842972929,47.166079941721911],[27.653546979269485,47.16615501947787],[27.653694042402872,47.166224170180143],[27.653922234953615,47.16634276354732],[27.654172940927982,47.166473057386625],[27.654351632828021,47.166565923159766],[27.654458964333635,47.166645529360629],[27.654591952137135,47.166784339659941],[27.654700736670087,47.166932628615037],[27.654836860594184,47.167155691163387],[27.654872069019703,47.167222215900672],[27.654921874861131,47.167316324096703],[27.654990872421656,47.167412769246056],[27.65504755013292,47.16746488238676],[27.655103671441346,47.167516483964199],[27.655246951054764,47.167698094690792],[27.655348553229462,47.167839507811344],[27.655515550990362,47.168071938553616],[27.655563401257002,47.168138536506859],[27.655574687424785,47.168317446624307],[27.655560499264517,47.168550082530814],[27.655587792752186,47.168798175401662],[27.655592730708211,47.168857394437907],[27.655611949463676,47.169087828870545],[27.655603410656131,47.169722182140745],[27.655520758583034,47.170128612524167],[27.655508676714589,47.170188018023985],[27.655438092783843,47.170535099587674],[27.655320352087415,47.170704870999437],[27.654891491998431,47.171415601919996],[27.654668601468881,47.171575459793338],[27.654299294213917,47.171920065653893],[27.653802213863525,47.172435143454393],[27.653320248160604,47.173081173105096],[27.653243172450651,47.173145688492887],[27.652684485860078,47.173887369905316],[27.652602972193392,47.174054694076119],[27.652511045106824,47.174243384221477],[27.652411232606372,47.174533799004628],[27.652400935826176,47.174612063883004],[27.652362495949234,47.174904218541897],[27.652321015256323,47.17528011101782],[27.652299613671129,47.175474048627947],[27.652283216732851,47.176026668824662],[27.652291812458817,47.176095466731411],[27.652356390599618,47.176612360559389],[27.652481920873701,47.177240174866043],[27.652508639210428,47.177373795699708],[27.65251183622193,47.177389790370022],[27.652549651447274,47.177779812304216],[27.652593137071968,47.178016364427307],[27.65266342573517,47.178499099375991],[27.652671881864748,47.17855718437616],[27.652672799754136,47.178563484413743],[27.652683590172874,47.178789430803569],[27.652686776681215,47.178856141212975],[27.652687542081171,47.17887218212249],[27.652640830171954,47.179036624530617],[27.652578692631543,47.179255364596102],[27.652500245638905,47.179910446847195],[27.652497439269631,47.179933889587076],[27.652490662951138,47.17995937780578],[27.65245966155193,47.180075979064441],[27.652402968807227,47.180289215982448],[27.652260088809069,47.180656903821252],[27.65215882453159,47.180649737094072],[27.651912963130876,47.180603085210343],[27.649777748786537,47.180502910483789],[27.648936702870206,47.180457707056867],[27.648777245975275,47.180479085421908],[27.648775464507626,47.180479324072955],[27.648748123784834,47.180477834871908],[27.648087498756809,47.18044184369532],[27.648082805177459,47.180288242976999],[27.648069430520248,47.179850526112503],[27.648066241764074,47.179503230848304],[27.648073370369023,47.179376916939844],[27.648088299136372,47.179112349671811],[27.648126627102133,47.178837473581346],[27.648203226922323,47.178551696076603],[27.648350826573029,47.178102928651647],[27.648485424479837,47.177720178498866],[27.648573957470109,47.177369566241758],[27.648615303487581,47.177239003793453],[27.648647185316403,47.177138327731278],[27.648805170584357,47.176758174867025],[27.648963153601354,47.176378019971146],[27.649037365535033,47.176123926529904],[27.6491057226112,47.175889865434137],[27.649194562355582,47.175500787526467],[27.649223718888472,47.175373094231269],[27.649222796441826,47.175181885189943],[27.649192028174181,47.175013829323085],[27.649134221631094,47.174768899227679],[27.649057567764558,47.174588148119341],[27.648850287463912,47.174306232100776],[27.648367190365402,47.173649171478004],[27.647788785807133,47.173028941500043],[27.647404506708966,47.172636365204816],[27.646975395056486,47.172224375400013],[27.646703098402828,47.171941105636286],[27.646382993974701,47.171652006662612],[27.646190842554443,47.171449986531321],[27.646003400434221,47.171285801756589],[27.645902315129163,47.171223832806675],[27.645864601131752,47.171200712232462],[27.645804828785781,47.17111322708697],[27.645798845236126,47.171104468347899],[27.645339719569819,47.170481986665045],[27.645188381363408,47.170413809508325],[27.644720993761506,47.170203251088601],[27.644359952066512,47.170040599262855],[27.644394331410872,47.1698455326474],[27.644390622602085,47.169635014709705],[27.644388349042714,47.169506064043695],[27.644387526760362,47.169459462537702],[27.644337139967099,47.169254086143113],[27.644267493125206,47.168970195099192],[27.644221155018393,47.168712613335174],[27.64421049730749,47.168604467625372],[27.644189612366358,47.168295539201729],[27.644181216378474,47.167948824046647],[27.644234229497261,47.167378633004596],[27.644249440134907,47.167215031357756],[27.644233184285813,47.167128610790485],[27.644216927171509,47.167042190226773],[27.644108659811426,47.166929374185969],[27.644010912248522,47.166871295528431],[27.643791500040528,47.166826899873442],[27.643601571750153,47.166812116135674],[27.643259341469395,47.16681884443306],[27.642876920550037,47.166856441792774],[27.642860066864618,47.166862444813781],[27.642669200160434,47.166930436989446],[27.642572099919509,47.16696736908326],[27.642536914062781,47.166980752903434],[27.64250522781068,47.166995153717224],[27.642334936816585,47.167062445926845],[27.64202107012845,47.167186287681972],[27.641937119504291,47.167220425280775],[27.641655397318893,47.167332097143621],[27.641443745181871,47.167413864374822],[27.641205902979742,47.167511282293624],[27.640927098477576,47.167623014313783],[27.640725235930002,47.167704557168129],[27.640559274934514,47.167768555138395],[27.64032266951013,47.167865065345168],[27.640124344080935,47.167944308034819],[27.639965725221675,47.16800813723578],[27.639737341281872,47.168098645965465],[27.639643628551909,47.168135843702558],[27.639477834666096,47.168204199858643],[27.639299711050995,47.168270146382852],[27.639004722711295,47.168389351817623],[27.638748124997612,47.168491791426952],[27.638491524973837,47.168594230471811],[27.638297896069773,47.168668891448078],[27.638100813785293,47.168751401859858],[27.637851728760051,47.168849008583464],[27.637473323683597,47.169003979347735],[27.636372234343959,47.169440513822273],[27.635971539319801,47.169690895231213],[27.635693092512135,47.169872848747843],[27.63481561232723,47.170434298313509],[27.634258804230885,47.170793447284161],[27.634085340423084,47.170904487513646],[27.634357434753063,47.171142390778193],[27.634341974214859,47.171221037194798],[27.634329790829693,47.171283007375209],[27.6342556751069,47.171544320341752],[27.634145910686396,47.171752926406789],[27.634059363440063,47.171905526566484],[27.633972671253726,47.172013500132316],[27.633775650529152,47.17221358923139],[27.633608638477089,47.172367167772684],[27.633396493550578,47.172562249383247],[27.633144481133751,47.17273386590049],[27.632992566658139,47.172659394874508],[27.632828569747062,47.172597986970345],[27.632624896431764,47.1725394543055],[27.632576295710688,47.172525486099843],[27.632504558599319,47.172504869720413],[27.632339274868336,47.172473928251939],[27.632187384294539,47.172419772011146],[27.632106676429299,47.172380106400581],[27.631944579141607,47.172289566596319],[27.631706501425381,47.172168550894263],[27.631530315480965,47.172067936943066],[27.631310860916546,47.171942616336011],[27.631124718796343,47.171836317359102],[27.630944281647228,47.171713387963337],[27.630710177201461,47.171534115188614],[27.630562498262272,47.171421022899366],[27.630377043385739,47.171295686118434],[27.630209517936365,47.171182466814436],[27.630034651076095,47.171042130962093],[27.629847214740888,47.170994191610802],[27.629828262526399,47.170989343914478],[27.629840747638802,47.171019536444405],[27.629854726169008,47.171066552520401],[27.62984969970892,47.171101245209542],[27.629845323412304,47.171131441355556],[27.629751565430674,47.171256374125889],[27.629556158543178,47.171489615707515],[27.629439757091806,47.171624871584775],[27.629157181505796,47.171934161954816],[27.629028465407547,47.172075045226059],[27.628865010304896,47.172253944380302],[27.628806105629998,47.172233118464625],[27.628683176560347,47.172190587586272],[27.628412416325251,47.172096862369791],[27.627966838666445,47.171943699463178],[27.627888721658373,47.17191684678658],[27.627509930571886,47.1717900560731],[27.627462683806019,47.171774239880996],[27.627013122814827,47.171644648737718],[27.626870716795821,47.171843438984695],[27.626563105078834,47.172272957934759],[27.625802033458228,47.17333760830649],[27.62545674560301,47.173819230783927],[27.624203317871114,47.175567494659106],[27.623708433337093,47.176251598013437],[27.623199813686881,47.176967274990858],[27.622726745757348,47.1776270591089],[27.622610603815641,47.177781373439281],[27.621966885119484,47.178687844744147],[27.621775840359991,47.178949512246668],[27.620352702861414,47.180915776642287],[27.619177688820653,47.182539104534847],[27.618921726598412,47.18289271289968],[27.617261168173794,47.185170296769229],[27.616424556373975,47.186317693001669],[27.612871896347649,47.191241380014866],[27.612284864822726,47.192132230738231],[27.610878739447195,47.194177667131207],[27.610707264341428,47.194427092768329],[27.610565524012934,47.194631391495847],[27.610205109935865,47.195150865501077],[27.610205038496726,47.195150967564565],[27.610076925541744,47.195333879244259],[27.610019519877937,47.195415840849016],[27.610012692735122,47.195425586574878],[27.610059105929018,47.195455982011133],[27.609995890126708,47.195448099385054],[27.609705997492899,47.195411953205983],[27.60864585462723,47.195279757522108],[27.608069250239055,47.19520785374705],[27.607501468912051,47.195108548463551],[27.607023803156615,47.195001986169345],[27.605877078559146,47.194833309052093],[27.605489812730159,47.194776341577274],[27.605102545067538,47.19471937190319],[27.604666485886046,47.19470603298452],[27.604090124373098,47.194630309636857],[27.60283337322327,47.194469892056972],[27.598263104432714,47.193886397299778],[27.597859563594909,47.193834868318682],[27.597723151222024,47.193752900121403],[27.597337672841878,47.193625392556555],[27.596727770439109,47.19342364634052],[27.596488434974511,47.193354641422175],[27.596363610856322,47.193305978588434],[27.596332598401396,47.193257765903027],[27.596308799133773,47.193196943867292],[27.596296408869865,47.193165275161633],[27.59603593120077,47.193164213593775],[27.59594293484545,47.193233135426091],[27.595610250522316,47.193400812109516],[27.595389934884775,47.193525898938887],[27.595244469608573,47.193608489818615],[27.595129511021444,47.193690866256425],[27.595029697653754,47.193781954548065],[27.594966774229103,47.193873671844841],[27.59485572460947,47.19406836760357],[27.594662999080064,47.194406251014634],[27.594429237774712,47.194792344959922],[27.594307212295664,47.194978869778403],[27.594063428228132,47.195381147422772],[27.593823825531018,47.19584425334196],[27.593472171899993,47.196479591705462],[27.593081658446074,47.197070244720038],[27.592906317423054,47.197425369677596],[27.592637916684694,47.197833299264204],[27.592214817525718,47.198504506606398],[27.591939542091467,47.198928223657759],[27.591796191372236,47.199148877307415],[27.591640595293818,47.199339009952368],[27.591519698975986,47.199486741438179],[27.59142122833433,47.199656936928626],[27.591306813547774,47.199880031224673],[27.591066950407058,47.200210701641524],[27.591016013033915,47.200280919530464],[27.59098505919038,47.200271329346471],[27.587859609961889,47.199403445312555],[27.587821840298485,47.199393107276805],[27.587753200970639,47.199494391828061],[27.587540653262856,47.199808020081342],[27.587287673335712,47.200123818654184],[27.587124165813883,47.200443099509961],[27.586888862895972,47.200763292318243],[27.586809878736418,47.200923787991712],[27.586569717228166,47.201220161722411],[27.586431055079572,47.201391276700512],[27.586262324521115,47.201549350897572],[27.586169456720242,47.201652190991872],[27.58601797718682,47.201878593808345],[27.585768920433949,47.202250833397009],[27.585558812791962,47.202634071067379],[27.585364720192988,47.202869857511253],[27.585207386055774,47.203085346065293],[27.585057190063811,47.203270106833109],[27.584972992403049,47.203319192430897],[27.584881149370293,47.203408136162103],[27.584783226992961,47.203551744207431],[27.584647806153928,47.203750346952006],[27.584550155424463,47.203925287900525],[27.584466090030748,47.20403800337639],[27.584386301545784,47.204129726022551],[27.584198160081165,47.204248744627449],[27.584036253884435,47.20440708840659],[27.583865921271471,47.204605024097035],[27.583768347719332,47.204718410781737],[27.583618054689186,47.204867265279823],[27.583437031172377,47.205022287052252],[27.583232736755349,47.205207891335824],[27.583028443546571,47.205393494342132],[27.582925274530453,47.205439361714006],[27.582905189947109,47.205389011251157],[27.582789894928425,47.20529643656775],[27.582557730749869,47.205070031444833],[27.58228744768509,47.20478817660787],[27.582066476949613,47.204594000115513],[27.581574682813276,47.20416183336387],[27.581271510560406,47.203895414352168],[27.580836411502649,47.203528190297291],[27.580499436437229,47.203268232318095],[27.580332729152708,47.203125100308803],[27.58024160149084,47.203082226987902],[27.580238852315166,47.202997809989377],[27.580235056083726,47.202881301619414],[27.580199395609924,47.202767324814864],[27.580154377649077,47.202671123284254],[27.580072297842804,47.202587055765498],[27.579959520819887,47.202506680883111],[27.579551482106044,47.202537529992355],[27.578036018469113,47.202452144311039],[27.576094137973293,47.202339649266143],[27.574716337488773,47.202263149457522],[27.573457361642024,47.202189517204559],[27.573363025657603,47.202184100738428],[27.572947330479156,47.202685389790588],[27.569706797301173,47.206596864679639],[27.569485859409745,47.206861602982748],[27.568823856565441,47.207654826795313],[27.568355716857379,47.208215744407418],[27.568320617603622,47.208273664390525],[27.568302689528824,47.208335128273546],[27.568276401117025,47.208425251449476],[27.568274498992846,47.208514949517699],[27.568273467031098,47.208563598555699],[27.568281479462264,47.208636876532971],[27.568298711856038,47.208794483810799],[27.568460835676941,47.20938253114511],[27.568483682469342,47.209439177416769],[27.568506530621757,47.209495822776759],[27.568515913258189,47.209573705641311],[27.568537369387357,47.209751794005712],[27.568537609343668,47.209815273395471],[27.56853785063133,47.209878753677749],[27.56853644211397,47.209885225165216],[27.56853503226619,47.209891695759403],[27.56852728241077,47.209897288968605],[27.56851953253447,47.209902880377697]]]},"properties":{"UAT_ZM_City_Focus_Project.OBJECTID":259,"UAT_ZM_City_Focus_Project.OBJECTID_1":2903,"UAT_ZM_City_Focus_Project.national_1":"Municipiu resedinta de judet","UAT_ZM_City_Focus_Project.sircom":95060,"UAT_ZM_City_Focus_Project.DENLOC":"MUNICIPIUL IASI","UAT_ZM_City_Focus_Project.nom_diacr":"IASI","UAT_ZM_City_Focus_Project.jud":"IASI","UAT_ZM_City_Focus_Project.Shape_Leng":85705.725671599997,"UAT_ZM_City_Focus_Project.OBJECTID_2":2903,"UAT_ZM_City_Focus_Project.national_2":"Municipiu resedinta de judet","UAT_ZM_City_Focus_Project.sircom_1":95060,"UAT_ZM_City_Focus_Project.DENLOC_1":"MUNICIPIUL IASI","UAT_ZM_City_Focus_Project.nom_diac_1":"IASI","UAT_ZM_City_Focus_Project.jud_1":"IASI","UAT_ZM_City_Focus_Project.Shape_Le_1":85705.725671599997,"UAT_ZM_City_Focus_Project.Shape_Ar_1":91509710.556799993,"UAT_ZM_City_Focus_Project.siruta":95060,"UAT_ZM_City_Focus_Project.Ordine":1701,"UAT_ZM_City_Focus_Project.IM_comuna":" MUNICIPIUL IASI","UAT_ZM_City_Focus_Project.Judet":"IASI","UAT_ZM_City_Focus_Project.JUDET2":"IS","UAT_ZM_City_Focus_Project.Rural_Town":2,"UAT_ZM_City_Focus_Project.Zone_metro":28,"UAT_ZM_City_Focus_Project.Zone_lege_":28,"UAT_ZM_City_Focus_Project.EMPLOYEES":119791,"UAT_ZM_City_Focus_Project.Are_ZM":1,"UAT_ZM_City_Focus_Project.Inel":0,"UAT_ZM_City_Focus_Project.Shape_Length":85665.580405193614,"UAT_ZM_City_Focus_Project.Shape_Area":91423922.704245597,"UAT_ZM_City_Focus_Project.Sup":91.423922704245598,"Ind_rezilienta_ExcelToTable2.OBJECTID":198,"Ind_rezilienta_ExcelToTable2.JUD":"IASI","Ind_rezilienta_ExcelToTable2.ZM":"Iasi","Ind_rezilienta_ExcelToTable2.SIRUTA":95060,"Ind_rezilienta_ExcelToTable2.Atractivitate":11.350716789965499,"Ind_rezilienta_ExcelToTable2.Age_dep_2025":47.666617315889134,"Ind_rezilienta_ExcelToTable2.Education":43.266747029447203,"Ind_rezilienta_ExcelToTable2.HDI":67.85843788272669,"Ind_rezilienta_ExcelToTable2.Economic_diversity":2.5375635068825741,"Ind_rezilienta_ExcelToTable2.Employment_R":1,"Ind_rezilienta_ExcelToTable2.Capital_material_local":1.2823242381660012,"Ind_rezilienta_ExcelToTable2.Tur_R":1.0675298556776065,"Ind_rezilienta_ExcelToTable2.Paturi_spital_2022":5546,"Ind_rezilienta_ExcelToTable2.Paturi_loc":18.734218491315456,"Ind_rezilienta_ExcelToTable2.Densitatea":3238.0565669310686,"Ind_rezilienta_ExcelToTable2.Suprafata":91.423923000000002,"Ind_rezilienta_ExcelToTable2.POP_GHSL":296035.83424475038,"Ind_rezilienta_ExcelToTable2.DENLOC":"MUNICIPIUL IASI","Ind_rezilienta_ExcelToTable2.Proc_15min":78.92003135407893,"Ind_rezilienta_ExcelToTable2.T_avg_categorii":9.8516020878719335,"Ind_rezilienta_ExcelToTable2.Avg_Leisure":7.0049196139907943,"Ind_rezilienta_ExcelToTable2.Avg_Green":7.3367614599859863,"Ind_rezilienta_ExcelToTable2.Avg_Education":10.217593909196212,"Ind_rezilienta_ExcelToTable2.Avg_Health":13.803341853687003,"Ind_rezilienta_ExcelToTable2.Avg_Food":10.895393602499633,"Ind_rezilienta_ExcelToTable2.T_avg_facilitati":13.52576651404163,"Ind_rezilienta_ExcelToTable2.Avg_parcuri":13.703325569654446,"Ind_rezilienta_ExcelToTable2.Avg_restaurant":10.21783050860239,"Ind_rezilienta_ExcelToTable2.Avg_farma":13.803341853687003,"Ind_rezilienta_ExcelToTable2.Avg_scoala":10.217593909196212,"Ind_rezilienta_ExcelToTable2.Avg_church":10.951176917920538,"Ind_rezilienta_ExcelToTable2.Avg_bookstore":19.850667271263681,"Ind_rezilienta_ExcelToTable2.Avg_convenience":14.724786300047958,"Ind_rezilienta_ExcelToTable2.Avg_gym":14.370309567454409,"Ind_rezilienta_ExcelToTable2.Avg_super":13.892866728548244,"Ind_rezilienta_ExcelToTable2.W_acc_index":0.094262202338448953,"Ind_rezilienta_ExcelToTable2.W_leisure_norm":0.093969426504955447,"Ind_rezilienta_ExcelToTable2.W_green_norm":0.094669778086614767,"Ind_rezilienta_ExcelToTable2.W_education_norm":0.094344508255441051,"Ind_rezilienta_ExcelToTable2.W_health_norm":0.094326388130733546,"Ind_rezilienta_ExcelToTable2.W_food_norm":0.094000910714497676,"Ind_rezilienta_ExcelToTable2.W_acc_index_norm":0.99752557306072587,"Ind_rezilienta_ExcelToTable2.Resilience_Index":0.71932813330407108,"Ind_rezilienta_ExcelToTable2.Resilience_Index_01":0.59648202799042738,"UAT_ZM_City_Focus_Project.AdminArea_m2":91423922.704245597,"UAT_ZM_City_Focus_Project.GreenPct":14.177607012778246,"UAT_ZM_City_Focus_Project.Nr_proc":0.00111013604}}]}